"Date","Price_oil","Price_1"
"2000-01-04",25.56,2.16
"2000-01-05",24.65,2.17
"2000-01-06",24.79,2.18
"2000-01-07",24.79,2.19
"2000-01-10",24.71,2.2
"2000-01-11",25.69,2.23
"2000-01-12",26.3,2.25
"2000-01-13",26.63,2.29
"2000-01-14",28.01,2.28
"2000-01-17",27.32,2.285
"2000-01-18",28.98,2.35
"2000-01-19",29.11,2.4
"2000-01-20",29.67,2.53
"2000-01-21",29.71,2.55
"2000-01-24",29.25,2.55
"2000-01-25",30.28,2.66
"2000-01-26",27.66,2.73
"2000-01-27",27.22,2.76
"2000-01-28",27.27,2.84
"2000-01-31",27.65,2.69
"2000-02-01",28.28,2.81
"2000-02-02",27.52,2.91
"2000-02-03",28.26,2.85
"2000-02-04",28.67,2.78
"2000-02-07",28.4,2.81
"2000-02-08",28.05,2.6
"2000-02-09",28.71,2.62
"2000-02-10",29.49,2.65
"2000-02-11",29.51,2.65
"2000-02-14",30.3,2.61
"2000-02-15",30.17,2.61
"2000-02-16",30.01,2.65
"2000-02-17",29.37,2.66
"2000-02-18",29.51,2.65
"2000-02-21",29.44,2.655
"2000-02-22",29.63,2.55
"2000-02-23",30.19,2.5
"2000-02-24",30.23,2.52
"2000-02-25",30.34,2.51
"2000-02-28",30.11,2.6
"2000-02-29",30.57,2.65
"2000-03-01",31.71,2.71
"2000-03-02",31.51,2.8
"2000-03-03",31.46,2.72
"2000-03-06",32.19,2.76
"2000-03-07",33.9,2.78
"2000-03-08",31.22,2.74
"2000-03-09",31.61,2.69
"2000-03-10",31.76,2.715
"2000-03-13",32.11,2.79
"2000-03-14",31.93,2.83
"2000-03-15",30.47,2.76
"2000-03-16",31.1,2.84
"2000-03-17",30.86,2.81
"2000-03-20",29.33,2.73
"2000-03-21",28.01,2.74
"2000-03-22",27.28,2.78
"2000-03-23",27.47,2.76
"2000-03-24",27.86,2.82
"2000-03-27",27.59,2.82
"2000-03-28",27.1,2.94
"2000-03-29",26.36,2.92
"2000-03-30",26.67,2.83
"2000-03-31",26.86,2.88
"2000-04-03",26.28,2.92
"2000-04-04",25.46,2.87
"2000-04-05",25.76,2.86
"2000-04-06",25.51,2.98
"2000-04-07",24.97,2.99
"2000-04-10",23.91,2.97
"2000-04-11",24.17,2.98
"2000-04-12",25.49,3.05
"2000-04-13",25.29,3.05
"2000-04-14",25.48,3.11
"2000-04-17",26.06,3.13
"2000-04-18",25.92,3.12
"2000-04-19",27.38,3.12
"2000-04-20",27.29,3.07
"2000-04-21",27.335,3.095
"2000-04-24",27.41,3.12
"2000-04-25",26.41,3.18
"2000-04-26",24.69,3.12
"2000-04-27",25.53,3.06
"2000-04-28",25.71,3.09
"2000-05-01",25.84,3.16
"2000-05-02",26.86,3.2
"2000-05-03",26.6,3.18
"2000-05-04",27.08,3.09
"2000-05-05",27.37,3.11
"2000-05-08",28.05,3.12
"2000-05-09",28.46,3.25
"2000-05-10",28.1,3.2
"2000-05-11",29.25,3.37
"2000-05-12",29.64,3.35
"2000-05-15",29.95,3.37
"2000-05-16",29.76,3.45
"2000-05-17",29.38,3.49
"2000-05-18",30.28,3.73
"2000-05-19",30.02,3.76
"2000-05-22",28.62,3.95
"2000-05-23",28.61,3.85
"2000-05-24",29.89,3.94
"2000-05-25",30.43,4.18
"2000-05-26",29.76,4.29
"2000-05-29",30.095,4.235
"2000-05-30",30.36,4.35
"2000-05-31",29.03,4.52
"2000-06-01",30.19,4.39
"2000-06-02",30.34,4.21
"2000-06-05",29.87,4.17
"2000-06-06",29.78,4.48
"2000-06-07",29.29,4.23
"2000-06-08",29.78,3.96
"2000-06-09",30.22,4.14
"2000-06-12",31.76,4.22
"2000-06-13",32.73,4.27
"2000-06-14",32.72,4.16
"2000-06-15",32.7,4.38
"2000-06-16",32.35,4.45
"2000-06-19",31.57,4.38
"2000-06-20",33.07,4.02
"2000-06-21",33.64,4.14
"2000-06-22",34.72,4.44
"2000-06-23",34.76,4.42
"2000-06-26",31.56,4.37
"2000-06-27",32.01,4.55
"2000-06-28",31.86,4.44
"2000-06-29",32.73,4.25
"2000-06-30",32.44,4.36
"2000-07-03",32.585,4.36
"2000-07-04",32.5125,4.36
"2000-07-05",30.76,4.24
"2000-07-06",30.19,4.02
"2000-07-07",30.26,4
"2000-07-10",29.51,4.19
"2000-07-11",29.61,4.17
"2000-07-12",30.34,4.29
"2000-07-13",31.41,4.08
"2000-07-14",31.31,4.17
"2000-07-17",30.71,4.13
"2000-07-18",31.94,3.99
"2000-07-19",31.1,4.07
"2000-07-20",30.94,3.86
"2000-07-21",28.56,3.88
"2000-07-24",27.97,3.74
"2000-07-25",27.89,3.63
"2000-07-26",27.81,3.59
"2000-07-27",28.21,3.75
"2000-07-28",28.22,3.89
"2000-07-31",27.5,3.75
"2000-08-01",27.85,3.78
"2000-08-02",28.27,4.05
"2000-08-03",28.92,4.23
"2000-08-04",29.94,4.25
"2000-08-07",28.93,4.39
"2000-08-08",29.26,4.46
"2000-08-09",30.38,4.48
"2000-08-10",31.09,4.43
"2000-08-11",31.02,4.44
"2000-08-14",31.92,4.42
"2000-08-15",31.43,4.24
"2000-08-16",31.91,4.24
"2000-08-17",31.88,4.35
"2000-08-18",31.97,4.38
"2000-08-21",32.42,4.6
"2000-08-22",31.24,4.8
"2000-08-23",31.23,4.67
"2000-08-24",33.41,4.53
"2000-08-25",34.01,4.55
"2000-08-28",32.92,4.62
"2000-08-29",32.73,4.6
"2000-08-30",33.25,4.61
"2000-08-31",33.09,4.76
"2000-09-01",33.42,4.7
"2000-09-04",33.255,4.73
"2000-09-05",33.92,4.81
"2000-09-06",34.97,4.89
"2000-09-07",35.18,4.85
"2000-09-08",33.62,4.74
"2000-09-11",35.14,4.85
"2000-09-12",34.25,4.96
"2000-09-13",33.87,5.06
"2000-09-14",34.37,5.1
"2000-09-15",35.87,5.28
"2000-09-18",36.75,5.06
"2000-09-19",36.96,5.22
"2000-09-20",37.22,5.24
"2000-09-21",33.84,5.16
"2000-09-22",32.66,5.16
"2000-09-25",31.5,5.12
"2000-09-26",31.78,5.28
"2000-09-27",31.23,5.34
"2000-09-28",30.26,5.2
"2000-09-29",30.87,5.1
"2000-10-02",32.05,5.24
"2000-10-03",31.86,5.29
"2000-10-04",30.91,5.22
"2000-10-05",30.66,5.21
"2000-10-06",30.86,5.04
"2000-10-09",31.98,5.09
"2000-10-10",33.29,5.16
"2000-10-11",33.2,5.1
"2000-10-12",36.06,5.54
"2000-10-13",34.96,5.43
"2000-10-16",33.18,5.34
"2000-10-17",33.36,5.27
"2000-10-18",33.51,5.36
"2000-10-19",33.06,5.04
"2000-10-20",34.31,4.84
"2000-10-23",34.9,4.82
"2000-10-24",34.53,4.84
"2000-10-25",33.62,4.64
"2000-10-26",33.75,4.61
"2000-10-27",32.78,4.48
"2000-10-30",32.86,4.56
"2000-10-31",32.7,4.37
"2000-11-01",33.14,4.4
"2000-11-02",32.59,4.5
"2000-11-03",32.62,4.64
"2000-11-06",33.02,4.6
"2000-11-07",33.44,4.68
"2000-11-08",32.92,4.92
"2000-11-09",33.87,5.34
"2000-11-10",34.05,5.24
"2000-11-13",34.3,5.59
"2000-11-14",34.72,5.81
"2000-11-15",35.54,5.95
"2000-11-16",34.84,5.94
"2000-11-17",35.62,5.62
"2000-11-20",35.98,6.23
"2000-11-21",35.54,6.35
"2000-11-22",36.06,6.3
"2000-11-23",35.8,6.325
"2000-11-24",36.06,6.3125
"2000-11-27",36.24,6.24
"2000-11-28",34.02,5.9
"2000-11-29",34.58,5.93
"2000-11-30",33.61,6.31
"2000-12-01",32.06,6.53
"2000-12-04",31.28,7.41
"2000-12-05",29.25,8.03
"2000-12-06",30.24,8.75
"2000-12-07",29.36,8.48
"2000-12-08",28.31,8.13
"2000-12-11",29.75,9.96
"2000-12-12",29.81,8.58
"2000-12-13",28.75,7.8
"2000-12-14",28.06,7.48
"2000-12-15",28.86,8.03
"2000-12-18",29.52,9.28
"2000-12-19",29.34,9.11
"2000-12-20",25.83,9.95
"2000-12-21",26.06,10.49
"2000-12-22",26.16,10.48
"2000-12-25",26.11,10.485
"2000-12-26",27,10.23
"2000-12-27",26.55,9.58
"2000-12-28",25.82,9.22
"2000-12-29",26.72,10.48
"2001-01-01",26.27,9.85
"2001-01-02",27.29,9.97
"2001-01-03",27.93,9.71
"2001-01-04",27.95,9.45
"2001-01-05",28.02,10.03
"2001-01-08",27.44,10.31
"2001-01-09",27.72,9.95
"2001-01-10",29.42,9.91
"2001-01-11",29.42,8.95
"2001-01-12",30.07,8.75
"2001-01-15",29.745,8.85
"2001-01-16",30.19,8.16
"2001-01-17",29.77,7.85
"2001-01-18",30.42,7.09
"2001-01-19",32.12,7.61
"2001-01-22",32.21,7.7
"2001-01-23",31.66,7.02
"2001-01-24",31.46,6.81
"2001-01-25",31.61,6.81
"2001-01-26",29.79,7
"2001-01-29",29.07,6.76
"2001-01-30",29.12,5.96
"2001-01-31",28.62,5.83
"2001-02-01",29.88,5.82
"2001-02-02",31.27,6.76
"2001-02-05",30.55,6.15
"2001-02-06",30.27,5.59
"2001-02-07",31.27,5.67
"2001-02-08",31.57,6.24
"2001-02-09",30.93,6.24
"2001-02-12",30.52,5.74
"2001-02-13",30.12,5.58
"2001-02-14",29.55,5.89
"2001-02-15",28.96,5.35
"2001-02-16",29.22,5.57
"2001-02-19",29.09,5.46
"2001-02-20",28.6,5.17
"2001-02-21",28.64,5.2
"2001-02-22",28.52,5.11
"2001-02-23",28.83,5.05
"2001-02-26",28.27,5.07
"2001-02-27",28.26,5.07
"2001-02-28",27.35,5.25
"2001-03-01",27.78,5.25
"2001-03-02",27.89,5.06
"2001-03-05",28.61,5.32
"2001-03-06",28.4,5.27
"2001-03-07",28.95,5.22
"2001-03-08",28.31,5.25
"2001-03-09",27.97,5.13
"2001-03-12",27.91,4.98
"2001-03-13",27.45,5.08
"2001-03-14",26.49,4.99
"2001-03-15",26.56,5.27
"2001-03-16",26.68,5.27
"2001-03-19",26.17,5.27
"2001-03-20",25.99,5.27
"2001-03-21",26.43,5.16
"2001-03-22",26.19,5.16
"2001-03-23",27.31,5.16
"2001-03-26",27.4,5.23
"2001-03-27",27.62,5.47
"2001-03-28",26.43,5.6
"2001-03-29",26.47,5.31
"2001-03-30",26.37,5.35
"2001-04-02",25.7,5.25
"2001-04-03",26.65,5.25
"2001-04-04",27.16,5.24
"2001-04-05",27.24,5.27
"2001-04-06",27.07,5.33
"2001-04-09",27.45,5.45
"2001-04-10",28.47,5.55
"2001-04-11",28.42,5.45
"2001-04-12",28.75,5.32
"2001-04-13",28.585,5.385
"2001-04-16",28.81,5.48
"2001-04-17",27.89,5.36
"2001-04-18",27.83,5.15
"2001-04-19",27.92,5.06
"2001-04-20",27,5
"2001-04-23",26.97,5.09
"2001-04-24",25.24,5.13
"2001-04-25",25.93,4.98
"2001-04-26",28.47,4.92
"2001-04-27",28.35,4.83
"2001-04-30",28.48,4.73
"2001-05-01",28.37,4.55
"2001-05-02",27.89,4.54
"2001-05-03",28.66,4.46
"2001-05-04",28.41,4.5
"2001-05-07",27.79,4.33
"2001-05-08",27.35,4.22
"2001-05-09",28.39,4.15
"2001-05-10",28.5,4.17
"2001-05-11",28.59,4.25
"2001-05-14",28.83,4.28
"2001-05-15",28.9,4.46
"2001-05-16",28.77,4.46
"2001-05-17",29.02,4.2
"2001-05-18",29.9,4.15
"2001-05-21",29.96,4.14
"2001-05-22",29.75,4.04
"2001-05-23",28.85,4.11
"2001-05-24",27.97,4.12
"2001-05-25",28.08,3.83
"2001-05-28",28.025,3.975
"2001-05-29",28.76,3.86
"2001-05-30",28.71,3.66
"2001-05-31",28.39,3.73
"2001-06-01",27.88,3.7
"2001-06-04",28.14,3.98
"2001-06-05",27.84,3.93
"2001-06-06",27.56,3.76
"2001-06-07",27.91,3.68
"2001-06-08",28.43,3.62
"2001-06-11",28.94,3.91
"2001-06-12",29.13,4.05
"2001-06-13",28.81,4.13
"2001-06-14",29.12,3.92
"2001-06-15",28.52,3.86
"2001-06-18",27.55,3.91
"2001-06-19",27.49,3.96
"2001-06-20",26.52,3.83
"2001-06-21",26.85,3.69
"2001-06-22",27.02,3.68
"2001-06-25",27.11,3.56
"2001-06-26",26.97,3.46
"2001-06-27",25.67,3.39
"2001-06-28",25.75,3.2
"2001-06-29",26.37,2.91
"2001-07-02",26.02,2.92
"2001-07-03",26.28,3
"2001-07-04",26.15,2.96
"2001-07-05",27.07,3.09
"2001-07-06",28.1,2.99
"2001-07-09",27.63,3.1
"2001-07-10",27.22,3.2
"2001-07-11",27.07,3.21
"2001-07-12",26.85,3.29
"2001-07-13",26.57,3.15
"2001-07-16",26.02,3.08
"2001-07-17",25.33,3.14
"2001-07-18",24.65,3.15
"2001-07-19",24.65,3.01
"2001-07-20",25.67,2.97
"2001-07-23",25.88,3.02
"2001-07-24",26.18,3
"2001-07-25",26.71,3.06
"2001-07-26",26.74,3.26
"2001-07-27",26.98,3.06
"2001-07-30",26.6,3.28
"2001-07-31",26.7,3.31
"2001-08-01",26.83,3.27
"2001-08-02",27.86,3.15
"2001-08-03",27.51,3.06
"2001-08-06",27.7,3.07
"2001-08-07",28.17,3.16
"2001-08-08",27.62,3.11
"2001-08-09",27.72,3.1
"2001-08-10",28.12,2.99
"2001-08-13",27.85,3
"2001-08-14",28.1,3.05
"2001-08-15",27.51,3.15
"2001-08-16",27.47,3.46
"2001-08-17",26.65,3.24
"2001-08-20",27.2,3.17
"2001-08-21",27.93,3.18
"2001-08-22",27.17,3.2
"2001-08-23",25.63,2.87
"2001-08-24",28.34,2.77
"2001-08-27",26.69,2.61
"2001-08-28",27.16,2.57
"2001-08-29",27.07,2.46
"2001-08-30",26.65,2.47
"2001-08-31",26.65,2.15
"2001-09-03",26.65,2.31
"2001-09-04",26.94,2.23
"2001-09-05",27.03,2.34
"2001-09-06",27.54,2.43
"2001-09-07",27.99,2.36
"2001-09-10",27.66,2.38
"2001-09-11",27.65,2.38
"2001-09-12",27.64,2.44
"2001-09-13",28.58,2.39
"2001-09-14",29.59,2.41
"2001-09-17",28.84,2.36
"2001-09-18",27.81,2.18
"2001-09-19",26.73,2.13
"2001-09-20",26.6,2.06
"2001-09-21",25.46,2.04
"2001-09-24",21.46,1.99
"2001-09-25",21.63,1.94
"2001-09-26",22.4,1.88
"2001-09-27",22.8,1.9
"2001-09-28",23.44,1.8
"2001-10-01",23.12,1.74
"2001-10-02",22.7,1.83
"2001-10-03",22.17,1.97
"2001-10-04",22.7,2.13
"2001-10-05",22.32,2.11
"2001-10-08",22.25,2.02
"2001-10-09",22.55,2.11
"2001-10-10",22.51,2.22
"2001-10-11",23.49,2.41
"2001-10-12",22.49,2.28
"2001-10-15",22.37,2.26
"2001-10-16",22.01,2.51
"2001-10-17",21.89,2.61
"2001-10-18",21.33,2.39
"2001-10-19",21.99,2.31
"2001-10-22",21.78,2.61
"2001-10-23",21.28,2.82
"2001-10-24",22,2.67
"2001-10-25",21.75,3.15
"2001-10-26",22.07,3.06
"2001-10-29",22.1,3.21
"2001-10-30",21.83,3.11
"2001-10-31",21.2,3.07
"2001-11-01",20.47,2.99
"2001-11-02",20.24,2.93
"2001-11-05",20,2.87
"2001-11-06",19.93,2.72
"2001-11-07",20.11,2.73
"2001-11-08",21.21,2.68
"2001-11-09",22.23,2.61
"2001-11-12",21.26,2.45
"2001-11-13",21.56,2.38
"2001-11-14",19.63,2.29
"2001-11-15",17.5,1.99
"2001-11-16",18.09,1.69
"2001-11-19",17.74,2.08
"2001-11-20",18.71,2.55
"2001-11-21",18.38,1.91
"2001-11-22",18.545,2.23
"2001-11-23",18.4625,2.07
"2001-11-26",18.69,1.79
"2001-11-27",19.57,1.87
"2001-11-28",19.37,2.3
"2001-11-29",18.55,2.19
"2001-11-30",19.46,1.83
"2001-12-03",20.27,2.1
"2001-12-04",19.71,2
"2001-12-05",19.62,1.89
"2001-12-06",18.69,1.81
"2001-12-07",19.08,2.11
"2001-12-10",18.32,2.28
"2001-12-11",18.04,2.58
"2001-12-12",18.38,2.57
"2001-12-13",18.2,2.4
"2001-12-14",19.31,2.4
"2001-12-17",19.28,2.4
"2001-12-18",19.38,2.4
"2001-12-19",19.37,2.4
"2001-12-20",18.67,2.4
"2001-12-21",19.3,2.4
"2001-12-24",18.985,2.4
"2001-12-25",19.1425,2.4
"2001-12-26",21.32,2.4
"2001-12-27",21.07,2.4
"2001-12-28",20.42,2.4
"2001-12-31",19.96,2.4
"2002-01-01",20.19,2.4
"2002-01-02",21.13,2.55
"2002-01-03",20.65,2.58
"2002-01-04",21.47,2.58
"2002-01-07",21.42,2.58
"2002-01-08",20.82,2.39
"2002-01-09",20.32,2.31
"2002-01-10",20.48,2.32
"2002-01-11",19.67,2.32
"2002-01-14",18.88,2.32
"2002-01-15",18.99,2.32
"2002-01-16",18.96,2.38
"2002-01-17",18.2,2.4
"2002-01-18",18.02,2.28
"2002-01-21",18.11,2.34
"2002-01-22",18.36,2.28
"2002-01-23",19.1,2.28
"2002-01-24",19.57,2.13
"2002-01-25",19.8,2.03
"2002-01-28",20.05,2.03
"2002-01-29",19.3,2.03
"2002-01-30",19.11,2.28
"2002-01-31",19.71,2.28
"2002-02-01",20.4,2.28
"2002-02-04",20.02,2.28
"2002-02-05",20.06,2.28
"2002-02-06",19.77,2.14
"2002-02-07",19.75,2.17
"2002-02-08",20.25,2.21
"2002-02-11",21.29,2.22
"2002-02-12",20.76,2.39
"2002-02-13",21.19,2.37
"2002-02-14",21.19,2.26
"2002-02-15",21.47,2.18
"2002-02-18",21.33,2.22
"2002-02-19",20.77,2.32
"2002-02-20",20.31,2.41
"2002-02-21",20.81,2.4
"2002-02-22",20.92,2.4
"2002-02-25",20.24,2.4
"2002-02-26",21.37,2.46
"2002-02-27",21.4,2.49
"2002-02-28",21.78,2.49
"2002-03-01",22.37,2.51
"2002-03-04",22.55,2.66
"2002-03-05",23.18,2.63
"2002-03-06",23.32,2.52
"2002-03-07",23.62,2.73
"2002-03-08",23.87,2.82
"2002-03-11",24.36,2.9
"2002-03-12",24.55,2.94
"2002-03-13",24.14,2.97
"2002-03-14",24.48,2.78
"2002-03-15",24.47,2.99
"2002-03-18",25.03,3.15
"2002-03-19",25.02,3.33
"2002-03-20",24.92,3.29
"2002-03-21",25.74,3.2
"2002-03-22",25.56,3.57
"2002-03-25",25.69,3.46
"2002-03-26",25.75,3.59
"2002-03-27",25.79,3.35
"2002-03-28",26.21,3.18
"2002-03-29",26,3.265
"2002-04-01",26.82,3.43
"2002-04-02",27.75,3.72
"2002-04-03",27.55,3.68
"2002-04-04",26.64,3.56
"2002-04-05",26.21,3.31
"2002-04-08",26.16,3.36
"2002-04-09",25.45,3.25
"2002-04-10",26.15,3.25
"2002-04-11",24.93,3.14
"2002-04-12",23.51,3.07
"2002-04-15",24.53,3.27
"2002-04-16",24.92,3.44
"2002-04-17",25.94,3.4
"2002-04-18",25.86,3.5
"2002-04-19",26.43,3.4
"2002-04-22",26.28,3.58
"2002-04-23",26.28,3.63
"2002-04-24",26.28,3.53
"2002-04-25",26.36,3.46
"2002-04-26",27.12,3.32
"2002-04-29",27.45,3.44
"2002-04-30",27.32,3.65
"2002-05-01",26.58,3.79
"2002-05-02",26.31,3.65
"2002-05-03",26.75,3.71
"2002-05-06",26.11,3.61
"2002-05-07",26.79,3.5
"2002-05-08",27.76,3.74
"2002-05-09",27.78,3.72
"2002-05-10",27.92,3.7
"2002-05-13",28.62,3.62
"2002-05-14",29.17,3.75
"2002-05-15",28.17,3.6
"2002-05-16",28,3.45
"2002-05-17",28.19,3.41
"2002-05-20",28.24,3.44
"2002-05-21",27.35,3.33
"2002-05-22",27.01,3.39
"2002-05-23",26.6,3.38
"2002-05-24",26.69,3.21
"2002-05-27",26.645,3.295
"2002-05-28",25.08,3.18
"2002-05-29",25.64,3.3
"2002-05-30",24.78,3.33
"2002-05-31",25.37,3.15
"2002-06-03",25.1,3.18
"2002-06-04",25.32,3.31
"2002-06-05",25.02,3.29
"2002-06-06",24.89,3.29
"2002-06-07",24.72,3.11
"2002-06-10",24.24,3.14
"2002-06-11",24.21,3.11
"2002-06-12",24.79,3.15
"2002-06-13",25.54,3.04
"2002-06-14",25.9,3.13
"2002-06-17",25.98,3.34
"2002-06-18",25.36,3.23
"2002-06-19",25.57,3.24
"2002-06-20",25.62,3.33
"2002-06-21",25.51,3.18
"2002-06-24",26.31,3.33
"2002-06-25",26.06,3.49
"2002-06-26",26.67,3.92
"2002-06-27",26.77,3.22
"2002-06-28",26.79,3.2
"2002-07-01",26.79,3.28
"2002-07-02",26.83,3.17
"2002-07-03",26.82,3.08
"2002-07-04",26.825,3.125
"2002-07-05",26.8225,3.1025
"2002-07-08",26.14,3.06
"2002-07-09",26.16,2.97
"2002-07-10",26.73,3.04
"2002-07-11",27.01,2.85
"2002-07-12",27.48,2.87
"2002-07-15",27.23,2.83
"2002-07-16",27.68,2.89
"2002-07-17",27.88,2.97
"2002-07-18",27.5,2.85
"2002-07-19",27.83,2.95
"2002-07-22",26.61,3.01
"2002-07-23",26.61,2.95
"2002-07-24",26.78,2.91
"2002-07-25",26.67,3.05
"2002-07-26",26.55,2.94
"2002-07-29",26.54,3.07
"2002-07-30",27.43,2.97
"2002-07-31",27.02,3.02
"2002-08-01",26.51,3.07
"2002-08-02",26.87,2.9
"2002-08-05",26.55,2.81
"2002-08-06",27.18,2.8
"2002-08-07",26.58,2.73
"2002-08-08",26.67,2.75
"2002-08-09",26.87,2.83
"2002-08-12",27.84,2.91
"2002-08-13",28.35,3.01
"2002-08-14",28.19,3.03
"2002-08-15",28.99,2.92
"2002-08-16",29.24,3.1
"2002-08-19",29.86,3.1
"2002-08-20",30.12,3.25
"2002-08-21",30.37,3.22
"2002-08-22",30.11,3.36
"2002-08-23",29.99,3.48
"2002-08-26",29.23,3.51
"2002-08-27",28.84,3.47
"2002-08-28",28.31,3.31
"2002-08-29",28.83,3.25
"2002-08-30",28.97,3.12
"2002-09-02",28.9,3.185
"2002-09-03",27.76,3.1
"2002-09-04",28.28,3.13
"2002-09-05",29.06,3.2
"2002-09-06",29.51,3.39
"2002-09-09",29.8,3.24
"2002-09-10",29.62,3.35
"2002-09-11",29.77,3.33
"2002-09-12",28.95,3.22
"2002-09-13",29.83,3.37
"2002-09-16",29.14,3.45
"2002-09-17",29.08,3.46
"2002-09-18",29.57,3.8
"2002-09-19",29.49,3.9
"2002-09-20",29.65,3.95
"2002-09-23",30.85,3.87
"2002-09-24",30.79,4
"2002-09-25",30.69,3.76
"2002-09-26",30.31,3.61
"2002-09-27",30.53,3.76
"2002-09-30",30.59,4.09
"2002-10-01",30.71,4.41
"2002-10-02",30.59,4.27
"2002-10-03",29.73,4.23
"2002-10-04",29.65,3.86
"2002-10-07",29.65,3.77
"2002-10-08",29.56,3.86
"2002-10-09",29.31,3.91
"2002-10-10",28.96,3.93
"2002-10-11",29.36,3.8
"2002-10-14",30.06,4.19
"2002-10-15",29.73,4.19
"2002-10-16",29.28,4.1
"2002-10-17",29.61,4.1
"2002-10-18",29.56,4.11
"2002-10-21",28.31,4.23
"2002-10-22",27.93,4.2
"2002-10-23",28.19,4.24
"2002-10-24",27.87,4.3
"2002-10-25",27.09,4.12
"2002-10-28",27.25,4.16
"2002-10-29",26.81,4.2
"2002-10-30",26.85,4.34
"2002-10-31",27.18,4.39
"2002-11-01",27.04,4.07
"2002-11-04",26.89,3.94
"2002-11-05",26.06,3.9
"2002-11-06",25.72,3.92
"2002-11-07",25.36,3.9
"2002-11-08",25.83,3.76
"2002-11-11",26.02,3.83
"2002-11-12",26.19,3.83
"2002-11-13",25.28,3.83
"2002-11-14",25.4,3.9
"2002-11-15",25.5,3.92
"2002-11-18",26.71,4.18
"2002-11-19",26.41,4.25
"2002-11-20",27,4.27
"2002-11-21",27.07,4.24
"2002-11-22",27.73,4.32
"2002-11-25",27.01,4.34
"2002-11-26",26.6,4.23
"2002-11-27",26.87,4.19
"2002-11-28",26.735,4.21
"2002-11-29",26.8025,4.2
"2002-12-02",27.27,4.23
"2002-12-03",27.34,4.35
"2002-12-04",26.8,4.24
"2002-12-05",27.27,4.35
"2002-12-06",27.03,4.39
"2002-12-09",27.29,4.32
"2002-12-10",27.73,4.4
"2002-12-11",27.49,4.63
"2002-12-12",28.2,4.81
"2002-12-13",28.39,5.05
"2002-12-16",30.15,5.31
"2002-12-17",30.04,5.13
"2002-12-18",30.41,4.98
"2002-12-19",30.57,5.14
"2002-12-20",30.57,5.05
"2002-12-23",32.09,5.03
"2002-12-24",32.13,5.03
"2002-12-25",32.11,5.03
"2002-12-26",32.61,4.98
"2002-12-27",32.68,4.81
"2002-12-30",31.41,4.74
"2002-12-31",31.21,4.59
"2003-01-01",31.31,4.665
"2003-01-02",31.97,4.93
"2003-01-03",33.26,5.13
"2003-01-06",32.29,4.94
"2003-01-07",31.2,4.89
"2003-01-08",30.66,5.07
"2003-01-09",31.95,5.05
"2003-01-10",31.59,5.19
"2003-01-13",32.08,5.23
"2003-01-14",32.42,5.25
"2003-01-15",33.23,5.21
"2003-01-16",33.58,5.5
"2003-01-17",33.88,5.66
"2003-01-20",33.73,5.58
"2003-01-21",34.62,5.47
"2003-01-22",34.32,5.72
"2003-01-23",33.9,6.55
"2003-01-24",34.98,5.91
"2003-01-27",32.43,5.91
"2003-01-28",32.7,5.52
"2003-01-29",33.54,5.61
"2003-01-30",33.78,5.76
"2003-01-31",33.51,5.58
"2003-02-03",32.84,5.71
"2003-02-04",33.61,6.26
"2003-02-05",33.91,6.22
"2003-02-06",34.36,6.08
"2003-02-07",35.05,6.3
"2003-02-10",34.46,6.35
"2003-02-11",35.43,6.19
"2003-02-12",35.83,6.19
"2003-02-13",36.63,5.81
"2003-02-14",36.61,5.88
"2003-02-17",36.62,5.845
"2003-02-18",36.88,6.09
"2003-02-19",37.02,6.1
"2003-02-20",36.45,6.38
"2003-02-21",36.76,6.73
"2003-02-24",37.29,11.98
"2003-02-25",36.06,18.48
"2003-02-26",37.96,10.47
"2003-02-27",36.83,8.42
"2003-02-28",36.76,10.81
"2003-03-03",36.1,8.51
"2003-03-04",36.95,7.71
"2003-03-05",36.86,7.8
"2003-03-06",37.21,7.57
"2003-03-07",37.76,7.42
"2003-03-10",37.18,6.78
"2003-03-11",36.81,6.25
"2003-03-12",37.87,5.8
"2003-03-13",36.05,5.71
"2003-03-14",35.41,5.17
"2003-03-17",34.92,5.32
"2003-03-18",31.55,5.13
"2003-03-19",30.01,5.2
"2003-03-20",28.62,5.2
"2003-03-21",27.18,5.05
"2003-03-24",29.51,5.07
"2003-03-25",33.42,5.07
"2003-03-26",28.71,4.9
"2003-03-27",30.31,4.87
"2003-03-28",30.21,5.06
"2003-03-31",31.14,5.01
"2003-04-01",29.48,4.9
"2003-04-02",28.55,4.89
"2003-04-03",29.05,4.91
"2003-04-04",28.41,4.86
"2003-04-07",27.76,4.98
"2003-04-08",27.97,5.21
"2003-04-09",28.93,5.11
"2003-04-10",27.2,5.18
"2003-04-11",28.28,5.28
"2003-04-14",28.41,5.29
"2003-04-15",29.46,5.53
"2003-04-16",29.16,5.62
"2003-04-17",30.1,5.54
"2003-04-18",29.63,5.58
"2003-04-21",30.76,5.55
"2003-04-22",29.92,5.58
"2003-04-23",28.04,5.58
"2003-04-24",27.52,5.46
"2003-04-25",25.92,5.39
"2003-04-28",25.25,5.3
"2003-04-29",25.32,5.12
"2003-04-30",26.09,5.25
"2003-05-01",26.05,5.32
"2003-05-02",25.74,5.24
"2003-05-05",26.43,5.36
"2003-05-06",25.65,5.64
"2003-05-07",26.24,5.49
"2003-05-08",26.94,5.65
"2003-05-09",27.65,5.73
"2003-05-12",27.34,5.91
"2003-05-13",28.51,5.98
"2003-05-14",29.21,6.17
"2003-05-15",28.57,6.24
"2003-05-16",29.07,5.96
"2003-05-19",28.84,6.08
"2003-05-20",29.29,5.93
"2003-05-21",29.51,6.08
"2003-05-22",29.09,6.09
"2003-05-23",29.74,5.92
"2003-05-26",29.415,6.005
"2003-05-27",29.24,5.84
"2003-05-28",28.46,5.71
"2003-05-29",29.15,5.76
"2003-05-30",29.56,5.99
"2003-06-02",30.72,6.22
"2003-06-03",30.78,6.25
"2003-06-04",29.81,6.4
"2003-06-05",30.84,6.17
"2003-06-06",31.26,6.25
"2003-06-09",31.36,6.25
"2003-06-10",31.72,6.08
"2003-06-11",32.17,6.06
"2003-06-12",31.41,5.86
"2003-06-13",30.63,5.44
"2003-06-16",31.14,5.45
"2003-06-17",31.08,5.66
"2003-06-18",30.28,5.53
"2003-06-19",29.86,5.53
"2003-06-20",30.63,5.68
"2003-06-23",30.22,5.89
"2003-06-24",30.05,5.84
"2003-06-25",31.65,5.64
"2003-06-26",28.97,5.49
"2003-06-27",29.18,5.19
"2003-06-30",30.15,5.31
"2003-07-01",30.41,5.22
"2003-07-02",30.29,5.05
"2003-07-03",30.39,4.96
"2003-07-04",30.34,5.005
"2003-07-07",30.08,5.2
"2003-07-08",30.32,5.4
"2003-07-09",30.87,5.56
"2003-07-10",31.04,5.4
"2003-07-11",31.33,5.22
"2003-07-14",31.2,5.15
"2003-07-15",31.6,5.17
"2003-07-16",31.2,5
"2003-07-17",31.44,4.96
"2003-07-18",31.96,5.01
"2003-07-21",31.67,5.11
"2003-07-22",30.2,5.04
"2003-07-23",30.13,4.88
"2003-07-24",30.72,4.86
"2003-07-25",30.31,4.68
"2003-07-28",29.98,4.68
"2003-07-29",30.21,4.72
"2003-07-30",30.69,4.68
"2003-07-31",30.56,4.63
"2003-08-01",32.23,4.71
"2003-08-04",31.8,4.81
"2003-08-05",32.34,4.71
"2003-08-06",31.77,4.74
"2003-08-07",32.41,4.85
"2003-08-08",32.23,5.02
"2003-08-11",31.91,5.08
"2003-08-12",31.91,5.06
"2003-08-13",30.85,5.17
"2003-08-14",30.85,5.1
"2003-08-15",31.01,4.83
"2003-08-18",30.81,4.94
"2003-08-19",30.76,4.99
"2003-08-20",30.96,5.03
"2003-08-21",31.78,5.14
"2003-08-22",31.64,5.24
"2003-08-25",31.43,5.26
"2003-08-26",32.01,5.09
"2003-08-27",31.18,5.11
"2003-08-28",31.41,4.94
"2003-08-29",31.76,4.86
"2003-09-01",31.585,4.9
"2003-09-02",29.57,4.62
"2003-09-03",29.43,4.68
"2003-09-04",28.87,4.7
"2003-09-05",28.93,4.76
"2003-09-08",28.85,4.82
"2003-09-09",29.22,4.7
"2003-09-10",29.41,4.78
"2003-09-11",28.86,4.85
"2003-09-12",28.26,4.66
"2003-09-15",28.15,4.66
"2003-09-16",27.6,4.67
"2003-09-17",27,4.61
"2003-09-18",27.26,4.52
"2003-09-19",26.93,4.33
"2003-09-22",26.97,4.38
"2003-09-23",27,4.51
"2003-09-24",28.19,4.58
"2003-09-25",28.29,4.55
"2003-09-26",28.21,4.42
"2003-09-29",28.35,4.57
"2003-09-30",29.19,4.66
"2003-10-01",29.43,4.47
"2003-10-02",29.83,4.42
"2003-10-03",30.37,4.34
"2003-10-06",30.4,4.4
"2003-10-07",30.48,4.66
"2003-10-08",29.6,4.84
"2003-10-09",30.97,4.78
"2003-10-10",32.01,4.92
"2003-10-13",31.91,4.96
"2003-10-14",31.68,4.84
"2003-10-15",31.74,4.93
"2003-10-16",31.51,4.92
"2003-10-17",30.61,4.53
"2003-10-20",30.37,4.3
"2003-10-21",30.19,4.64
"2003-10-22",30,4.89
"2003-10-23",30.31,4.9
"2003-10-24",29.99,4.78
"2003-10-27",29.95,4.56
"2003-10-28",29.57,4.45
"2003-10-29",28.95,4.51
"2003-10-30",28.67,4.4
"2003-10-31",29.24,3.98
"2003-11-03",28.81,4.12
"2003-11-04",28.86,4.01
"2003-11-05",30.29,4.46
"2003-11-06",30.25,4.74
"2003-11-07",30.73,4.48
"2003-11-10",31.01,4.42
"2003-11-11",31.21,4.52
"2003-11-12",31.37,4.77
"2003-11-13",31.89,4.6
"2003-11-14",32.31,4.62
"2003-11-17",31.75,4.49
"2003-11-18",33.16,4.35
"2003-11-19",32.84,4.46
"2003-11-20",32.87,4.35
"2003-11-21",32.26,4.15
"2003-11-24",29.99,4.57
"2003-11-25",30.02,4.49
"2003-11-26",30.33,4.86
"2003-11-27",30.175,4.675
"2003-11-28",30.2525,4.7675
"2003-12-01",29.89,5.02
"2003-12-02",30.74,5.45
"2003-12-03",30.61,5.45
"2003-12-04",31.24,5.7
"2003-12-05",30.68,6.27
"2003-12-08",32.08,6.06
"2003-12-09",31.72,6.52
"2003-12-10",31.92,6.67
"2003-12-11",32.01,6.56
"2003-12-12",33.06,6.73
"2003-12-15",33.17,6.63
"2003-12-16",32.94,6.58
"2003-12-17",33.36,6.56
"2003-12-18",33.72,6.98
"2003-12-19",32.81,6.92
"2003-12-22",31.71,6.32
"2003-12-23",32.03,5.58
"2003-12-24",32.99,5.5
"2003-12-25",32.51,5.54
"2003-12-26",32.75,5.52
"2003-12-29",32.51,5.46
"2003-12-30",33.01,5.96
"2003-12-31",32.51,5.76
"2004-01-01",32.76,5.86
"2004-01-02",32.635,5.81
"2004-01-05",33.71,6.28
"2004-01-06",33.54,7.04
"2004-01-07",33.57,6.61
"2004-01-08",34.27,6.41
"2004-01-09",34.38,6.91
"2004-01-12",34.92,6.29
"2004-01-13",34.26,6.26
"2004-01-14",34.62,5.73
"2004-01-15",33.61,6.02
"2004-01-16",35.16,5.43
"2004-01-19",34.385,5.725
"2004-01-20",36.21,6.15
"2004-01-21",35.53,6.26
"2004-01-22",35.12,6.03
"2004-01-23",34.94,5.82
"2004-01-26",34.41,5.7
"2004-01-27",33.99,5.87
"2004-01-28",33.63,6.04
"2004-01-29",32.86,5.99
"2004-01-30",33.16,5.8
"2004-02-02",34.02,5.51
"2004-02-03",34.2,5.69
"2004-02-04",33.06,5.74
"2004-02-05",33.26,5.54
"2004-02-06",32.49,5.38
"2004-02-09",32.91,5.44
"2004-02-10",34.03,5.49
"2004-02-11",33.93,5.34
"2004-02-12",34.03,5.35
"2004-02-13",34.51,5.62
"2004-02-16",34.27,5.485
"2004-02-17",35.13,5.43
"2004-02-18",35.42,5.33
"2004-02-19",35.81,5.28
"2004-02-20",35.8,5.19
"2004-02-23",35.75,5.1
"2004-02-24",35.85,5.08
"2004-02-25",37.28,5.1
"2004-02-26",35.45,5.13
"2004-02-27",36.08,5.27
"2004-03-01",36.85,5.17
"2004-03-02",36.6,5.37
"2004-03-03",35.8,5.34
"2004-03-04",36.81,5.17
"2004-03-05",37.31,5.32
"2004-03-08",36.53,5.42
"2004-03-09",36.29,5.34
"2004-03-10",36.21,5.33
"2004-03-11",36.95,5.33
"2004-03-12",36.21,5.52
"2004-03-15",37.44,5.59
"2004-03-16",37.36,5.6
"2004-03-17",38.21,5.61
"2004-03-18",37.81,5.63
"2004-03-19",38.09,5.49
"2004-03-22",37.12,5.46
"2004-03-23",37.81,5.36
"2004-03-24",37.06,5.35
"2004-03-25",35.67,5.22
"2004-03-26",35.61,5.16
"2004-03-29",35.41,5.25
"2004-03-30",36.15,5.4
"2004-03-31",35.75,5.63
"2004-04-01",34.47,5.82
"2004-04-02",34.39,5.69
"2004-04-05",34.29,5.81
"2004-04-06",35.09,5.7
"2004-04-07",36.28,5.76
"2004-04-08",37.14,5.84
"2004-04-09",36.71,5.8
"2004-04-12",37.79,5.85
"2004-04-13",37.09,5.92
"2004-04-14",36.62,5.73
"2004-04-15",37.74,5.68
"2004-04-16",37.7,5.62
"2004-04-19",37.46,5.57
"2004-04-20",37.61,5.46
"2004-04-21",36.61,5.52
"2004-04-22",37.7,5.59
"2004-04-23",37.22,5.53
"2004-04-26",37.02,5.6
"2004-04-27",37.49,5.81
"2004-04-28",37.23,5.8
"2004-04-29",37.5,5.78
"2004-04-30",37.31,5.81
"2004-05-03",38.26,5.8
"2004-05-04",38.86,6.21
"2004-05-05",39.69,6.09
"2004-05-06",39.41,6.22
"2004-05-07",39.98,6.18
"2004-05-10",38.9,6.14
"2004-05-11",40.3,6.24
"2004-05-12",40.3,6.41
"2004-05-13",40.94,6.42
"2004-05-14",41.42,6.43
"2004-05-17",41.53,6.41
"2004-05-18",40.32,6.28
"2004-05-19",41.61,6.18
"2004-05-20",40.92,6.44
"2004-05-21",39.83,6.35
"2004-05-24",42.03,6.48
"2004-05-25",41.45,6.73
"2004-05-26",40.6,6.7
"2004-05-27",39.25,6.51
"2004-05-28",39.9,6.45
"2004-05-31",39.575,6.48
"2004-06-01",42.33,6.45
"2004-06-02",39.96,6.51
"2004-06-03",39.29,6.44
"2004-06-04",38.44,6.15
"2004-06-07",38.72,6.09
"2004-06-08",37.18,6.19
"2004-06-09",37.6,6.04
"2004-06-10",38.45,6
"2004-06-11",38.025,6.02
"2004-06-14",37.58,6.15
"2004-06-15",37.18,6.35
"2004-06-16",37.33,6.38
"2004-06-17",38.51,6.57
"2004-06-18",38.68,6.48
"2004-06-21",37.69,6.42
"2004-06-22",38.11,6.29
"2004-06-23",37.56,6.3
"2004-06-24",37.81,6.41
"2004-06-25",37.34,6.28
"2004-06-28",36.25,6.13
"2004-06-29",35.6,6.02
"2004-06-30",36.92,6.03
"2004-07-01",38.56,5.95
"2004-07-02",38.37,5.88
"2004-07-05",38.465,5.915
"2004-07-06",39.56,6.16
"2004-07-07",39.18,6.27
"2004-07-08",40.27,6.19
"2004-07-09",39.9,5.89
"2004-07-12",39.3,5.95
"2004-07-13",39.55,5.85
"2004-07-14",40.98,5.91
"2004-07-15",40.7,5.92
"2004-07-16",41.1,5.77
"2004-07-19",41.55,5.75
"2004-07-20",40.86,5.8
"2004-07-21",40.63,5.9
"2004-07-22",41.51,5.85
"2004-07-23",41.82,5.98
"2004-07-26",41.45,5.94
"2004-07-27",41.83,5.87
"2004-07-28",42.81,5.77
"2004-07-29",42.69,5.93
"2004-07-30",43.72,6.03
"2004-08-02",43.83,5.86
"2004-08-03",44.13,5.77
"2004-08-04",42.73,5.7
"2004-08-05",44.39,5.54
"2004-08-06",43.95,5.42
"2004-08-09",44.86,5.58
"2004-08-10",44.51,5.78
"2004-08-11",44.72,5.64
"2004-08-12",45.52,5.46
"2004-08-13",46.61,5.27
"2004-08-16",46.02,5.34
"2004-08-17",46.75,5.27
"2004-08-18",47.36,5.36
"2004-08-19",48.66,5.34
"2004-08-20",47.6,5.39
"2004-08-23",46,5.34
"2004-08-24",45.68,5.23
"2004-08-25",43.83,5.32
"2004-08-26",43.06,5.19
"2004-08-27",43.11,5.05
"2004-08-30",42.32,5.05
"2004-08-31",42.23,5.04
"2004-09-01",43.89,5.02
"2004-09-02",44.04,4.75
"2004-09-03",43.94,4.32
"2004-09-06",43.99,4.535
"2004-09-07",43.18,4.41
"2004-09-08",42.77,4.69
"2004-09-09",44.53,4.57
"2004-09-10",42.84,4.57
"2004-09-13",43.86,5.12
"2004-09-14",44.62,5.15
"2004-09-15",43.83,5.17
"2004-09-16",44.03,4.82
"2004-09-17",45.63,4.95
"2004-09-20",46.33,5.22
"2004-09-21",47.11,5.43
"2004-09-22",48.41,5.58
"2004-09-23",48.37,5.58
"2004-09-24",48.86,5.41
"2004-09-27",49.56,5.22
"2004-09-28",49.76,5.45
"2004-09-29",49.53,6.26
"2004-09-30",49.56,6.36
"2004-10-01",50.16,5.38
"2004-10-04",49.85,5.72
"2004-10-05",51.08,6.07
"2004-10-06",51.98,6
"2004-10-07",52.56,6.24
"2004-10-08",53.4,5.59
"2004-10-11",53.65,5.63
"2004-10-12",53.49,5.63
"2004-10-13",53.86,5.38
"2004-10-14",54.69,5.76
"2004-10-15",54.89,5.64
"2004-10-18",53.59,5.64
"2004-10-19",53.28,6.13
"2004-10-20",54.93,7.27
"2004-10-21",54.51,7.35
"2004-10-22",55.83,7.11
"2004-10-25",55.52,7.75
"2004-10-26",56.37,7.78
"2004-10-27",52.52,8.12
"2004-10-28",50.95,6.8
"2004-10-29",51.78,6.43
"2004-11-01",50.1,6.98
"2004-11-02",49.6,6.88
"2004-11-03",50.9,7.25
"2004-11-04",48.8,7.4
"2004-11-05",49.65,6.08
"2004-11-08",49.1,6.62
"2004-11-09",47.4,5.79
"2004-11-10",48.7,6.12
"2004-11-11",47.5,6.19
"2004-11-12",47.3,5.9
"2004-11-15",46.95,6.02
"2004-11-16",46.1,6.57
"2004-11-17",46.85,6.06
"2004-11-18",46.3,5.59
"2004-11-19",48.9,4.81
"2004-11-22",48.48,5.24
"2004-11-23",48.74,5.24
"2004-11-24",49.14,5.01
"2004-11-25",48.94,5.125
"2004-11-26",49.04,5.0675
"2004-11-29",49.71,6.76
"2004-11-30",49.16,6.79
"2004-12-01",45.56,6.78
"2004-12-02",43.31,6.69
"2004-12-03",42.56,6.04
"2004-12-06",42.96,6.05
"2004-12-07",41.51,6.03
"2004-12-08",41.96,5.98
"2004-12-09",42.41,6.04
"2004-12-10",40.71,6.29
"2004-12-13",41.06,6.89
"2004-12-14",41.76,7.1
"2004-12-15",44.21,7.04
"2004-12-16",44.16,6.88
"2004-12-17",46.31,7.26
"2004-12-20",45.57,7.14
"2004-12-21",45.76,6.83
"2004-12-22",44.05,7.05
"2004-12-23",42.19,6.98
"2004-12-24",43.12,7.015
"2004-12-27",41.26,6.57
"2004-12-28",41.78,6.27
"2004-12-29",43.69,6.18
"2004-12-30",43.36,6.02
"2004-12-31",43.525,6.1
"2005-01-03",42.16,5.53
"2005-01-04",43.96,5.71
"2005-01-05",43.41,5.84
"2005-01-06",45.51,5.79
"2005-01-07",45.32,5.82
"2005-01-10",45.31,6.21
"2005-01-11",45.66,5.96
"2005-01-12",46.46,5.89
"2005-01-13",48.11,6.06
"2005-01-14",48.41,6.45
"2005-01-17",48.26,6.255
"2005-01-18",48.46,6.69
"2005-01-19",47.61,6.19
"2005-01-20",47.01,6.27
"2005-01-21",48.31,6.43
"2005-01-24",48.61,6.41
"2005-01-25",49.43,6.44
"2005-01-26",48.8,6.44
"2005-01-27",48.8,6.5
"2005-01-28",47.15,6.23
"2005-01-31",48.25,6.14
"2005-02-01",47.1,6.28
"2005-02-02",46.65,6.38
"2005-02-03",46.4,6.32
"2005-02-04",46.45,6.12
"2005-02-07",45.35,6.02
"2005-02-08",45.4,5.95
"2005-02-09",45.45,6.2
"2005-02-10",47.05,6.21
"2005-02-11",47.15,6.02
"2005-02-14",47.5,5.95
"2005-02-15",47.3,6.01
"2005-02-16",48.35,6.1
"2005-02-17",47.5,6.05
"2005-02-18",48.45,5.88
"2005-02-21",47.975,5.965
"2005-02-22",51,5.92
"2005-02-23",51.73,6.02
"2005-02-24",52.05,6.33
"2005-02-25",52.2,6.24
"2005-02-28",51.75,6.62
"2005-03-01",51.67,6.63
"2005-03-02",53,6.61
"2005-03-03",53.6,6.71
"2005-03-04",53.7,6.51
"2005-03-07",53.9,6.66
"2005-03-08",54.55,6.81
"2005-03-09",54.75,6.99
"2005-03-10",53.52,6.91
"2005-03-11",54.4,6.73
"2005-03-14",54.9,6.86
"2005-03-15",55.05,7.16
"2005-03-16",56.5,7.08
"2005-03-17",56.4,7.25
"2005-03-18",56.8,7.12
"2005-03-21",56.7,7.16
"2005-03-22",55.95,7.24
"2005-03-23",49.43,7.11
"2005-03-24",49.7,7.07
"2005-03-25",49.565,7.09
"2005-03-28",54.06,6.94
"2005-03-29",54.26,6.93
"2005-03-30",53.96,7.18
"2005-03-31",55.31,7.46
"2005-04-01",57.26,7.57
"2005-04-04",56.86,7.8
"2005-04-05",55.83,7.44
"2005-04-06",55.88,7.46
"2005-04-07",54.16,7.5
"2005-04-08",53.46,7.26
"2005-04-11",53.71,7.17
"2005-04-12",51.54,7.34
"2005-04-13",50.21,7.07
"2005-04-14",51.11,7.02
"2005-04-15",50.61,6.95
"2005-04-18",50.52,6.95
"2005-04-19",52.33,6.95
"2005-04-20",52.45,7.1
"2005-04-21",52.49,6.93
"2005-04-22",54.16,7.06
"2005-04-25",53.16,7.27
"2005-04-26",54.33,7.08
"2005-04-27",51.37,7.1
"2005-04-28",51.92,6.67
"2005-04-29",49.2,6.64
"2005-05-02",50.94,6.5
"2005-05-03",49.6,6.61
"2005-05-04",50.22,6.49
"2005-05-05",51.12,6.65
"2005-05-06",51.3,6.67
"2005-05-09",52.04,6.56
"2005-05-10",51.76,6.67
"2005-05-11",50.39,6.63
"2005-05-12",48.83,6.62
"2005-05-13",48.65,6.47
"2005-05-16",48.64,6.45
"2005-05-17",48.97,6.41
"2005-05-18",46.99,6.5
"2005-05-19",47,6.39
"2005-05-20",47.25,6.36
"2005-05-23",48.68,6.33
"2005-05-24",49.14,6.45
"2005-05-25",50.37,6.33
"2005-05-26",50.89,6.3
"2005-05-27",51.65,6.22
"2005-05-30",51.27,6.26
"2005-05-31",52.08,6.31
"2005-06-01",54.4,6.36
"2005-06-02",53.46,6.63
"2005-06-03",55.08,6.65
"2005-06-06",54.46,7.05
"2005-06-07",53.84,7.13
"2005-06-08",52.51,7.22
"2005-06-09",54.36,7.05
"2005-06-10",53.55,7.09
"2005-06-13",55.47,7.08
"2005-06-14",55.03,7.32
"2005-06-15",55.53,7.39
"2005-06-16",56.48,7.41
"2005-06-17",58.4,7.61
"2005-06-20",59.19,7.8
"2005-06-21",58.9,7.46
"2005-06-22",58.27,7.39
"2005-06-23",59.23,7.51
"2005-06-24",59.63,7.45
"2005-06-27",59.78,7.29
"2005-06-28",58.32,7.04
"2005-06-29",57.23,7.08
"2005-06-30",56.63,7.01
"2005-07-01",59.11,7.01
"2005-07-04",57.87,7.01
"2005-07-05",59.71,7.38
"2005-07-06",61.24,7.69
"2005-07-07",60.76,7.62
"2005-07-08",59.71,7.87
"2005-07-11",59.23,7.35
"2005-07-12",60.49,7.79
"2005-07-13",60,7.78
"2005-07-14",57.83,7.99
"2005-07-15",58.36,8.02
"2005-07-18",57.12,7.77
"2005-07-19",57.61,7.7
"2005-07-20",56.73,7.75
"2005-07-21",57.31,7.64
"2005-07-22",57.75,7.41
"2005-07-25",58.16,7.38
"2005-07-26",59.05,7.45
"2005-07-27",59.12,7.52
"2005-07-28",59.91,7.69
"2005-07-29",60.71,7.76
"2005-08-01",61.51,8.03
"2005-08-02",61.87,8.38
"2005-08-03",60.76,8.75
"2005-08-04",61.6,8.55
"2005-08-05",62.44,8.6
"2005-08-08",63.92,8.93
"2005-08-09",63.13,8.7
"2005-08-10",64.8,8.82
"2005-08-11",65.67,9.29
"2005-08-12",66.71,9.59
"2005-08-15",66.21,9.53
"2005-08-16",66.11,9.66
"2005-08-17",63.29,9.99
"2005-08-18",63.47,9.38
"2005-08-19",65.51,9.09
"2005-08-22",65.46,9.44
"2005-08-23",65.81,9.96
"2005-08-24",67.1,10.02
"2005-08-25",67.29,9.77
"2005-08-26",66.05,9.86
"2005-08-29",67.41,9.86
"2005-08-30",69.91,12.36
"2005-08-31",68.63,12.69
"2005-09-01",69.5,11.36
"2005-09-02",66.91,11.75
"2005-09-05",68.205,11.555
"2005-09-06",65.83,11.56
"2005-09-07",64.38,11.03
"2005-09-08",64.8,10.92
"2005-09-09",64.21,11.03
"2005-09-12",63.29,10.68
"2005-09-13",63.18,10.71
"2005-09-14",65.2,10.8
"2005-09-15",64.64,11.24
"2005-09-16",62.91,11.25
"2005-09-19",67.21,11.99
"2005-09-20",66.24,12.76
"2005-09-21",66.96,14.26
"2005-09-22",67.07,14.84
"2005-09-23",64.67,14.55
"2005-09-26",65.98,14.695
"2005-09-27",64.94,14.6225
"2005-09-28",66.36,14.65875
"2005-09-29",66.83,14.640625
"2005-09-30",66.21,14.6496875
"2005-10-03",65.36,14.64515625
"2005-10-04",63.74,14.647421875
"2005-10-05",62.56,14.6462890625
"2005-10-06",61.81,14.64685546875
"2005-10-07",61.81,13.67
"2005-10-10",60.71,13.29
"2005-10-11",63.84,13.67
"2005-10-12",64.13,13.77
"2005-10-13",63.05,13.48
"2005-10-14",62.61,12.8
"2005-10-17",64.26,13.89
"2005-10-18",62.94,13.41
"2005-10-19",62.11,13.52
"2005-10-20",61.04,13.24
"2005-10-21",61.05,12.73
"2005-10-24",60.63,12.95
"2005-10-25",62.83,13.9
"2005-10-26",60.85,14.68
"2005-10-27",61.03,13.9
"2005-10-28",61.3,13.1
"2005-10-31",59.8,12.18
"2005-11-01",59.85,10.8
"2005-11-02",59.75,10.85
"2005-11-03",61.7,10.79
"2005-11-04",60.6,9.67
"2005-11-07",59.4,8.77
"2005-11-08",59.7,9.15
"2005-11-09",59.65,9.31
"2005-11-10",57.8,9.66
"2005-11-11",57.45,9.2
"2005-11-14",57.6,9.15
"2005-11-15",57.05,9.21
"2005-11-16",57.85,11.03
"2005-11-17",56.2,11.92
"2005-11-18",56.3,10.01
"2005-11-21",57.75,10.48
"2005-11-22",58.3,11.15
"2005-11-23",58.35,11.02
"2005-11-24",58.325,11.085
"2005-11-25",58.3375,11.0525
"2005-11-28",57.36,11.01
"2005-11-29",56.46,11.17
"2005-11-30",57.33,11.73
"2005-12-01",58.46,12.58
"2005-12-02",59.31,12.95
"2005-12-05",59.91,14.27
"2005-12-06",59.96,13.57
"2005-12-07",59.21,13.95
"2005-12-08",60.66,14.25
"2005-12-09",59.41,15.02
"2005-12-12",61.36,14.82
"2005-12-13",61.36,15.39
"2005-12-14",60.86,14.81
"2005-12-15",60.01,14.07
"2005-12-16",58.01,13.36
"2005-12-19",57.31,13.73
"2005-12-20",57.81,13.79
"2005-12-21",58.56,13.56
"2005-12-22",58.08,13.03
"2005-12-23",58.08,11.17
"2005-12-26",58.08,12.1
"2005-12-27",58.16,10.22
"2005-12-28",59.81,9.9
"2005-12-29",60.26,10.07
"2005-12-30",61.06,9.52
"2006-01-02",60.66,9.795
"2006-01-03",63.11,9.9
"2006-01-04",63.41,9.25
"2006-01-05",62.81,9.24
"2006-01-06",64.21,9.3
"2006-01-09",63.56,8.79
"2006-01-10",63.41,8.6
"2006-01-11",63.91,8.55
"2006-01-12",63.96,8.7
"2006-01-13",63.86,8.5
"2006-01-16",63.91,8.6
"2006-01-17",66.36,8.82
"2006-01-18",65.76,8.86
"2006-01-19",66.86,8.21
"2006-01-20",68.16,8.8
"2006-01-23",68.06,8.29
"2006-01-24",66.83,8.27
"2006-01-25",65.6,8.5
"2006-01-26",65.8,7.86
"2006-01-27",67.81,8.19
"2006-01-30",68.36,8.36
"2006-01-31",67.86,8.73
"2006-02-01",66.61,8.71
"2006-02-02",64.71,8.01
"2006-02-03",65.41,8.01
"2006-02-06",65.11,8.24
"2006-02-07",63.01,7.74
"2006-02-08",62.51,7.88
"2006-02-09",62.66,7.55
"2006-02-10",62.01,7.57
"2006-02-13",61.26,7.36
"2006-02-14",59.61,7.03
"2006-02-15",57.61,7.31
"2006-02-16",58.61,7.16
"2006-02-17",59.76,7.39
"2006-02-20",59.185,7.275
"2006-02-21",61.21,7.4
"2006-02-22",59.03,7.55
"2006-02-23",58.03,7.23
"2006-02-24",61.46,7.39
"2006-02-27",61.01,6.97
"2006-02-28",61.37,6.69
"2006-03-01",62.01,6.62
"2006-03-02",63.36,6.69
"2006-03-03",63.61,6.59
"2006-03-06",62.46,6.5
"2006-03-07",61.51,6.53
"2006-03-08",60.06,6.47
"2006-03-09",60.51,6.31
"2006-03-10",59.91,6.4
"2006-03-13",61.81,6.77
"2006-03-14",63.01,7.15
"2006-03-15",62.11,7.1
"2006-03-16",63.46,7.12
"2006-03-17",62.81,7.17
"2006-03-20",60.31,7
"2006-03-21",60.41,6.83
"2006-03-22",60.03,7.06
"2006-03-23",62.13,7.16
"2006-03-24",63.9,7.43
"2006-03-27",63.75,7.05
"2006-03-28",65.65,7.15
"2006-03-29",66,7.16
"2006-03-30",66.7,7.19
"2006-03-31",66.25,6.98
"2006-04-03",66.07,7.08
"2006-04-04",65.75,7.04
"2006-04-05",66.76,6.89
"2006-04-06",67.22,7.06
"2006-04-07",67.02,6.81
"2006-04-10",68.29,6.83
"2006-04-11",69.03,6.99
"2006-04-12",68.53,6.78
"2006-04-13",69.53,6.64
"2006-04-14",69.03,6.71
"2006-04-17",70.3,7.22
"2006-04-18",71.28,7.6
"2006-04-19",72.07,7.72
"2006-04-20",71.96,7.95
"2006-04-21",73.73,7.65
"2006-04-24",70.19,7.73
"2006-04-25",67.43,7.37
"2006-04-26",71.71,7.17
"2006-04-27",70.76,6.94
"2006-04-28",71.8,6.64
"2006-05-01",73.75,6.53
"2006-05-02",74.62,6.68
"2006-05-03",72.26,6.56
"2006-05-04",69.98,6.47
"2006-05-05",70.09,6.8
"2006-05-08",69.75,6.54
"2006-05-09",70.71,6.55
"2006-05-10",72.15,6.5
"2006-05-11",73,6.8
"2006-05-12",71.87,6.35
"2006-05-15",69.25,5.92
"2006-05-16",69.4,5.99
"2006-05-17",68.65,6.15
"2006-05-18",69.63,5.79
"2006-05-19",68.44,5.77
"2006-05-22",69.23,5.91
"2006-05-23",70.78,6.27
"2006-05-24",69.47,6.01
"2006-05-25",70.92,5.85
"2006-05-26",71.35,5.78
"2006-05-29",71.135,5.815
"2006-05-30",71.85,6.2
"2006-05-31",71.42,5.97
"2006-06-01",70.11,6.25
"2006-06-02",72.73,6.23
"2006-06-05",72.5,6.4
"2006-06-06",72.43,6.16
"2006-06-07",70.9,5.82
"2006-06-08",70.25,5.84
"2006-06-09",71.62,6.1
"2006-06-12",70.28,6.02
"2006-06-13",68.48,5.95
"2006-06-14",69.12,6.08
"2006-06-15",69.78,6.43
"2006-06-16",69.75,7.03
"2006-06-19",69.21,6.71
"2006-06-20",69.3,6.62
"2006-06-21",70.07,6.5
"2006-06-22",70.62,6.51
"2006-06-23",70.5,6.14
"2006-06-26",71.63,5.89
"2006-06-27",72.05,5.97
"2006-06-28",72.15,6.04
"2006-06-29",73.5,6.09
"2006-06-30",73.94,5.84
"2006-07-03",73.72,5.965
"2006-07-04",73.83,5.9025
"2006-07-05",75.2,5.7
"2006-07-06",75,5.28
"2006-07-07",73.76,5.18
"2006-07-10",73.5,5.32
"2006-07-11",74.05,5.51
"2006-07-12",74.99,5.66
"2006-07-13",76.7,5.92
"2006-07-14",76.8,6.28
"2006-07-17",75.7,6.27
"2006-07-18",73.87,6.02
"2006-07-19",72.79,5.89
"2006-07-20",74,6.14
"2006-07-21",73.52,5.9
"2006-07-24",74.29,6.33
"2006-07-25",73.46,6.78
"2006-07-26",73.82,6.71
"2006-07-27",74.5,7.03
"2006-07-28",73.3,7.24
"2006-07-31",74.56,8.04
"2006-08-01",74.93,8.66
"2006-08-02",76.16,8.65
"2006-08-03",75.59,7.61
"2006-08-04",74.78,7.44
"2006-08-07",77.05,6.97
"2006-08-08",76.29,7.06
"2006-08-09",76.28,7.6
"2006-08-10",74.17,7.95
"2006-08-11",74.38,7.56
"2006-08-14",73.33,6.89
"2006-08-15",72.95,6.9
"2006-08-16",71.64,7.01
"2006-08-17",70.12,6.73
"2006-08-18",70.93,6.66
"2006-08-21",72.45,6.72
"2006-08-22",72.55,6.86
"2006-08-23",71.45,7.19
"2006-08-24",72.02,7.22
"2006-08-25",72.13,7.48
"2006-08-28",70.47,6.51
"2006-08-29",69.74,6.24
"2006-08-30",70.2,6.4
"2006-08-31",70.38,5.8
"2006-09-01",69.24,5.24
"2006-09-04",69.81,5.52
"2006-09-05",68.7,5.45
"2006-09-06",67.75,5.7
"2006-09-07",67.37,5.64
"2006-09-08",66.3,5.31
"2006-09-11",65.42,5.29
"2006-09-12",63.81,5.57
"2006-09-13",64.09,5.4
"2006-09-14",63.27,5.09
"2006-09-15",63.3,4.4
"2006-09-18",63.84,5.02
"2006-09-19",61.77,4.99
"2006-09-20",60,4.87
"2006-09-21",61.62,4.65
"2006-09-22",59.79,4.47
"2006-09-25",60.74,4.31
"2006-09-26",60.63,4.36
"2006-09-27",62.96,4.35
"2006-09-28",62.46,4.15
"2006-09-29",62.9,3.66
"2006-10-02",60.96,4.11
"2006-10-03",58.64,4.01
"2006-10-04",59.53,4.38
"2006-10-05",60.02,4.69
"2006-10-06",59.68,4.41
"2006-10-09",59.93,5.06
"2006-10-10",58.5,5.16
"2006-10-11",57.56,5.66
"2006-10-12",58.23,5.17
"2006-10-13",58.69,4.3
"2006-10-16",59.91,5.13
"2006-10-17",58.91,6.26
"2006-10-18",57.66,6.07
"2006-10-19",58.55,6.77
"2006-10-20",57.35,6.88
"2006-10-23",56.74,7.29
"2006-10-24",57.55,7.13
"2006-10-25",59.09,7.2
"2006-10-26",60.27,7.91
"2006-10-27",60.75,7.41
"2006-10-30",58.41,6.99
"2006-10-31",58.72,6.64
"2006-11-01",58.64,7.15
"2006-11-02",57.87,7.32
"2006-11-03",59.13,7.43
"2006-11-06",60.11,6.72
"2006-11-07",58.94,6.59
"2006-11-08",59.93,7.39
"2006-11-09",61.18,7.35
"2006-11-10",59.66,7.16
"2006-11-13",58.59,7.26
"2006-11-14",58.28,7.42
"2006-11-15",58.79,7.45
"2006-11-16",56.23,7.59
"2006-11-17",55.9,7.23
"2006-11-20",56.42,7.79
"2006-11-21",58.01,7.57
"2006-11-22",57.28,7.42
"2006-11-23",57.645,7.495
"2006-11-24",57.4625,7.4575
"2006-11-27",60.3,7.58
"2006-11-28",60.97,7.61
"2006-11-29",62.45,7.74
"2006-11-30",62.97,8.32
"2006-12-01",63.43,8.42
"2006-12-04",62.39,7.84
"2006-12-05",62.4,7.32
"2006-12-06",62.2,7.32
"2006-12-07",62.54,7.61
"2006-12-08",62.06,7.45
"2006-12-11",61.26,6.81
"2006-12-12",61.06,6.93
"2006-12-13",61.34,7.21
"2006-12-14",62.48,7.26
"2006-12-15",63.4,6.82
"2006-12-18",62.19,6.62
"2006-12-19",62.87,6.27
"2006-12-20",63.08,6.43
"2006-12-21",62.05,6.09
"2006-12-22",61.81,5.88
"2006-12-25",61.93,5.985
"2006-12-26",61.07,5.72
"2006-12-27",60.31,5.54
"2006-12-28",60.39,5.63
"2006-12-29",60.85,5.5
"2007-01-01",60.62,5.565
"2007-01-02",60.77,5.4
"2007-01-03",58.31,5.47
"2007-01-04",55.65,5.6
"2007-01-05",56.29,5.52
"2007-01-08",56.08,6.02
"2007-01-09",55.65,6.15
"2007-01-10",53.95,6.42
"2007-01-11",51.91,6.09
"2007-01-12",52.96,5.97
"2007-01-15",52.435,6.03
"2007-01-16",51.23,6.82
"2007-01-17",52.3,6.57
"2007-01-18",50.51,6.29
"2007-01-19",51.98,6.4
"2007-01-22",51.11,7.2
"2007-01-23",53.61,7.53
"2007-01-24",54.24,7.58
"2007-01-25",53.49,7.18
"2007-01-26",55.38,6.95
"2007-01-29",54.01,7.35
"2007-01-30",57.03,7.32
"2007-01-31",58.17,7.76
"2007-02-01",57.35,7.93
"2007-02-02",59.01,8.17
"2007-02-05",58.69,9.14
"2007-02-06",58.91,8.29
"2007-02-07",57.75,7.9
"2007-02-08",59.76,8.06
"2007-02-09",59.86,8.16
"2007-02-12",57.76,7.78
"2007-02-13",58.98,8.09
"2007-02-14",58,8.9
"2007-02-15",57.92,8.91
"2007-02-16",59.38,8.45
"2007-02-19",58.65,8.68
"2007-02-20",58.32,7.34
"2007-02-21",59.4,7.51
"2007-02-22",60.28,7.47
"2007-02-23",60.28,7.53
"2007-02-26",61.41,7.73
"2007-02-27",61.46,7.44
"2007-02-28",61.78,7.23
"2007-03-01",61.97,7.07
"2007-03-02",61.58,7.22
"2007-03-05",60.05,7.36
"2007-03-06",60.66,7.55
"2007-03-07",61.85,7.5
"2007-03-08",61.63,7.14
"2007-03-09",60.06,7.05
"2007-03-12",58.94,6.81
"2007-03-13",58.03,6.78
"2007-03-14",58.15,6.86
"2007-03-15",57.52,7.02
"2007-03-16",57.06,6.84
"2007-03-19",56.65,6.7
"2007-03-20",56.41,6.81
"2007-03-21",56.98,6.82
"2007-03-22",60.21,7.07
"2007-03-23",61.07,7.16
"2007-03-26",61.77,7.15
"2007-03-27",62.98,7.15
"2007-03-28",64.11,7.47
"2007-03-29",66.1,7.34
"2007-03-30",65.94,7.5
"2007-04-02",66.03,7.62
"2007-04-03",64.59,7.57
"2007-04-04",64.4,7.46
"2007-04-05",64.26,7.53
"2007-04-06",64.33,7.495
"2007-04-09",61.51,7.65
"2007-04-10",61.92,7.65
"2007-04-11",61.98,7.97
"2007-04-12",63.87,7.95
"2007-04-13",63.63,7.93
"2007-04-16",63.63,7.66
"2007-04-17",63.14,7.5
"2007-04-18",63.14,7.54
"2007-04-19",61.81,7.54
"2007-04-20",63.56,7.32
"2007-04-23",65.33,7.24
"2007-04-24",64.1,7.57
"2007-04-25",65.33,7.6
"2007-04-26",65.08,7.56
"2007-04-27",66.45,7.44
"2007-04-30",65.78,7.71
"2007-05-01",64.43,7.64
"2007-05-02",63.78,7.64
"2007-05-03",63.23,7.58
"2007-05-04",61.89,7.82
"2007-05-07",61.48,7.69
"2007-05-08",62.26,7.5
"2007-05-09",61.54,7.46
"2007-05-10",61.85,7.63
"2007-05-11",62.35,7.53
"2007-05-14",62.55,7.85
"2007-05-15",63.16,7.68
"2007-05-16",62.57,7.62
"2007-05-17",64.83,7.69
"2007-05-18",64.93,7.87
"2007-05-21",66.25,7.66
"2007-05-22",64.91,7.6
"2007-05-23",65.1,7.51
"2007-05-24",63.62,7.56
"2007-05-25",64.59,7.47
"2007-05-28",64.105,7.515
"2007-05-29",63.19,7.51
"2007-05-30",63.47,7.71
"2007-05-31",64.02,7.8
"2007-06-01",65.09,7.57
"2007-06-04",66.17,7.73
"2007-06-05",65.63,7.83
"2007-06-06",65.97,7.83
"2007-06-07",66.93,7.89
"2007-06-08",64.78,7.52
"2007-06-11",65.93,7.42
"2007-06-12",65.36,7.45
"2007-06-13",66.17,7.6
"2007-06-14",67.62,7.48
"2007-06-15",68.04,7.58
"2007-06-18",69.06,7.69
"2007-06-19",69.15,7.46
"2007-06-20",68.5,7.39
"2007-06-21",68.35,7.24
"2007-06-22",68.85,7.04
"2007-06-25",68.83,6.77
"2007-06-26",67.78,6.85
"2007-06-27",68.98,6.74
"2007-06-28",69.61,6.79
"2007-06-29",70.47,6.4
"2007-07-02",71.11,6.24
"2007-07-03",71.41,6.37
"2007-07-04",71.26,6.305
"2007-07-05",71.81,6.3
"2007-07-06",72.8,6.15
"2007-07-09",72.14,6.39
"2007-07-10",72.8,6.44
"2007-07-11",72.58,6.66
"2007-07-12",72.55,6.26
"2007-07-13",73.89,6.27
"2007-07-16",74.11,6.32
"2007-07-17",74.03,6.34
"2007-07-18",75.03,6.23
"2007-07-19",75.9,6.5
"2007-07-20",75.53,6.46
"2007-07-23",74.65,6
"2007-07-24",73.38,5.66
"2007-07-25",75.74,5.56
"2007-07-26",74.96,5.83
"2007-07-27",77.03,5.77
"2007-07-30",76.82,6.31
"2007-07-31",78.2,6.53
"2007-08-01",76.49,6.19
"2007-08-02",76.84,6.34
"2007-08-03",75.41,6.11
"2007-08-06",72.03,6.1
"2007-08-07",72.25,6.38
"2007-08-08",72.23,6.24
"2007-08-09",71.62,6.45
"2007-08-10",71.49,6.57
"2007-08-13",71.6,7.15
"2007-08-14",72.4,6.86
"2007-08-15",73.36,7.3
"2007-08-16",70.99,6.96
"2007-08-17",71.9,7.14
"2007-08-20",71.12,6.47
"2007-08-21",69.49,5.92
"2007-08-22",69.3,5.84
"2007-08-23",69.86,5.73
"2007-08-24",71.17,5.69
"2007-08-27",71.98,5.34
"2007-08-28",71.79,5.56
"2007-08-29",73.52,5.64
"2007-08-30",73.37,5.54
"2007-08-31",73.98,5.49
"2007-09-03",73.675,5.515
"2007-09-04",75.07,5.3
"2007-09-05",75.74,5.8
"2007-09-06",76.34,6.02
"2007-09-07",76.7,5.53
"2007-09-10",77.53,5.56
"2007-09-11",78.16,5.98
"2007-09-12",79.85,6.13
"2007-09-13",80.05,6.27
"2007-09-14",79.14,6.23
"2007-09-17",80.55,6.38
"2007-09-18",81.51,6.42
"2007-09-19",81.99,6.25
"2007-09-20",83.85,6.02
"2007-09-21",83.38,5.96
"2007-09-24",82.51,6.12
"2007-09-25",81.2,6.54
"2007-09-26",80.31,6.47
"2007-09-27",82.86,6.38
"2007-09-28",81.64,6.15
"2007-10-01",80.31,6.07
"2007-10-02",80,6.55
"2007-10-03",79.97,6.96
"2007-10-04",81.48,6.91
"2007-10-05",81.2,6.77
"2007-10-08",78.97,6.69
"2007-10-09",80.23,6.63
"2007-10-10",81.3,6.79
"2007-10-11",83.05,6.85
"2007-10-12",83.73,6.46
"2007-10-15",86.19,7.09
"2007-10-16",87.58,7.29
"2007-10-17",87.19,7.12
"2007-10-18",89.48,7.11
"2007-10-19",88.58,6.91
"2007-10-22",87.6,6.63
"2007-10-23",86.45,6.3
"2007-10-24",88.3,6.11
"2007-10-25",92.09,6.49
"2007-10-26",91.73,6.43
"2007-10-29",93.45,6.66
"2007-10-30",90.33,6.99
"2007-10-31",94.16,7.28
"2007-11-01",93.53,7.09
"2007-11-02",95.81,6.63
"2007-11-05",94.06,6.71
"2007-11-06",96.65,7.2
"2007-11-07",96.46,7.42
"2007-11-08",95.51,6.81
"2007-11-09",96.36,6.59
"2007-11-12",94.4,6.83
"2007-11-13",91.18,7.22
"2007-11-14",94.02,7.28
"2007-11-15",93.37,7.35
"2007-11-16",94.81,7.29
"2007-11-19",95.75,7.38
"2007-11-20",99.16,6.81
"2007-11-21",98.57,6.67
"2007-11-22",98.865,6.74
"2007-11-23",98.24,6.67
"2007-11-26",97.66,7.53
"2007-11-27",94.39,7.42
"2007-11-28",90.71,7.51
"2007-11-29",90.98,7.45
"2007-11-30",88.6,7.29
"2007-12-03",89.29,6.97
"2007-12-04",88.31,7.27
"2007-12-05",87.45,7.04
"2007-12-06",90.25,7.29
"2007-12-07",88.23,7.04
"2007-12-10",87.72,6.98
"2007-12-11",90.12,7.12
"2007-12-12",94.41,7.22
"2007-12-13",92.35,7.46
"2007-12-14",91.31,7.09
"2007-12-17",90.69,7.06
"2007-12-18",89.93,7.16
"2007-12-19",91.11,7.18
"2007-12-20",90.88,7.19
"2007-12-21",93.19,7.03
"2007-12-24",94,7.03
"2007-12-25",93.595,7.03
"2007-12-26",95.89,6.94
"2007-12-27",96.63,6.8
"2007-12-28",96.03,7.11
"2007-12-31",95.95,7.11
"2008-01-01",95.99,7.11
"2008-01-02",99.64,7.83
"2008-01-03",99.17,7.84
"2008-01-04",97.9,7.51
"2008-01-07",95.08,7.61
"2008-01-08",96.43,7.59
"2008-01-09",95.64,7.89
"2008-01-10",93.92,7.96
"2008-01-11",92.74,8.13
"2008-01-14",94.23,8.45
"2008-01-15",91.87,8.43
"2008-01-16",90.8,8.23
"2008-01-17",90.11,8.1
"2008-01-18",90.55,8.42
"2008-01-21",90.33,8.26
"2008-01-22",89.64,7.97
"2008-01-23",87.65,7.84
"2008-01-24",89.98,7.85
"2008-01-25",90.37,7.8
"2008-01-28",90.99,7.87
"2008-01-29",91.66,8.1
"2008-01-30",92.34,8.17
"2008-01-31",91.67,8.1
"2008-02-01",89.03,7.88
"2008-02-04",90.07,7.56
"2008-02-05",88.32,7.8
"2008-02-06",87.16,7.94
"2008-02-07",88.07,7.99
"2008-02-08",91.77,8.06
"2008-02-11",93.56,8.38
"2008-02-12",92.82,8.37
"2008-02-13",93.28,8.35
"2008-02-14",95.42,8.5
"2008-02-15",95.57,8.73
"2008-02-18",95.495,8.615
"2008-02-19",99.99,8.91
"2008-02-20",100.86,9.08
"2008-02-21",98.57,8.9
"2008-02-22",99.03,8.65
"2008-02-25",99.4,9.15
"2008-02-26",100.83,9.21
"2008-02-27",99.59,9.21
"2008-02-28",102.6,9.11
"2008-02-29",101.78,9.1
"2008-03-03",102.42,9.07
"2008-03-04",99.72,9.21
"2008-03-05",104.45,9.37
"2008-03-06",105.51,9.7
"2008-03-07",105.12,9.82
"2008-03-10",107.9,9.59
"2008-03-11",108.73,9.85
"2008-03-12",109.86,9.69
"2008-03-13",110.21,9.74
"2008-03-14",110.03,9.84
"2008-03-17",105.74,9.59
"2008-03-18",109.57,9.1
"2008-03-19",103.25,9.11
"2008-03-20",102.57,8.54
"2008-03-21",102.91,8.825
"2008-03-24",101.7,8.99
"2008-03-25",101.78,9.28
"2008-03-26",105.83,9.25
"2008-03-27",107.56,9.3
"2008-03-28",105.59,9.36
"2008-03-31",101.54,9.86
"2008-04-01",100.92,9.92
"2008-04-02",104.83,9.6
"2008-04-03",103.92,9.68
"2008-04-04",106.09,9.36
"2008-04-07",108.91,9.48
"2008-04-08",108.54,9.78
"2008-04-09",110.89,9.88
"2008-04-10",110.07,10.18
"2008-04-11",110.14,10.07
"2008-04-14",111.71,10.03
"2008-04-15",113.77,10.16
"2008-04-16",114.8,10.11
"2008-04-17",114.8,10.27
"2008-04-18",116.56,10.08
"2008-04-21",117.48,10.5
"2008-04-22",119.17,10.56
"2008-04-23",119.28,10.33
"2008-04-24",117.1,10.58
"2008-04-25",119.64,10.72
"2008-04-28",118.78,10.95
"2008-04-29",115.67,10.94
"2008-04-30",113.7,10.81
"2008-05-01",112.6,10.66
"2008-05-02",116.36,10.37
"2008-05-05",119.94,10.77
"2008-05-06",121.82,11.09
"2008-05-07",123.56,11.08
"2008-05-08",123.77,11.33
"2008-05-09",125.94,11.29
"2008-05-12",124.02,11.38
"2008-05-13",125.83,11.18
"2008-05-14",124.21,11.52
"2008-05-15",124.25,11.41
"2008-05-16",126.5,11.31
"2008-05-19",127.15,11.1
"2008-05-20",128.93,10.94
"2008-05-21",132.99,11.4
"2008-05-22",130.04,11.57
"2008-05-23",131.58,11.56
"2008-05-26",130.81,11.565
"2008-05-27",128.81,11.85
"2008-05-28",131,11.6
"2008-05-29",126.7,11.81
"2008-05-30",127.35,11.43
"2008-06-02",127.75,11.8
"2008-06-03",124.33,12.27
"2008-06-04",122.3,12.17
"2008-06-05",127.93,12.49
"2008-06-06",138.51,12.71
"2008-06-09",134.44,12.71
"2008-06-10",131.38,12.72
"2008-06-11",136.43,12.49
"2008-06-12",136.91,12.51
"2008-06-13",134.84,12.51
"2008-06-16",134.52,12.73
"2008-06-17",133.99,12.87
"2008-06-18",136.54,12.93
"2008-06-19",131.88,13.09
"2008-06-20",134.78,12.76
"2008-06-23",135.98,12.92
"2008-06-24",136.49,12.96
"2008-06-25",133.92,12.76
"2008-06-26",138.91,12.7
"2008-06-27",139.69,13.1
"2008-06-30",139.96,13.19
"2008-07-01",141.06,13.28
"2008-07-02",143.74,13.31
"2008-07-03",145.31,13
"2008-07-04",144.525,13.155
"2008-07-07",141.38,12.96
"2008-07-08",136.06,12.47
"2008-07-09",135.88,12.1
"2008-07-10",141.47,11.83
"2008-07-11",144.96,12.15
"2008-07-14",145.16,11.58
"2008-07-15",138.68,11.79
"2008-07-16",134.63,11.15
"2008-07-17",129.43,11.43
"2008-07-18",128.94,10.54
"2008-07-21",131.43,10.58
"2008-07-22",127.25,10.16
"2008-07-23",123.73,9.88
"2008-07-24",124.62,9.7
"2008-07-25",122.59,9.34
"2008-07-28",124.72,9.26
"2008-07-29",122.21,9.17
"2008-07-30",126.74,9.01
"2008-07-31",124.17,9.26
"2008-08-01",125.03,9.05
"2008-08-04",121.45,9.2
"2008-08-05",118.71,8.66
"2008-08-06",118.57,8.7
"2008-08-07",119.84,8.77
"2008-08-08",115.42,8.22
"2008-08-11",114.44,8.18
"2008-08-12",113.1,8.23
"2008-08-13",115.96,8.11
"2008-08-14",115.05,8.15
"2008-08-15",113.46,7.82
"2008-08-18",112.92,7.74
"2008-08-19",114.39,7.73
"2008-08-20",115.48,8.02
"2008-08-21",121.23,8.04
"2008-08-22",114.48,7.98
"2008-08-25",114.85,7.63
"2008-08-26",116.31,8.02
"2008-08-27",118.17,8.54
"2008-08-28",115.58,8.36
"2008-08-29",115.55,8.24
"2008-09-01",115.565,8.3
"2008-09-02",109.63,8.24
"2008-09-03",109.38,7.26
"2008-09-04",107.99,7.24
"2008-09-05",106.47,7.4
"2008-09-08",106.35,7.68
"2008-09-09",103.23,7.28
"2008-09-10",102.66,7.65
"2008-09-11",100.95,7.83
"2008-09-12",101.19,8.02
"2008-09-15",95.52,8.02
"2008-09-16",91.49,7.76
"2008-09-17",97.39,7.72
"2008-09-18",97.5,8.26
"2008-09-19",104.05,7.79
"2008-09-22",122.61,7.66
"2008-09-23",107.85,7.84
"2008-09-24",106.84,8.15
"2008-09-25",111.54,7.63
"2008-09-26",106.77,7.42
"2008-09-29",96.29,7.13
"2008-09-30",100.7,7.17
"2008-10-01",98.23,7.41
"2008-10-02",93.84,7.64
"2008-10-03",93.91,7.16
"2008-10-06",88.15,6.87
"2008-10-07",90.18,6.74
"2008-10-08",88.94,6.58
"2008-10-09",86.5,6.69
"2008-10-10",77.44,6.52
"2008-10-13",81.17,6.62
"2008-10-14",78.69,6.74
"2008-10-15",74.38,6.64
"2008-10-16",69.81,6.65
"2008-10-17",71.9,6.76
"2008-10-20",74.08,6.98
"2008-10-21",71.29,6.76
"2008-10-22",66.92,6.94
"2008-10-23",67.17,6.77
"2008-10-24",63.34,6.29
"2008-10-27",61.92,6.27
"2008-10-28",62.8,6.4
"2008-10-29",67.45,6.58
"2008-10-30",65.79,6.75
"2008-10-31",68.1,6.18
"2008-11-03",63.93,6.45
"2008-11-04",70.41,6.79
"2008-11-05",65.41,6.94
"2008-11-06",60.72,7.04
"2008-11-07",61.06,6.6
"2008-11-10",62.19,7.07
"2008-11-11",59.38,7.02
"2008-11-12",55.95,6.65
"2008-11-13",58.31,6.31
"2008-11-14",57.18,6.33
"2008-11-17",55.14,6.55
"2008-11-18",54.42,6.74
"2008-11-19",53.64,6.76
"2008-11-20",48.86,6.76
"2008-11-21",49.22,6.56
"2008-11-24",53.63,6.85
"2008-11-25",50.02,6.71
"2008-11-26",54.2,6.43
"2008-11-27",52.11,6.57
"2008-11-28",55.21,6.43
"2008-12-01",49.34,6.48
"2008-12-02",47.05,6.68
"2008-12-03",46.79,6.48
"2008-12-04",43.8,6.55
"2008-12-05",41.01,5.99
"2008-12-08",43.69,5.73
"2008-12-09",42,5.57
"2008-12-10",43.1,5.67
"2008-12-11",47.77,5.86
"2008-12-12",46.27,5.56
"2008-12-15",44.61,5.75
"2008-12-16",43.84,5.75
"2008-12-17",40.17,5.79
"2008-12-18",36.73,5.63
"2008-12-19",33.17,5.66
"2008-12-22",31.1,5.39
"2008-12-23",30.28,5.37
"2008-12-24",32.94,5.44
"2008-12-25",31.61,5.405
"2008-12-26",37.58,5.44
"2008-12-29",39.89,5.81
"2008-12-30",38.95,5.71
"2008-12-31",44.6,5.63
"2009-01-01",41.775,5.67
"2009-01-02",46.17,5.41
"2009-01-05",48.61,5.83
"2009-01-06",48.56,6.1
"2009-01-07",42.75,5.89
"2009-01-08",41.68,5.96
"2009-01-09",40.69,5.6
"2009-01-12",37.65,5.59
"2009-01-13",37.77,5.7
"2009-01-14",37.43,5.47
"2009-01-15",35.41,5.27
"2009-01-16",35.38,5.09
"2009-01-19",35.395,5.18
"2009-01-20",38.57,4.86
"2009-01-21",42.56,4.87
"2009-01-22",42.33,4.72
"2009-01-23",45.12,4.75
"2009-01-26",46.5,4.62
"2009-01-27",41.67,4.76
"2009-01-28",42.04,4.84
"2009-01-29",41.58,4.71
"2009-01-30",41.73,4.77
"2009-02-02",41.35,4.48
"2009-02-03",40.87,5.04
"2009-02-04",40.27,5.01
"2009-02-05",41.15,4.84
"2009-02-06",40.24,4.67
"2009-02-09",39.58,4.76
"2009-02-10",37.54,4.84
"2009-02-11",35.93,4.68
"2009-02-12",34.03,4.73
"2009-02-13",37.63,4.6
"2009-02-16",35.83,4.665
"2009-02-17",34.96,4.35
"2009-02-18",34.67,4.35
"2009-02-19",39.6,4.46
"2009-02-20",39.35,4.21
"2009-02-23",37.66,4.23
"2009-02-24",38.86,4.21
"2009-02-25",41.64,4.2
"2009-02-26",43.18,4.08
"2009-02-27",44.15,4.04
"2009-03-02",40.07,4.36
"2009-03-03",41.57,4.43
"2009-03-04",45.28,4.23
"2009-03-05",43.54,4.22
"2009-03-06",45.43,3.93
"2009-03-09",47.01,3.86
"2009-03-10",45.68,3.88
"2009-03-11",42.46,3.92
"2009-03-12",46.91,3.87
"2009-03-13",46.22,3.9
"2009-03-16",47.33,3.78
"2009-03-17",48.97,3.78
"2009-03-18",48.12,3.75
"2009-03-19",51.46,3.68
"2009-03-20",51.55,3.99
"2009-03-23",53.05,4.17
"2009-03-24",53.36,4.13
"2009-03-25",52.24,4.13
"2009-03-26",53.87,4.16
"2009-03-27",52.41,3.73
"2009-03-30",48.49,3.63
"2009-03-31",49.64,3.58
"2009-04-01",48.46,3.56
"2009-04-02",52.61,3.69
"2009-04-03",52.52,3.66
"2009-04-06",51.1,3.74
"2009-04-07",49.13,3.6
"2009-04-08",49.37,3.5
"2009-04-09",52.24,3.59
"2009-04-10",50.805,3.545
"2009-04-13",50.22,3.46
"2009-04-14",49.51,3.59
"2009-04-15",49.26,3.6
"2009-04-16",49.97,3.54
"2009-04-17",50.36,3.47
"2009-04-20",45.82,3.55
"2009-04-21",46.65,3.43
"2009-04-22",47.41,3.48
"2009-04-23",48.46,3.46
"2009-04-24",50.65,3.31
"2009-04-27",49.29,3.19
"2009-04-28",49.01,3.29
"2009-04-29",50.19,3.43
"2009-04-30",50.35,3.25
"2009-05-01",52.18,3.3
"2009-05-04",54.45,3.47
"2009-05-05",53.81,3.62
"2009-05-06",56.29,3.67
"2009-05-07",56.67,3.96
"2009-05-08",58.58,4.16
"2009-05-11",57.79,4.24
"2009-05-12",58.81,4.41
"2009-05-13",58,4.42
"2009-05-14",58.58,4.1
"2009-05-15",56.52,4.05
"2009-05-18",58.99,4.02
"2009-05-19",59.52,3.99
"2009-05-20",61.45,3.75
"2009-05-21",60.49,3.77
"2009-05-22",61.15,3.41
"2009-05-25",60.82,3.59
"2009-05-26",62.48,3.35
"2009-05-27",63.41,3.49
"2009-05-28",65.09,3.55
"2009-05-29",66.31,3.92
"2009-06-01",68.59,3.86
"2009-06-02",68.58,4.05
"2009-06-03",66.14,3.81
"2009-06-04",68.8,3.58
"2009-06-05",68.43,3.51
"2009-06-08",68.05,3.53
"2009-06-09",70.02,3.53
"2009-06-10",71.38,3.56
"2009-06-11",72.69,3.51
"2009-06-12",72.13,3.54
"2009-06-15",70.54,3.8
"2009-06-16",70.47,4.16
"2009-06-17",71.07,3.99
"2009-06-18",71.42,4.19
"2009-06-19",69.6,4.04
"2009-06-22",67.09,4.01
"2009-06-23",68.81,3.91
"2009-06-24",68.14,3.8
"2009-06-25",69.7,3.82
"2009-06-26",69.16,3.81
"2009-06-29",71.47,3.88
"2009-06-30",69.82,3.72
"2009-07-01",69.32,3.63
"2009-07-02",66.68,3.49
"2009-07-03",68,3.56
"2009-07-06",64.06,3.24
"2009-07-07",62.88,3.3
"2009-07-08",60.15,3.22
"2009-07-09",60.36,3.36
"2009-07-10",59.93,3.24
"2009-07-13",59.69,3.17
"2009-07-14",59.62,3.29
"2009-07-15",61.49,3.37
"2009-07-16",62.07,3.21
"2009-07-17",63.56,3.39
"2009-07-20",63.93,3.49
"2009-07-21",64.81,3.48
"2009-07-22",64.58,3.49
"2009-07-23",66.1,3.66
"2009-07-24",66.96,3.37
"2009-07-27",68.34,3.46
"2009-07-28",67.24,3.49
"2009-07-29",63.42,3.41
"2009-07-30",66.9,3.34
"2009-07-31",69.26,3.34
"2009-08-03",71.59,3.43
"2009-08-04",71.4,3.53
"2009-08-05",71.97,3.61
"2009-08-06",71.96,3.78
"2009-08-07",70.97,3.57
"2009-08-10",70.59,3.55
"2009-08-11",69.46,3.54
"2009-08-12",70.08,3.36
"2009-08-13",70.57,3.34
"2009-08-14",67.51,3.18
"2009-08-17",66.72,3.11
"2009-08-18",69.22,3.12
"2009-08-19",72.54,3.03
"2009-08-20",72.4,3.03
"2009-08-21",73.12,2.78
"2009-08-24",73.68,2.69
"2009-08-25",71.6,2.85
"2009-08-26",71.38,2.76
"2009-08-27",72.49,2.76
"2009-08-28",72.72,2.52
"2009-08-31",69.97,2.42
"2009-09-01",68.11,2.36
"2009-09-02",68.03,2.25
"2009-09-03",67.9,2.06
"2009-09-04",67.95,1.83
"2009-09-07",67.925,1.945
"2009-09-08",71.08,2.43
"2009-09-09",71.27,2.72
"2009-09-10",71.95,2.68
"2009-09-11",69.34,2.94
"2009-09-14",68.86,2.84
"2009-09-15",70.81,3.21
"2009-09-16",72.5,3.28
"2009-09-17",72.48,3.5
"2009-09-18",71.95,3.21
"2009-09-21",69.74,3.35
"2009-09-22",71.5,3.37
"2009-09-23",68.74,3.43
"2009-09-24",65.74,3.56
"2009-09-25",65.91,3.61
"2009-09-28",66.69,3.54
"2009-09-29",66.56,3.3
"2009-09-30",70.46,3.25
"2009-10-01",70.67,2.91
"2009-10-02",69.8,2.32
"2009-10-05",70.26,2.89
"2009-10-06",70.71,3.23
"2009-10-07",69.6,3.7
"2009-10-08",71.69,4.24
"2009-10-09",71.75,3.92
"2009-10-12",73.24,3.96
"2009-10-13",74.1,4.03
"2009-10-14",75.2,3.82
"2009-10-15",77.55,3.88
"2009-10-16",78.54,3.94
"2009-10-19",79.47,4.22
"2009-10-20",78.87,4.6
"2009-10-21",81.03,4.8
"2009-10-22",80.82,4.98
"2009-10-23",80.11,4.88
"2009-10-26",78.61,4.52
"2009-10-27",79.45,4.52
"2009-10-28",77.39,4.59
"2009-10-29",79.84,4.11
"2009-10-30",77.04,4.11
"2009-11-02",78.08,4.32
"2009-11-03",79.58,4.33
"2009-11-04",80.3,4.49
"2009-11-05",79.64,4.3
"2009-11-06",77.4,3.95
"2009-11-09",79.44,3.78
"2009-11-10",79.01,3.76
"2009-11-11",79.16,3.59
"2009-11-12",77.25,3.24
"2009-11-13",76.34,2.51
"2009-11-16",78.91,2.65
"2009-11-17",79.08,3.47
"2009-11-18",79.55,3.74
"2009-11-19",77.47,3.57
"2009-11-20",76.83,3.09
"2009-11-23",76.49,3.79
"2009-11-24",74.88,3.63
"2009-11-25",77.25,3.32
"2009-11-26",76.065,3.475
"2009-11-27",75.95,3.32
"2009-11-30",77.19,4.41
"2009-12-01",78.39,4.3
"2009-12-02",76.62,4.67
"2009-12-03",76.42,4.57
"2009-12-04",75.41,4.53
"2009-12-07",73.89,4.78
"2009-12-08",72.59,5.1
"2009-12-09",70.67,5.27
"2009-12-10",70.54,5.02
"2009-12-11",69.86,5.21
"2009-12-14",69.48,5.41
"2009-12-15",70.62,5.53
"2009-12-16",72.64,5.57
"2009-12-17",72.58,5.65
"2009-12-18",73.3,5.87
"2009-12-21",72.71,5.79
"2009-12-22",73.48,5.56
"2009-12-23",76.03,5.55
"2009-12-24",76.83,5.75
"2009-12-25",76.43,5.65
"2009-12-28",78.67,5.91
"2009-12-29",78.87,6.01
"2009-12-30",79.35,5.78
"2009-12-31",79.39,5.82
"2010-01-01",79.37,5.8
"2010-01-04",81.52,6.09
"2010-01-05",81.74,6.19
"2010-01-06",83.12,6.47
"2010-01-07",82.6,7.51
"2010-01-08",82.74,6.56
"2010-01-11",82.54,5.77
"2010-01-12",80.79,5.57
"2010-01-13",79.66,5.61
"2010-01-14",79.35,5.77
"2010-01-15",77.96,5.66
"2010-01-18",78.655,5.715
"2010-01-19",78.98,5.51
"2010-01-20",77.42,5.54
"2010-01-21",75.84,5.52
"2010-01-22",74.25,5.67
"2010-01-25",74.9,5.76
"2010-01-26",74.67,5.61
"2010-01-27",73.64,5.42
"2010-01-28",73.62,5.32
"2010-01-29",72.85,5.26
"2010-02-01",74.41,5.3
"2010-02-02",77.21,5.47
"2010-02-03",76.96,5.51
"2010-02-04",73.13,5.47
"2010-02-05",71.15,5.61
"2010-02-08",71.87,5.73
"2010-02-09",73.71,5.54
"2010-02-10",74.48,5.48
"2010-02-11",75.23,5.53
"2010-02-12",74.11,5.48
"2010-02-15",74.67,5.505
"2010-02-16",76.98,5.65
"2010-02-17",77.27,5.47
"2010-02-18",78.97,5.4
"2010-02-19",79.77,5.1
"2010-02-22",80.04,4.92
"2010-02-23",78.61,4.91
"2010-02-24",79.75,4.91
"2010-02-25",77.99,4.84
"2010-02-26",79.72,4.76
"2010-03-01",78.71,4.83
"2010-03-02",79.62,4.78
"2010-03-03",80.91,4.76
"2010-03-04",80.21,4.78
"2010-03-05",81.5,4.56
"2010-03-08",81.85,4.47
"2010-03-09",81.5,4.51
"2010-03-10",82.07,4.44
"2010-03-11",82.1,4.47
"2010-03-12",81.26,4.35
"2010-03-15",79.79,4.29
"2010-03-16",81.75,4.38
"2010-03-17",82.93,4.27
"2010-03-18",82.16,4.19
"2010-03-19",80.58,4.01
"2010-03-22",81.26,4.02
"2010-03-23",81.68,4.08
"2010-03-24",80.29,4.02
"2010-03-25",80.25,4.01
"2010-03-26",79.75,3.92
"2010-03-29",81.92,3.83
"2010-03-30",82.14,3.79
"2010-03-31",83.45,3.93
"2010-04-01",84.53,3.72
"2010-04-02",83.99,3.825
"2010-04-05",86.36,3.93
"2010-04-06",86.54,4.16
"2010-04-07",85.64,4.08
"2010-04-08",85.17,3.92
"2010-04-09",84.6,3.9
"2010-04-12",84.07,4.04
"2010-04-13",83.8,3.97
"2010-04-14",85.62,4.15
"2010-04-15",85.25,4.16
"2010-04-16",82.97,3.97
"2010-04-19",81.52,4.02
"2010-04-20",82.98,3.93
"2010-04-21",82.78,3.96
"2010-04-22",82.89,3.95
"2010-04-23",84.34,4.07
"2010-04-26",84.2,4.23
"2010-04-27",82.43,4.18
"2010-04-28",83.22,4.19
"2010-04-29",85.17,4.24
"2010-04-30",86.07,3.94
"2010-05-03",86.19,3.86
"2010-05-04",82.73,3.96
"2010-05-05",80,4
"2010-05-06",77.18,3.97
"2010-05-07",75.1,3.91
"2010-05-10",76.89,4.08
"2010-05-11",76.37,4.15
"2010-05-12",75.65,4.18
"2010-05-13",74.38,4.26
"2010-05-14",71.61,4.27
"2010-05-17",70.08,4.34
"2010-05-18",69.38,4.42
"2010-05-19",69.91,4.28
"2010-05-20",68.28,4.12
"2010-05-21",68.03,4.12
"2010-05-24",68.23,4.08
"2010-05-25",64.78,4.08
"2010-05-26",71.52,4.19
"2010-05-27",74.56,4.22
"2010-05-28",74,4.31
"2010-05-31",74.28,4.265
"2010-06-01",72.7,4.39
"2010-06-02",72.88,4.32
"2010-06-03",74.62,4.46
"2010-06-04",71.43,4.6
"2010-06-07",71.55,4.67
"2010-06-08",71.88,4.89
"2010-06-09",74.38,4.75
"2010-06-10",75.48,4.68
"2010-06-11",73.89,4.68
"2010-06-14",74.99,4.94
"2010-06-15",76.84,5.11
"2010-06-16",77.67,5.13
"2010-06-17",76.82,5.14
"2010-06-18",77.18,5.17
"2010-06-21",77.84,5.15
"2010-06-22",77.15,4.87
"2010-06-23",75.9,4.9
"2010-06-24",75.96,4.88
"2010-06-25",78.45,4.84
"2010-06-28",78.26,4.85
"2010-06-29",75.93,4.68
"2010-06-30",75.59,4.53
"2010-07-01",72.95,4.54
"2010-07-02",72.06,4.72
"2010-07-05",72.505,4.63
"2010-07-06",71.96,4.85
"2010-07-07",74.05,4.76
"2010-07-08",75.46,4.61
"2010-07-09",76.08,4.36
"2010-07-12",74.93,4.42
"2010-07-13",77.16,4.46
"2010-07-14",77.02,4.39
"2010-07-15",76.67,4.43
"2010-07-16",75.96,4.68
"2010-07-19",76.53,4.56
"2010-07-20",77.32,4.59
"2010-07-21",76.27,4.7
"2010-07-22",79.01,4.67
"2010-07-23",78.68,4.69
"2010-07-26",78.93,4.65
"2010-07-27",77.46,4.72
"2010-07-28",77.06,4.75
"2010-07-29",78.3,4.8
"2010-07-30",78.85,4.81
"2010-08-02",81.25,4.94
"2010-08-03",82.52,4.78
"2010-08-04",82.49,4.77
"2010-08-05",82,4.84
"2010-08-06",80.67,4.67
"2010-08-09",81.46,4.52
"2010-08-10",80.24,4.43
"2010-08-11",78.09,4.38
"2010-08-12",75.68,4.42
"2010-08-13",75.39,4.35
"2010-08-16",75.17,4.37
"2010-08-17",75.76,4.28
"2010-08-18",75.39,4.35
"2010-08-19",74.45,4.29
"2010-08-20",73.45,4.19
"2010-08-23",72.71,4.12
"2010-08-24",71.24,4.07
"2010-08-25",72.07,3.99
"2010-08-26",73.36,3.85
"2010-08-27",75.17,3.75
"2010-08-30",74.69,3.77
"2010-08-31",71.93,3.8
"2010-09-01",73.97,3.73
"2010-09-02",74.99,3.74
"2010-09-03",74.52,3.74
"2010-09-06",74.755,3.74
"2010-09-07",73.98,3.82
"2010-09-08",74.65,3.81
"2010-09-09",74.25,3.79
"2010-09-10",76.4,3.79
"2010-09-13",77.17,3.83
"2010-09-14",76.78,3.98
"2010-09-15",75.92,4.06
"2010-09-16",74.58,4.09
"2010-09-17",73.63,4.11
"2010-09-20",74.81,4.01
"2010-09-21",72.96,3.95
"2010-09-22",72.98,4.02
"2010-09-23",73.4,4.08
"2010-09-24",74.63,3.97
"2010-09-27",76.51,3.8
"2010-09-28",76.15,3.8
"2010-09-29",77.85,3.81
"2010-09-30",79.95,3.85
"2010-10-01",81.57,3.67
"2010-10-04",81.43,3.56
"2010-10-05",82.83,3.51
"2010-10-06",83.21,3.56
"2010-10-07",81.34,3.62
"2010-10-08",82.66,3.36
"2010-10-11",82.18,3.43
"2010-10-12",81.67,3.4
"2010-10-13",83.03,3.58
"2010-10-14",82.71,3.58
"2010-10-15",81.23,3.47
"2010-10-18",83.06,3.36
"2010-10-19",79.57,3.36
"2010-10-20",81.93,3.46
"2010-10-21",80.03,3.46
"2010-10-22",81.15,3.19
"2010-10-25",82,3.18
"2010-10-26",82.6,3.28
"2010-10-27",81.9,3.37
"2010-10-28",82.2,3.36
"2010-10-29",81.45,3.36
"2010-11-01",82.94,3.42
"2010-11-02",83.91,3.2
"2010-11-03",84.45,3.35
"2010-11-04",86.49,3.53
"2010-11-05",86.85,3.47
"2010-11-08",87.07,3.49
"2010-11-09",87.04,3.76
"2010-11-10",87.77,4
"2010-11-11",87.77,3.73
"2010-11-12",84.89,3.5
"2010-11-15",84.88,3.56
"2010-11-16",82.33,3.66
"2010-11-17",80.43,3.77
"2010-11-18",81.88,3.89
"2010-11-19",81.65,3.79
"2010-11-22",81.24,4.02
"2010-11-23",80.79,3.93
"2010-11-24",83.21,3.82
"2010-11-25",82,3.875
"2010-11-26",83.87,3.82
"2010-11-29",85.73,4.12
"2010-11-30",84.12,4.16
"2010-12-01",86.75,4.21
"2010-12-02",87.98,4.28
"2010-12-03",89.18,4.23
"2010-12-06",89.33,4.47
"2010-12-07",88.69,4.48
"2010-12-08",88.3,4.47
"2010-12-09",88.35,4.52
"2010-12-10",87.81,4.37
"2010-12-13",88.62,4.55
"2010-12-14",88.33,4.35
"2010-12-15",88.66,4.22
"2010-12-16",87.71,4.19
"2010-12-17",88.02,3.99
"2010-12-20",88.68,4.1
"2010-12-21",89.3,4.17
"2010-12-22",89.83,4.01
"2010-12-23",90.84,4.08
"2010-12-24",90.335,4.045
"2010-12-27",90.99,4.05
"2010-12-28",91.48,4.1
"2010-12-29",91.13,4.19
"2010-12-30",89.85,4.22
"2010-12-31",91.38,4.22
"2011-01-03",91.59,4.54
"2011-01-04",89.39,4.61
"2011-01-05",90.3,4.52
"2011-01-06",88.37,4.49
"2011-01-07",88.07,4.42
"2011-01-10",89.24,4.49
"2011-01-11",91.11,4.42
"2011-01-12",91.85,4.55
"2011-01-13",91.39,4.48
"2011-01-14",91.53,4.38
"2011-01-17",91.46,4.43
"2011-01-18",91.38,4.52
"2011-01-19",90.85,4.48
"2011-01-20",88.56,4.57
"2011-01-21",88.22,4.72
"2011-01-24",86.74,4.72
"2011-01-25",85.08,4.46
"2011-01-26",86.15,4.4
"2011-01-27",84.45,4.41
"2011-01-28",88.15,4.27
"2011-01-31",90.99,4.42
"2011-02-01",89.54,4.42
"2011-02-02",89.78,4.55
"2011-02-03",89.42,4.69
"2011-02-04",87.87,4.48
"2011-02-07",86.3,4.32
"2011-02-08",85.85,4.24
"2011-02-09",85.59,4.22
"2011-02-10",85.44,4.11
"2011-02-11",84.39,3.96
"2011-02-14",83.66,3.89
"2011-02-15",83.13,3.92
"2011-02-16",83.8,3.93
"2011-02-17",85.05,3.9
"2011-02-18",85.03,3.84
"2011-02-21",85.04,3.87
"2011-02-22",92.65,3.89
"2011-02-23",96.04,3.83
"2011-02-24",95.83,3.83
"2011-02-25",96.52,3.81
"2011-02-28",97.1,3.93
"2011-03-01",99.63,3.93
"2011-03-02",102.27,3.79
"2011-03-03",101.92,3.75
"2011-03-04",104.34,3.7
"2011-03-07",105.37,3.73
"2011-03-08",105.06,3.83
"2011-03-09",104.39,3.81
"2011-03-10",102.73,3.87
"2011-03-11",101.14,3.78
"2011-03-14",101.2,3.9
"2011-03-15",97.23,3.81
"2011-03-16",97.99,3.86
"2011-03-17",101.47,3.85
"2011-03-18",101.06,3.98
"2011-03-21",102.36,3.99
"2011-03-22",104.53,4.05
"2011-03-23",105.21,4.18
"2011-03-24",105.04,4.27
"2011-03-25",104.89,4.13
"2011-03-28",103.54,4.35
"2011-03-29",104.34,4.27
"2011-03-30",103.8,4.25
"2011-03-31",106.19,4.32
"2011-04-01",107.55,4.32
"2011-04-04",108.14,4.21
"2011-04-05",107.82,4.22
"2011-04-06",108.38,4.17
"2011-04-07",109.82,4.12
"2011-04-08",112.27,4.05
"2011-04-11",109.5,4.05
"2011-04-12",105.75,4.08
"2011-04-13",106.6,4.14
"2011-04-14",107.73,4.12
"2011-04-15",109.17,4.21
"2011-04-18",106.7,4.23
"2011-04-19",107.18,4.19
"2011-04-20",110.84,4.33
"2011-04-21",111.72,4.33
"2011-04-22",111.28,4.33
"2011-04-25",111.68,4.37
"2011-04-26",111.72,4.32
"2011-04-27",112.31,4.35
"2011-04-28",112.38,4.38
"2011-04-29",113.39,4.51
"2011-05-02",113.03,4.6
"2011-05-03",110.6,4.6
"2011-05-04",108.79,4.59
"2011-05-05",99.89,4.49
"2011-05-06",96.87,4.24
"2011-05-09",100.32,4.28
"2011-05-10",103.39,4.19
"2011-05-11",97.88,4.23
"2011-05-12",98.53,4.1
"2011-05-13",99.21,4.09
"2011-05-16",96.91,4.21
"2011-05-17",96.4,4.25
"2011-05-18",99.52,4.15
"2011-05-19",97.99,4.1
"2011-05-20",99.15,4.05
"2011-05-23",97.06,4.27
"2011-05-24",99.13,4.37
"2011-05-25",100.78,4.36
"2011-05-26",100.18,4.37
"2011-05-27",100.58,4.36
"2011-05-30",100.38,4.365
"2011-05-31",102.7,4.63
"2011-06-01",100.3,4.62
"2011-06-02",100.41,4.64
"2011-06-03",100.28,4.72
"2011-06-06",99.07,4.83
"2011-06-07",99.18,4.83
"2011-06-08",100.77,4.83
"2011-06-09",101.95,4.92
"2011-06-10",99.3,4.72
"2011-06-13",97.2,4.75
"2011-06-14",99.37,4.59
"2011-06-15",94.83,4.53
"2011-06-16",94.95,4.54
"2011-06-17",93.02,4.39
"2011-06-20",93.23,4.33
"2011-06-21",93.7,4.37
"2011-06-22",94.96,4.42
"2011-06-23",90.7,4.31
"2011-06-24",90.89,4.2
"2011-06-27",90.65,4.25
"2011-06-28",92.9,4.34
"2011-06-29",94.85,4.4
"2011-06-30",95.3,4.28
"2011-07-01",94.81,4.33
"2011-07-04",95.055,4.305
"2011-07-05",96.92,4.4
"2011-07-06",96.67,4.34
"2011-07-07",98.7,4.25
"2011-07-08",96.2,4.19
"2011-07-11",95.16,4.35
"2011-07-12",97.41,4.38
"2011-07-13",98.04,4.43
"2011-07-14",95.75,4.42
"2011-07-15",97.24,4.49
"2011-07-18",95.94,4.6
"2011-07-19",97.49,4.6
"2011-07-20",98.11,4.64
"2011-07-21",98.96,4.58
"2011-07-22",99.53,4.46
"2011-07-25",98.97,4.45
"2011-07-26",99.61,4.43
"2011-07-27",97.4,4.46
"2011-07-28",97.48,4.41
"2011-07-29",95.68,4.26
"2011-08-01",94.98,4.29
"2011-08-02",93.78,4.3
"2011-08-03",91.87,4.26
"2011-08-04",86.75,4.2
"2011-08-05",86.89,4
"2011-08-08",81.27,4
"2011-08-09",79.32,4.06
"2011-08-10",83.05,4.09
"2011-08-11",85.48,4.06
"2011-08-12",85.19,4.17
"2011-08-15",87.88,4.05
"2011-08-16",86.65,4.03
"2011-08-17",87.58,3.98
"2011-08-18",82.38,3.98
"2011-08-19",82.33,3.99
"2011-08-22",84.42,3.97
"2011-08-23",85.35,4.01
"2011-08-24",84.99,4.1
"2011-08-25",85.15,4.01
"2011-08-26",85.37,3.96
"2011-08-29",87.27,3.93
"2011-08-30",88.9,3.85
"2011-08-31",88.81,3.97
"2011-09-01",88.93,4.18
"2011-09-02",86.45,4.12
"2011-09-05",87.69,4.15
"2011-09-06",85.99,3.93
"2011-09-07",89.34,3.96
"2011-09-08",89.05,3.99
"2011-09-09",87.24,3.96
"2011-09-12",88.19,3.92
"2011-09-13",90.21,3.96
"2011-09-14",88.91,4.01
"2011-09-15",89.4,4.04
"2011-09-16",87.96,3.84
"2011-09-19",85.7,3.78
"2011-09-20",86.92,3.84
"2011-09-21",85.77,3.78
"2011-09-22",80.29,3.72
"2011-09-23",79.58,3.74
"2011-09-26",79.97,3.8
"2011-09-27",84.18,3.92
"2011-09-28",80.94,3.88
"2011-09-29",81.87,3.77
"2011-09-30",78.93,3.68
"2011-10-03",77.34,3.57
"2011-10-04",75.4,3.56
"2011-10-05",79.41,3.63
"2011-10-06",82.32,3.49
"2011-10-07",82.7,3.4
"2011-10-10",85.14,3.41
"2011-10-11",85.54,3.52
"2011-10-12",85.3,3.54
"2011-10-13",83.96,3.42
"2011-10-14",86.8,3.49
"2011-10-17",86.38,3.72
"2011-10-18",88.34,3.63
"2011-10-19",86.11,3.59
"2011-10-20",86.07,3.61
"2011-10-21",87.19,3.54
"2011-10-24",91.12,3.61
"2011-10-25",92.98,3.62
"2011-10-26",90.2,3.65
"2011-10-27",93.96,3.59
"2011-10-28",93.32,3.63
"2011-10-31",93.19,3.66
"2011-11-01",92.19,3.49
"2011-11-02",92.51,3.39
"2011-11-03",94.07,3.39
"2011-11-04",94.26,3.44
"2011-11-07",95.52,3.35
"2011-11-08",96.8,3.42
"2011-11-09",95.74,3.55
"2011-11-10",97.78,3.48
"2011-11-11",98.99,3.29
"2011-11-14",98.14,3.17
"2011-11-15",99.37,3.12
"2011-11-16",102.59,3.11
"2011-11-17",98.82,3.11
"2011-11-18",97.67,3.01
"2011-11-21",96.73,2.94
"2011-11-22",97.76,3.06
"2011-11-23",96.16,2.84
"2011-11-24",96.96,2.95
"2011-11-25",96.91,2.84
"2011-11-28",98.21,3.09
"2011-11-29",99.79,3.39
"2011-11-30",100.36,3.53
"2011-12-01",100.2,3.49
"2011-12-02",100.97,3.35
"2011-12-05",100.94,3.38
"2011-12-06",101.25,3.43
"2011-12-07",100.45,3.45
"2011-12-08",98.35,3.42
"2011-12-09",99.4,3.29
"2011-12-12",97.77,3.13
"2011-12-13",100.24,3.12
"2011-12-14",94.92,3.08
"2011-12-15",93.84,3.05
"2011-12-16",93.55,3.01
"2011-12-19",93.86,3.03
"2011-12-20",97.16,3.06
"2011-12-21",98.54,3.05
"2011-12-22",99.42,3.08
"2011-12-23",99.72,2.97
"2011-12-26",99.57,3.025
"2011-12-27",101.29,3.09
"2011-12-28",99.44,3.07
"2011-12-29",99.68,3.03
"2011-12-30",98.83,2.98
"2012-01-02",99.255,3.005
"2012-01-03",102.96,2.97
"2012-01-04",103.22,2.96
"2012-01-05",101.81,2.91
"2012-01-06",101.56,2.85
"2012-01-09",101.31,2.89
"2012-01-10",102.24,2.97
"2012-01-11",100.89,2.81
"2012-01-12",99.03,2.7
"2012-01-13",98.69,2.67
"2012-01-16",98.86,2.685
"2012-01-17",100.7,2.51
"2012-01-18",100.61,2.49
"2012-01-19",100.32,2.36
"2012-01-20",98.15,2.23
"2012-01-23",99.47,2.39
"2012-01-24",98.84,2.6
"2012-01-25",99.23,2.61
"2012-01-26",99.76,2.68
"2012-01-27",99.47,2.59
"2012-01-30",98.75,2.71
"2012-01-31",98.46,2.51
"2012-02-01",97.63,2.32
"2012-02-02",96.36,2.3
"2012-02-03",97.8,2.4
"2012-02-06",96.89,2.46
"2012-02-07",98.55,2.6
"2012-02-08",98.8,2.48
"2012-02-09",99.88,2.5
"2012-02-10",98.68,2.51
"2012-02-13",100.39,2.42
"2012-02-14",100.82,2.48
"2012-02-15",101.82,2.54
"2012-02-16",102.33,2.47
"2012-02-17",103.27,2.67
"2012-02-20",102.8,2.57
"2012-02-21",105.88,2.63
"2012-02-22",105.99,2.6
"2012-02-23",107.44,2.68
"2012-02-24",109.39,2.6
"2012-02-27",108.49,2.55
"2012-02-28",106.59,2.44
"2012-02-29",107.08,2.44
"2012-03-01",108.76,2.45
"2012-03-02",106.68,2.38
"2012-03-05",106.7,2.31
"2012-03-06",104.71,2.3
"2012-03-07",106.16,2.24
"2012-03-08",106.65,2.24
"2012-03-09",107.4,2.21
"2012-03-12",106.34,2.17
"2012-03-13",106.7,2.15
"2012-03-14",105.49,2.13
"2012-03-15",105.19,2.07
"2012-03-16",107.03,2.01
"2012-03-19",108.09,2.14
"2012-03-20",105.68,2.19
"2012-03-21",106.87,2.21
"2012-03-22",104.98,2.19
"2012-03-23",106.43,2.07
"2012-03-26",107.07,2.16
"2012-03-27",107.32,2.09
"2012-03-28",105.4,2.05
"2012-03-29",102.79,2.02
"2012-03-30",103.03,2
"2012-04-02",105.25,1.88
"2012-04-03",104.02,1.94
"2012-04-04",101.53,2.06
"2012-04-05",103.29,1.98
"2012-04-06",102.41,2.02
"2012-04-09",102.45,1.99
"2012-04-10",101.12,1.99
"2012-04-11",102.66,1.91
"2012-04-12",103.69,1.87
"2012-04-13",102.84,1.87
"2012-04-16",102.92,1.88
"2012-04-17",104.23,1.89
"2012-04-18",102.65,1.87
"2012-04-19",102.38,1.85
"2012-04-20",103.58,1.82
"2012-04-23",102.68,1.89
"2012-04-24",103.1,1.97
"2012-04-25",103.72,1.99
"2012-04-26",104.56,2.1
"2012-04-27",104.86,2.05
"2012-04-30",104.89,2.1
"2012-05-01",106.17,2.29
"2012-05-02",105.25,2.31
"2012-05-03",102.56,2.29
"2012-05-04",98.49,2.3
"2012-05-07",97.86,2.3
"2012-05-08",97.13,2.27
"2012-05-09",96.8,2.36
"2012-05-10",97.1,2.36
"2012-05-11",96.03,2.37
"2012-05-14",94.75,2.41
"2012-05-15",93.97,2.38
"2012-05-16",92.78,2.5
"2012-05-17",92.53,2.6
"2012-05-18",91.51,2.56
"2012-05-21",92.57,2.6
"2012-05-22",91.44,2.55
"2012-05-23",89.4,2.6
"2012-05-24",90.36,2.66
"2012-05-25",90.64,2.56
"2012-05-28",90.5,2.61
"2012-05-29",90.75,2.5
"2012-05-30",87.79,2.39
"2012-05-31",86.52,2.34
"2012-06-01",83.17,2.24
"2012-06-04",83.95,2.32
"2012-06-05",84.31,2.39
"2012-06-06",85.05,2.41
"2012-06-07",84.78,2.33
"2012-06-08",84.08,2.22
"2012-06-11",82.58,2.22
"2012-06-12",83.35,2.17
"2012-06-13",82.56,2.18
"2012-06-14",83.83,2.2
"2012-06-15",84.03,2.44
"2012-06-18",83.26,2.45
"2012-06-19",83.99,2.59
"2012-06-20",81.06,2.6
"2012-06-21",77.91,2.48
"2012-06-22",79.33,2.5
"2012-06-25",78.76,2.7
"2012-06-26",79.34,2.7
"2012-06-27",80.27,2.87
"2012-06-28",77.72,2.81
"2012-06-29",85.04,2.74
"2012-07-02",83.72,2.73
"2012-07-03",87.74,2.78
"2012-07-04",85.73,2.755
"2012-07-05",87.11,2.9
"2012-07-06",84.37,2.94
"2012-07-09",85.93,2.79
"2012-07-10",83.92,2.87
"2012-07-11",85.88,2.72
"2012-07-12",86.02,2.83
"2012-07-13",87.15,2.88
"2012-07-16",88.41,2.92
"2012-07-17",89.07,2.83
"2012-07-18",89.88,2.84
"2012-07-19",92.78,2.99
"2012-07-20",91.56,3.03
"2012-07-23",87.77,3.05
"2012-07-24",88.28,3.16
"2012-07-25",88.8,3.19
"2012-07-26",89.4,3.13
"2012-07-27",90.13,3.1
"2012-07-30",89.8,3.14
"2012-07-31",88.08,3.2
"2012-08-01",88.99,3.2
"2012-08-02",87.22,3.16
"2012-08-03",91.4,2.91
"2012-08-06",92.3,2.9
"2012-08-07",93.68,2.99
"2012-08-08",93.39,2.97
"2012-08-09",93.39,2.89
"2012-08-10",92.94,2.84
"2012-08-13",92.76,2.77
"2012-08-14",93.4,2.79
"2012-08-15",94.35,2.82
"2012-08-16",95.66,2.78
"2012-08-17",96,2.7
"2012-08-20",96.03,2.75
"2012-08-21",96.55,2.8
"2012-08-22",96.89,2.8
"2012-08-23",95.87,2.81
"2012-08-24",95.78,2.81
"2012-08-27",95.54,2.8
"2012-08-28",96.3,2.71
"2012-08-29",95.5,2.64
"2012-08-30",94.61,2.72
"2012-08-31",96.47,2.72
"2012-09-03",95.54,2.72
"2012-09-04",95.34,2.81
"2012-09-05",95.37,2.87
"2012-09-06",95.58,2.85
"2012-09-07",96.41,2.73
"2012-09-10",96.52,2.66
"2012-09-11",97.03,2.82
"2012-09-12",97.02,2.96
"2012-09-13",98.3,3.01
"2012-09-14",98.94,2.94
"2012-09-17",96.51,2.83
"2012-09-18",95.25,2.74
"2012-09-19",91.97,2.7
"2012-09-20",92.14,2.76
"2012-09-21",92.64,2.76
"2012-09-24",91.68,2.82
"2012-09-25",91.07,2.84
"2012-09-26",89.92,2.92
"2012-09-27",91.89,3.01
"2012-09-28",92.18,3.08
"2012-10-01",92.44,3.19
"2012-10-02",91.88,3.21
"2012-10-03",88.19,3.21
"2012-10-04",91.69,3.23
"2012-10-05",89.87,3.26
"2012-10-08",89.43,3.18
"2012-10-09",92.42,3.18
"2012-10-10",91.24,3.26
"2012-10-11",92.19,3.28
"2012-10-12",91.83,3.38
"2012-10-15",91.84,3.35
"2012-10-16",92.07,3.27
"2012-10-17",92.04,3.24
"2012-10-18",92,3.28
"2012-10-19",90,3.43
"2012-10-22",88.3,3.49
"2012-10-23",86.65,3.34
"2012-10-24",85.39,3.43
"2012-10-25",85.59,3.39
"2012-10-26",85.84,3.38
"2012-10-29",85.52,3.4
"2012-10-30",85.65,3.42
"2012-10-31",86.23,3.5
"2012-11-01",87.05,3.5
"2012-11-02",84.9,3.4
"2012-11-05",85.64,3.34
"2012-11-06",88.62,3.41
"2012-11-07",84.5,3.47
"2012-11-08",85.07,3.45
"2012-11-09",86.08,3.33
"2012-11-12",85.56,3.4
"2012-11-13",85.38,3.57
"2012-11-14",86.32,3.66
"2012-11-15",85.45,3.63
"2012-11-16",86.62,3.46
"2012-11-19",89.05,3.63
"2012-11-20",86.46,3.62
"2012-11-21",87.08,3.59
"2012-11-22",86.77,3.605
"2012-11-23",87.01,3.59
"2012-11-26",87.28,3.75
"2012-11-27",86.81,3.77
"2012-11-28",86.1,3.71
"2012-11-29",87.64,3.61
"2012-11-30",88.54,3.46
"2012-12-03",88.69,3.44
"2012-12-04",88.04,3.38
"2012-12-05",87.36,3.41
"2012-12-06",85.47,3.48
"2012-12-07",85.45,3.33
"2012-12-10",85.14,3.35
"2012-12-11",85.36,3.39
"2012-12-12",86.35,3.33
"2012-12-13",85.39,3.27
"2012-12-14",86.32,3.15
"2012-12-17",86.71,3.2
"2012-12-18",87.46,3.29
"2012-12-19",89.09,3.25
"2012-12-20",89.76,3.35
"2012-12-21",88.2,3.42
"2012-12-24",88.29,3.3
"2012-12-25",88.245,3.36
"2012-12-26",90.71,3.35
"2012-12-27",90.91,3.31
"2012-12-28",90.66,3.4
"2012-12-31",91.83,3.43
"2013-01-01",91.245,3.415
"2013-01-02",93.14,3.3
"2013-01-03",92.97,3.19
"2013-01-04",93.12,3.2
"2013-01-07",93.2,3.3
"2013-01-08",93.21,3.21
"2013-01-09",93.08,3.14
"2013-01-10",93.81,3.08
"2013-01-11",93.6,3.18
"2013-01-14",94.27,3.39
"2013-01-15",93.26,3.4
"2013-01-16",94.28,3.43
"2013-01-17",95.49,3.44
"2013-01-18",95.61,3.54
"2013-01-21",95.55,3.49
"2013-01-22",96.09,3.63
"2013-01-23",95.06,3.53
"2013-01-24",95.35,3.56
"2013-01-25",95.15,3.42
"2013-01-28",95.95,3.25
"2013-01-29",97.62,3.14
"2013-01-30",97.98,3.24
"2013-01-31",97.65,3.33
"2013-02-01",97.46,3.34
"2013-02-04",96.21,3.27
"2013-02-05",96.68,3.34
"2013-02-06",96.44,3.41
"2013-02-07",95.84,3.39
"2013-02-08",95.71,3.26
"2013-02-11",97.01,3.2
"2013-02-12",97.48,3.3
"2013-02-13",97.03,3.29
"2013-02-14",97.3,3.3
"2013-02-15",95.95,3.19
"2013-02-18",96.625,3.245
"2013-02-19",96.69,3.23
"2013-02-20",94.92,3.34
"2013-02-21",92.79,3.29
"2013-02-22",93.12,3.27
"2013-02-25",92.74,3.42
"2013-02-26",92.63,3.46
"2013-02-27",92.84,3.49
"2013-02-28",92.03,3.48
"2013-03-01",90.71,3.54
"2013-03-04",90.13,3.53
"2013-03-05",90.88,3.63
"2013-03-06",90.47,3.57
"2013-03-07",91.53,3.54
"2013-03-08",92.01,3.57
"2013-03-11",92.07,3.64
"2013-03-12",92.44,3.71
"2013-03-13",92.47,3.72
"2013-03-14",93.03,3.74
"2013-03-15",93.49,3.89
"2013-03-18",93.71,3.98
"2013-03-19",92.44,3.96
"2013-03-20",93.21,3.97
"2013-03-21",92.46,4.01
"2013-03-22",93.41,4.01
"2013-03-25",94.55,4.08
"2013-03-26",95.99,3.99
"2013-03-27",96.53,4.08
"2013-03-28",97.24,4.03
"2013-03-29",96.885,4.055
"2013-04-01",97.1,3.97
"2013-04-02",97.23,4.07
"2013-04-03",95.02,4
"2013-04-04",93.26,3.94
"2013-04-05",92.76,3.98
"2013-04-08",93.36,4.18
"2013-04-09",94.18,4.08
"2013-04-10",94.59,4.07
"2013-04-11",93.44,4.11
"2013-04-12",91.23,4.21
"2013-04-15",88.75,4.23
"2013-04-16",88.73,4.19
"2013-04-17",86.65,4.24
"2013-04-18",87.83,4.23
"2013-04-19",88.04,4.38
"2013-04-22",88.81,4.33
"2013-04-23",89.21,4.27
"2013-04-24",91.07,4.25
"2013-04-25",93.27,4.19
"2013-04-26",92.63,4.16
"2013-04-29",94.09,4.28
"2013-04-30",93.22,4.3
"2013-05-01",90.74,4.31
"2013-05-02",93.7,4.28
"2013-05-03",95.25,3.98
"2013-05-06",95.8,3.93
"2013-05-07",95.28,3.88
"2013-05-08",96.24,3.86
"2013-05-09",96.09,3.87
"2013-05-10",95.81,3.9
"2013-05-13",94.76,3.87
"2013-05-14",93.96,3.93
"2013-05-15",93.95,4.03
"2013-05-16",94.85,4.01
"2013-05-17",95.72,3.89
"2013-05-20",96.29,4.1
"2013-05-21",95.55,4.13
"2013-05-22",93.98,4.16
"2013-05-23",94.12,4.15
"2013-05-24",93.84,4.15
"2013-05-27",93.98,4.15
"2013-05-28",94.65,4.19
"2013-05-29",93.13,4.15
"2013-05-30",93.57,4.12
"2013-05-31",91.93,4.02
"2013-06-03",93.41,4
"2013-06-04",93.36,4
"2013-06-05",93.66,3.99
"2013-06-06",94.71,3.93
"2013-06-07",96.11,3.79
"2013-06-10",95.82,3.85
"2013-06-11",95.5,3.77
"2013-06-12",95.98,3.74
"2013-06-13",96.66,3.73
"2013-06-14",97.83,3.76
"2013-06-17",97.86,3.78
"2013-06-18",98.46,3.9
"2013-06-19",98.24,3.93
"2013-06-20",94.89,3.9
"2013-06-21",93.81,3.85
"2013-06-24",95.07,3.81
"2013-06-25",95.25,3.77
"2013-06-26",95.47,3.72
"2013-06-27",97,3.73
"2013-06-28",96.36,3.57
"2013-07-01",97.94,3.52
"2013-07-02",99.65,3.58
"2013-07-03",101.92,3.54
"2013-07-04",100.785,3.56
"2013-07-05",103.09,3.52
"2013-07-08",103.03,3.65
"2013-07-09",103.46,3.69
"2013-07-10",106.41,3.69
"2013-07-11",104.77,3.64
"2013-07-12",105.85,3.61
"2013-07-15",106.2,3.67
"2013-07-16",105.88,3.69
"2013-07-17",106.39,3.67
"2013-07-18",107.94,3.66
"2013-07-19",108,3.78
"2013-07-22",106.61,3.71
"2013-07-23",107.13,3.68
"2013-07-24",105.41,3.7
"2013-07-25",105.47,3.68
"2013-07-26",104.76,3.59
"2013-07-29",104.61,3.49
"2013-07-30",103.14,3.48
"2013-07-31",105.1,3.46
"2013-08-01",107.93,3.44
"2013-08-02",106.94,3.39
"2013-08-05",106.61,3.33
"2013-08-06",105.32,3.35
"2013-08-07",104.41,3.32
"2013-08-08",103.45,3.27
"2013-08-09",106.04,3.32
"2013-08-12",106.19,3.34
"2013-08-13",106.78,3.34
"2013-08-14",106.89,3.36
"2013-08-15",107.43,3.34
"2013-08-16",107.58,3.35
"2013-08-19",107.14,3.46
"2013-08-20",104.9,3.48
"2013-08-21",103.93,3.51
"2013-08-22",104.93,3.52
"2013-08-23",106.48,3.5
"2013-08-26",105.88,3.55
"2013-08-27",109.11,3.5
"2013-08-28",110.17,3.54
"2013-08-29",108.51,3.58
"2013-08-30",107.98,3.57
"2013-09-02",108.245,3.575
"2013-09-03",108.67,3.64
"2013-09-04",107.29,3.68
"2013-09-05",108.5,3.7
"2013-09-06",110.62,3.55
"2013-09-09",109.62,3.62
"2013-09-10",107.48,3.65
"2013-09-11",107.65,3.6
"2013-09-12",108.72,3.57
"2013-09-13",108.31,3.6
"2013-09-16",106.54,3.64
"2013-09-17",105.36,3.77
"2013-09-18",108.23,3.72
"2013-09-19",106.26,3.73
"2013-09-20",104.7,3.68
"2013-09-23",103.62,3.66
"2013-09-24",103.22,3.59
"2013-09-25",102.68,3.52
"2013-09-26",103.1,3.49
"2013-09-27",102.86,3.51
"2013-09-30",102.36,3.48
"2013-10-01",102.09,3.56
"2013-10-02",104.15,3.63
"2013-10-03",103.29,3.58
"2013-10-04",103.83,3.57
"2013-10-07",103.07,3.62
"2013-10-08",103.54,3.72
"2013-10-09",101.63,3.7
"2013-10-10",103.08,3.74
"2013-10-11",102.17,3.74
"2013-10-14",102.46,3.82
"2013-10-15",101.15,3.83
"2013-10-16",102.34,3.84
"2013-10-17",100.72,3.75
"2013-10-18",100.87,3.72
"2013-10-21",99.28,3.77
"2013-10-22",97.63,3.7
"2013-10-23",96.9,3.66
"2013-10-24",96.65,3.65
"2013-10-25",97.4,3.69
"2013-10-28",98.74,3.61
"2013-10-29",98.29,3.57
"2013-10-30",96.81,3.55
"2013-10-31",96.29,3.57
"2013-11-01",94.56,3.45
"2013-11-04",94.58,3.38
"2013-11-05",93.4,3.37
"2013-11-06",94.74,3.46
"2013-11-07",94.25,3.59
"2013-11-08",94.56,3.54
"2013-11-11",95.13,3.62
"2013-11-12",93.12,3.69
"2013-11-13",93.91,3.69
"2013-11-14",93.76,3.52
"2013-11-15",93.8,3.56
"2013-11-18",93.03,3.71
"2013-11-19",93.35,3.63
"2013-11-20",93.34,3.63
"2013-11-21",95.35,3.68
"2013-11-22",94.53,3.78
"2013-11-25",93.86,3.85
"2013-11-26",93.41,3.87
"2013-11-27",92.05,3.87
"2013-11-28",92.73,3.87
"2013-11-29",92.55,3.87
"2013-12-02",93.61,3.85
"2013-12-03",95.83,3.84
"2013-12-04",96.97,3.89
"2013-12-05",97.14,3.97
"2013-12-06",97.48,4.15
"2013-12-09",97.1,4.24
"2013-12-10",98.32,4.24
"2013-12-11",97.25,4.24
"2013-12-12",97.21,4.4
"2013-12-13",96.27,4.44
"2013-12-16",97.18,4.21
"2013-12-17",96.99,4.2
"2013-12-18",97.59,4.25
"2013-12-19",98.4,4.25
"2013-12-20",99.11,4.35
"2013-12-23",98.62,4.52
"2013-12-24",98.87,4.52
"2013-12-25",98.745,4.52
"2013-12-26",99.18,4.4
"2013-12-27",99.94,4.34
"2013-12-30",98.9,4.41
"2013-12-31",98.17,4.31
"2014-01-01",98.535,4.36
"2014-01-02",95.14,4.32
"2014-01-03",93.66,4.39
"2014-01-06",93.12,4.5
"2014-01-07",93.31,4.58
"2014-01-08",91.9,4.36
"2014-01-09",91.36,4.15
"2014-01-10",92.39,3.95
"2014-01-13",91.45,4.19
"2014-01-14",92.15,4.36
"2014-01-15",93.78,4.45
"2014-01-16",93.54,4.55
"2014-01-17",93.96,4.39
"2014-01-20",93.75,4.47
"2014-01-21",94.51,4.61
"2014-01-22",96.35,4.92
"2014-01-23",97.23,5.64
"2014-01-24",96.66,5.17
"2014-01-27",95.82,5.66
"2014-01-28",97.49,5.25
"2014-01-29",97.34,5.23
"2014-01-30",98.25,5.27
"2014-01-31",97.55,5.04
"2014-02-03",96.44,5.04
"2014-02-04",97.24,5.78
"2014-02-05",97.4,8.12
"2014-02-06",97.84,6.9
"2014-02-07",99.98,5.92
"2014-02-10",100.12,8.15
"2014-02-11",99.96,7.75
"2014-02-12",100.38,5.96
"2014-02-13",100.27,5.34
"2014-02-14",100.31,5.54
"2014-02-17",100.29,5.44
"2014-02-18",102.54,5.8
"2014-02-19",103.46,6
"2014-02-20",103.2,5.96
"2014-02-21",102.53,6.24
"2014-02-24",103.17,6.08
"2014-02-25",102.2,5.21
"2014-02-26",102.93,4.81
"2014-02-27",102.68,4.61
"2014-02-28",102.88,4.8
"2014-03-03",105.34,7.09
"2014-03-04",103.64,7.98
"2014-03-05",101.75,6.46
"2014-03-06",101.82,4.89
"2014-03-07",102.82,4.78
"2014-03-10",101.39,4.67
"2014-03-11",100.29,4.67
"2014-03-12",98.29,4.72
"2014-03-13",98.57,4.41
"2014-03-14",99.23,4.4
"2014-03-17",98.43,4.57
"2014-03-18",100.08,4.42
"2014-03-19",100.71,4.43
"2014-03-20",99.68,4.39
"2014-03-21",99.97,4.33
"2014-03-24",100.05,4.42
"2014-03-25",99.66,4.53
"2014-03-26",100.61,4.44
"2014-03-27",101.25,4.39
"2014-03-28",101.73,4.5
"2014-03-31",101.57,4.48
"2014-04-01",99.69,4.39
"2014-04-02",99.6,4.39
"2014-04-03",100.29,4.51
"2014-04-04",101.16,4.49
"2014-04-07",100.43,4.58
"2014-04-08",102.57,4.57
"2014-04-09",103.55,4.67
"2014-04-10",103.37,4.67
"2014-04-11",103.68,4.67
"2014-04-14",104.05,4.64
"2014-04-15",103.7,4.69
"2014-04-16",103.71,4.64
"2014-04-17",104.33,4.64
"2014-04-18",104.02,4.64
"2014-04-21",104.35,4.76
"2014-04-22",101.69,4.76
"2014-04-23",101.47,4.81
"2014-04-24",102.2,4.81
"2014-04-25",100.85,4.83
"2014-04-28",101.13,4.72
"2014-04-29",101.56,4.78
"2014-04-30",100.07,4.79
"2014-05-01",99.69,4.79
"2014-05-02",100.09,4.73
"2014-05-05",99.74,4.73
"2014-05-06",99.81,4.8
"2014-05-07",101.06,4.82
"2014-05-08",100.52,4.77
"2014-05-09",100.32,4.59
"2014-05-12",100.89,4.52
"2014-05-13",102.01,4.47
"2014-05-14",102.63,4.47
"2014-05-15",101.74,4.42
"2014-05-16",102.31,4.42
"2014-05-19",102.95,4.54
"2014-05-20",102.8,4.53
"2014-05-21",104.31,4.57
"2014-05-22",104.03,4.57
"2014-05-23",105.01,4.4
"2014-05-26",104.52,4.485
"2014-05-27",104.78,4.4
"2014-05-28",103.37,4.56
"2014-05-29",104.26,4.63
"2014-05-30",103.4,4.49
"2014-06-02",103.07,4.49
"2014-06-03",103.34,4.62
"2014-06-04",103.27,4.62
"2014-06-05",103.17,4.66
"2014-06-06",103.32,4.66
"2014-06-09",105.09,4.67
"2014-06-10",105.02,4.67
"2014-06-11",105.04,4.51
"2014-06-12",107.2,4.51
"2014-06-13",107.49,4.7
"2014-06-16",107.52,4.71
"2014-06-17",106.95,4.68
"2014-06-18",106.64,4.68
"2014-06-19",107.08,4.67
"2014-06-20",107.95,4.53
"2014-06-23",106.83,4.53
"2014-06-24",106.64,4.49
"2014-06-25",107.04,4.58
"2014-06-26",106.49,4.58
"2014-06-27",106.46,4.39
"2014-06-30",106.07,4.39
"2014-07-01",106.06,4.47
"2014-07-02",105.18,4.47
"2014-07-03",104.76,4.31
"2014-07-04",104.97,4.39
"2014-07-07",104.19,4.31
"2014-07-08",104.06,4.18
"2014-07-09",102.93,4.17
"2014-07-10",103.61,4.15
"2014-07-11",101.48,4.13
"2014-07-14",101.73,4.13
"2014-07-15",100.56,4.13
"2014-07-16",101.88,4.16
"2014-07-17",103.84,4.04
"2014-07-18",103.83,4.08
"2014-07-21",105.34,3.87
"2014-07-22",104.59,3.81
"2014-07-23",103.81,3.83
"2014-07-24",102.76,3.83
"2014-07-25",105.23,3.86
"2014-07-28",105.68,3.84
"2014-07-29",104.91,3.79
"2014-07-30",104.29,3.78
"2014-07-31",98.23,3.78
"2014-08-01",97.86,3.77
"2014-08-04",98.26,3.87
"2014-08-05",97.34,3.87
"2014-08-06",96.93,3.92
"2014-08-07",97.34,3.99
"2014-08-08",97.61,3.94
"2014-08-11",98.09,4
"2014-08-12",97.36,3.94
"2014-08-13",97.57,3.9
"2014-08-14",95.54,3.85
"2014-08-15",97.3,3.8
"2014-08-18",96.44,3.78
"2014-08-19",94.35,3.84
"2014-08-20",96.4,3.88
"2014-08-21",93.97,3.88
"2014-08-22",93.61,3.88
"2014-08-25",95.39,3.94
"2014-08-26",95.78,3.99
"2014-08-27",95.82,4.02
"2014-08-28",96.44,4.06
"2014-08-29",97.86,4.04
"2014-09-01",97.15,4.05
"2014-09-02",92.92,4.01
"2014-09-03",95.5,3.94
"2014-09-04",94.51,3.91
"2014-09-05",93.32,3.86
"2014-09-08",92.64,3.86
"2014-09-09",92.73,3.93
"2014-09-10",91.71,3.98
"2014-09-11",92.89,3.94
"2014-09-12",92.18,3.82
"2014-09-15",92.86,3.92
"2014-09-16",94.91,3.85
"2014-09-17",94.33,3.97
"2014-09-18",93.07,3.99
"2014-09-19",92.43,3.99
"2014-09-22",91.46,3.88
"2014-09-23",91.55,3.9
"2014-09-24",93.6,3.84
"2014-09-25",93.59,3.89
"2014-09-26",95.55,3.89
"2014-09-29",94.53,3.89
"2014-09-30",91.17,4.14
"2014-10-01",90.74,4.14
"2014-10-02",91.02,4
"2014-10-03",89.76,3.94
"2014-10-06",90.33,3.89
"2014-10-07",88.89,3.88
"2014-10-08",87.29,3.88
"2014-10-09",85.76,3.87
"2014-10-10",85.87,3.86
"2014-10-13",85.73,3.87
"2014-10-14",81.72,3.91
"2014-10-15",81.82,3.81
"2014-10-16",82.33,3.8
"2014-10-17",82.8,3.73
"2014-10-20",82.76,3.69
"2014-10-21",83.25,3.62
"2014-10-22",80.52,3.69
"2014-10-23",82.81,3.6
"2014-10-24",81.27,3.53
"2014-10-27",81.26,3.56
"2014-10-28",81.36,3.53
"2014-10-29",82.25,3.6
"2014-10-30",81.06,3.76
"2014-10-31",80.53,3.82
"2014-11-03",78.77,3.82
"2014-11-04",77.15,3.67
"2014-11-05",78.71,3.83
"2014-11-06",77.87,3.92
"2014-11-07",78.71,3.92
"2014-11-10",77.43,4.18
"2014-11-11",77.85,4.18
"2014-11-12",77.16,4.2
"2014-11-13",74.13,4.2
"2014-11-14",75.91,4.05
"2014-11-17",75.64,4.26
"2014-11-18",74.55,4.33
"2014-11-19",74.55,4.41
"2014-11-20",75.63,4.41
"2014-11-21",76.52,4.32
"2014-11-24",75.74,4.09
"2014-11-25",74.04,4.09
"2014-11-26",73.7,4.15
"2014-11-27",73.87,4.12
"2014-11-28",65.94,4.3
"2014-12-01",68.98,4.3
"2014-12-02",66.99,3.77
"2014-12-03",67.3,3.63
"2014-12-04",66.73,3.63
"2014-12-05",65.89,3.42
"2014-12-08",63.13,3.42
"2014-12-09",63.74,3.63
"2014-12-10",60.99,3.65
"2014-12-11",60.01,3.68
"2014-12-12",57.81,3.91
"2014-12-15",55.96,3.72
"2014-12-16",55.97,3.58
"2014-12-17",56.43,3.72
"2014-12-18",54.18,3.71
"2014-12-19",56.91,3.71
"2014-12-22",55.25,3.05
"2014-12-23",56.78,2.99
"2014-12-24",55.7,2.99
"2014-12-25",56.24,2.99
"2014-12-26",54.59,2.74
"2014-12-29",53.46,3.07
"2014-12-30",54.14,3.14
"2014-12-31",53.45,3.14
"2015-01-01",53.795,3.14
"2015-01-02",52.72,3.01
"2015-01-05",50.05,3.22
"2015-01-06",47.98,2.98
"2015-01-07",48.69,3.08
"2015-01-08",48.8,2.92
"2015-01-09",48.35,2.96
"2015-01-12",46.06,2.9
"2015-01-13",45.92,2.92
"2015-01-14",48.49,3.15
"2015-01-15",46.37,3.32
"2015-01-16",48.49,3.11
"2015-01-19",47.43,3.215
"2015-01-20",46.79,2.94
"2015-01-21",47.85,2.94
"2015-01-22",45.93,2.95
"2015-01-23",45.26,2.96
"2015-01-26",44.8,2.92
"2015-01-27",45.84,2.96
"2015-01-28",44.08,2.89
"2015-01-29",44.12,2.88
"2015-01-30",47.79,2.88
"2015-02-02",49.25,2.88
"2015-02-03",53.04,2.67
"2015-02-04",48.45,2.73
"2015-02-05",50.48,2.66
"2015-02-06",51.66,2.66
"2015-02-09",52.99,2.62
"2015-02-10",50.06,2.67
"2015-02-11",48.8,2.86
"2015-02-12",51.17,2.86
"2015-02-13",52.66,2.75
"2015-02-16",51.915,2.805
"2015-02-17",53.56,2.75
"2015-02-18",52.13,2.92
"2015-02-19",51.12,2.92
"2015-02-20",49.95,3.02
"2015-02-23",49.56,3.22
"2015-02-24",48.48,3.22
"2015-02-25",50.25,3.21
"2015-02-26",47.65,3.21
"2015-02-27",49.84,2.79
"2015-03-02",49.59,2.79
"2015-03-03",50.43,3
"2015-03-04",51.53,3.27
"2015-03-05",50.76,3.27
"2015-03-06",49.61,2.89
"2015-03-09",49.95,2.75
"2015-03-10",48.42,2.76
"2015-03-11",48.06,2.76
"2015-03-12",47.12,2.82
"2015-03-13",44.88,2.72
"2015-03-16",43.93,2.68
"2015-03-17",43.39,2.82
"2015-03-18",44.63,2.8
"2015-03-19",44.02,2.86
"2015-03-20",46,2.86
"2015-03-23",47.4,2.72
"2015-03-24",47.03,2.79
"2015-03-25",48.75,2.77
"2015-03-26",51.41,2.77
"2015-03-27",48.83,2.89
"2015-03-30",48.66,2.64
"2015-03-31",47.72,2.65
"2015-04-01",50.12,2.62
"2015-04-02",49.13,2.63
"2015-04-03",49.625,2.625
"2015-04-06",52.08,2.63
"2015-04-07",53.95,2.71
"2015-04-08",50.44,2.71
"2015-04-09",50.79,2.72
"2015-04-10",51.63,2.58
"2015-04-13",51.95,2.58
"2015-04-14",53.3,2.58
"2015-04-15",56.25,2.62
"2015-04-16",56.69,2.61
"2015-04-17",55.71,2.67
"2015-04-20",56.37,2.57
"2015-04-21",55.58,2.59
"2015-04-22",56.17,2.63
"2015-04-23",56.59,2.59
"2015-04-24",55.98,2.59
"2015-04-27",55.56,2.5
"2015-04-28",57.05,2.55
"2015-04-29",58.55,2.55
"2015-04-30",59.62,2.56
"2015-05-01",59.1,2.68
"2015-05-04",58.92,2.72
"2015-05-05",60.38,2.76
"2015-05-06",60.93,2.76
"2015-05-07",58.99,2.74
"2015-05-08",59.41,2.78
"2015-05-11",59.23,2.85
"2015-05-12",60.72,2.85
"2015-05-13",60.5,2.85
"2015-05-14",59.89,2.87
"2015-05-15",59.73,2.96
"2015-05-18",59.44,3.01
"2015-05-19",57.3,3.01
"2015-05-20",58.96,3.04
"2015-05-21",60.18,2.96
"2015-05-22",58.88,2.96
"2015-05-25",59.53,2.96
"2015-05-26",57.29,2.82
"2015-05-27",57.51,2.82
"2015-05-28",57.69,2.78
"2015-05-29",60.25,2.78
"2015-06-01",60.24,2.78
"2015-06-02",61.3,2.63
"2015-06-03",59.67,2.65
"2015-06-04",58,2.6
"2015-06-05",59.11,2.6
"2015-06-08",58.15,2.6
"2015-06-09",60.15,2.72
"2015-06-10",61.36,2.81
"2015-06-11",60.74,2.88
"2015-06-12",59.96,2.88
"2015-06-15",59.53,2.89
"2015-06-16",60.01,2.94
"2015-06-17",59.89,2.93
"2015-06-18",60.41,2.93
"2015-06-19",59.62,2.81
"2015-06-22",60.01,2.79
"2015-06-23",61.05,2.83
"2015-06-24",60.01,2.83
"2015-06-25",59.59,2.8
"2015-06-26",59.41,2.77
"2015-06-29",58.34,2.77
"2015-06-30",59.48,2.8
"2015-07-01",56.94,2.78
"2015-07-02",56.93,2.79
"2015-07-03",56.935,2.79
"2015-07-06",52.48,2.79
"2015-07-07",52.33,2.77
"2015-07-08",51.61,2.77
"2015-07-09",52.76,2.7
"2015-07-10",52.74,2.7
"2015-07-13",52.19,2.88
"2015-07-14",53.05,2.88
"2015-07-15",51.4,2.93
"2015-07-16",50.9,2.9
"2015-07-17",50.88,2.88
"2015-07-20",50.11,2.88
"2015-07-21",50.59,2.84
"2015-07-22",49.27,2.84
"2015-07-23",48.11,2.92
"2015-07-24",47.98,2.92
"2015-07-27",47.17,2.92
"2015-07-28",47.97,2.89
"2015-07-29",48.77,2.91
"2015-07-30",48.53,2.87
"2015-07-31",47.11,2.76
"2015-08-03",45.25,2.76
"2015-08-04",45.75,2.83
"2015-08-05",45.13,2.85
"2015-08-06",44.69,2.76
"2015-08-07",43.87,2.76
"2015-08-10",44.94,2.85
"2015-08-11",43.11,2.84
"2015-08-12",43.22,2.93
"2015-08-13",42.27,2.93
"2015-08-14",42.45,2.83
"2015-08-17",41.93,2.79
"2015-08-18",42.58,2.71
"2015-08-19",40.75,2.77
"2015-08-20",41,2.77
"2015-08-21",40.45,2.7
"2015-08-24",38.22,2.65
"2015-08-25",39.15,2.71
"2015-08-26",38.5,2.73
"2015-08-27",42.47,2.69
"2015-08-28",45.29,2.69
"2015-08-31",49.2,2.7
"2015-09-01",45.38,2.7
"2015-09-02",46.3,2.7
"2015-09-03",46.75,2.67
"2015-09-04",46.02,2.67
"2015-09-07",46.385,2.67
"2015-09-08",45.92,2.74
"2015-09-09",44.13,2.74
"2015-09-10",45.85,2.71
"2015-09-11",44.75,2.67
"2015-09-14",44.07,2.7
"2015-09-15",44.58,2.74
"2015-09-16",47.12,2.69
"2015-09-17",46.93,2.69
"2015-09-18",44.71,2.69
"2015-09-21",46.67,2.61
"2015-09-22",46.17,2.61
"2015-09-23",44.53,2.62
"2015-09-24",44.94,2.62
"2015-09-25",45.55,2.6
"2015-09-28",44.4,2.66
"2015-09-29",45.24,2.57
"2015-09-30",45.06,2.47
"2015-10-01",44.75,2.37
"2015-10-02",45.54,2.37
"2015-10-05",46.28,2.34
"2015-10-06",48.53,2.35
"2015-10-07",47.86,2.35
"2015-10-08",49.46,2.35
"2015-10-09",49.67,2.49
"2015-10-12",47.09,2.48
"2015-10-13",46.7,2.47
"2015-10-14",46.63,2.47
"2015-10-15",46.38,2.54
"2015-10-16",47.3,2.42
"2015-10-19",45.91,2.43
"2015-10-20",45.84,2.46
"2015-10-21",45.22,2.37
"2015-10-22",44.9,2.37
"2015-10-23",43.91,2.28
"2015-10-26",43.19,2.18
"2015-10-27",43.21,2.14
"2015-10-28",45.93,2.14
"2015-10-29",46.02,2.15
"2015-10-30",46.6,1.98
"2015-11-02",46.12,1.92
"2015-11-03",47.88,1.92
"2015-11-04",46.32,2.04
"2015-11-05",45.27,2.04
"2015-11-06",44.32,2.19
"2015-11-09",43.87,2.19
"2015-11-10",44.23,2.14
"2015-11-11",42.95,2.13
"2015-11-12",41.74,2.05
"2015-11-13",40.69,2.02
"2015-11-16",41.68,2.02
"2015-11-17",40.73,2.05
"2015-11-18",40.75,2.1
"2015-11-19",40.55,2.1
"2015-11-20",39.39,2.18
"2015-11-23",39.27,2.18
"2015-11-24",40.89,2.14
"2015-11-25",41.22,2.14
"2015-11-26",41.055,2.14
"2015-11-27",40.57,2.14
"2015-11-30",40.43,2.11
"2015-12-01",40.58,2.11
"2015-12-02",39.93,2.19
"2015-12-03",41.08,2.14
"2015-12-04",40,2.1
"2015-12-07",37.64,2.06
"2015-12-08",37.46,2.01
"2015-12-09",37.16,2
"2015-12-10",36.76,1.95
"2015-12-11",35.65,1.79
"2015-12-14",36.31,1.7
"2015-12-15",37.32,1.66
"2015-12-16",35.55,1.7
"2015-12-17",34.98,1.79
"2015-12-18",34.72,1.74
"2015-12-21",34.55,1.76
"2015-12-22",36.12,1.73
"2015-12-23",36.76,1.63
"2015-12-24",37.62,1.63
"2015-12-25",37.19,1.63
"2015-12-28",36.36,2.11
"2015-12-29",37.88,2.39
"2015-12-30",36.59,2.28
"2015-12-31",37.13,2.28
"2016-01-01",36.86,2.28
"2016-01-04",36.81,2.39
"2016-01-05",35.97,2.33
"2016-01-06",33.97,2.37
"2016-01-07",33.29,2.35
"2016-01-08",33.2,2.47
"2016-01-11",31.42,2.54
"2016-01-12",30.42,2.4
"2016-01-13",30.42,2.28
"2016-01-14",31.22,2.21
"2016-01-15",29.45,2.18
"2016-01-18",30.335,2.18
"2016-01-19",28.47,2.23
"2016-01-20",26.68,2.18
"2016-01-21",29.55,2.22
"2016-01-22",32.07,2.21
"2016-01-25",30.31,2.16
"2016-01-26",29.54,2.26
"2016-01-27",32.32,2.26
"2016-01-28",33.21,2.15
"2016-01-29",33.66,2.28
"2016-02-01",31.62,2.28
"2016-02-02",29.9,2.07
"2016-02-03",32.29,2.06
"2016-02-04",31.63,2.07
"2016-02-05",30.86,2.08
"2016-02-08",29.71,2.23
"2016-02-09",27.96,2.17
"2016-02-10",27.54,2.16
"2016-02-11",26.19,2.15
"2016-02-12",29.32,2.08
"2016-02-15",27.755,2.08
"2016-02-16",29.05,1.95
"2016-02-17",30.68,1.93
"2016-02-18",30.77,1.89
"2016-02-19",29.59,1.83
"2016-02-22",31.37,1.86
"2016-02-23",31.84,1.85
"2016-02-24",30.35,1.85
"2016-02-25",31.4,1.78
"2016-02-26",31.65,1.78
"2016-02-29",32.74,1.62
"2016-03-01",34.39,1.57
"2016-03-02",34.57,1.6
"2016-03-03",34.56,1.59
"2016-03-04",35.91,1.49
"2016-03-07",37.9,1.56
"2016-03-08",36.67,1.6
"2016-03-09",37.62,1.61
"2016-03-10",37.77,1.72
"2016-03-11",38.51,1.74
"2016-03-14",37.2,1.68
"2016-03-15",36.32,1.81
"2016-03-16",38.43,1.77
"2016-03-17",40.17,1.84
"2016-03-18",39.47,1.84
"2016-03-21",39.91,1.79
"2016-03-22",41.45,1.79
"2016-03-23",38.28,1.79
"2016-03-24",38.14,1.78
"2016-03-25",38.21,1.78
"2016-03-28",37.99,1.78
"2016-03-29",36.91,1.77
"2016-03-30",36.91,1.87
"2016-03-31",36.94,1.98
"2016-04-01",35.36,1.88
"2016-04-04",34.3,1.96
"2016-04-05",34.52,1.96
"2016-04-06",37.74,1.91
"2016-04-07",37.3,1.96
"2016-04-08",39.74,1.99
"2016-04-11",40.46,1.9
"2016-04-12",42.12,1.97
"2016-04-13",41.7,2.01
"2016-04-14",41.45,1.93
"2016-04-15",40.4,1.71
"2016-04-18",39.74,1.76
"2016-04-19",40.88,1.94
"2016-04-20",42.72,1.94
"2016-04-21",43.18,1.96
"2016-04-22",42.76,1.92
"2016-04-25",41.67,1.97
"2016-04-26",42.52,1.97
"2016-04-27",45.29,1.88
"2016-04-28",46.03,1.88
"2016-04-29",45.98,1.89
"2016-05-02",44.75,1.91
"2016-05-03",43.65,1.94
"2016-05-04",43.77,2.03
"2016-05-05",44.33,2.05
"2016-05-06",44.58,1.86
"2016-05-09",43.45,2.01
"2016-05-10",44.68,2.01
"2016-05-11",46.21,2.01
"2016-05-12",46.64,2.01
"2016-05-13",46.22,1.96
"2016-05-16",47.72,1.91
"2016-05-17",48.29,1.97
"2016-05-18",48.12,1.91
"2016-05-19",48.16,1.83
"2016-05-20",47.67,1.81
"2016-05-23",48.12,1.96
"2016-05-24",48.04,1.91
"2016-05-25",49.1,1.77
"2016-05-26",49,1.77
"2016-05-27",49.36,1.77
"2016-05-30",49.18,1.77
"2016-05-31",49.1,2.12
"2016-06-01",49.07,2.25
"2016-06-02",49.14,2.3
"2016-06-03",48.69,2.31
"2016-06-06",49.71,2.32
"2016-06-07",50.37,2.32
"2016-06-08",51.23,2.36
"2016-06-09",50.52,2.34
"2016-06-10",49.09,2.46
"2016-06-13",48.89,2.55
"2016-06-14",48.49,2.55
"2016-06-15",47.92,2.62
"2016-06-16",46.14,2.62
"2016-06-17",48,2.59
"2016-06-20",49.4,2.74
"2016-06-21",48.95,2.79
"2016-06-22",49.16,2.82
"2016-06-23",49.34,2.69
"2016-06-24",46.7,2.71
"2016-06-27",45.8,2.79
"2016-06-28",47.93,2.89
"2016-06-29",49.85,2.94
"2016-06-30",48.27,2.94
"2016-07-01",49.02,2.89
"2016-07-04",48.645,2.89
"2016-07-05",46.73,2.82
"2016-07-06",47.37,2.82
"2016-07-07",45.22,2.78
"2016-07-08",45.37,2.8
"2016-07-11",44.73,2.88
"2016-07-12",46.82,2.88
"2016-07-13",44.87,2.81
"2016-07-14",45.64,2.79
"2016-07-15",45.93,2.7
"2016-07-18",45.23,2.83
"2016-07-19",44.64,2.83
"2016-07-20",44.96,2.76
"2016-07-21",43.96,2.76
"2016-07-22",43.41,2.8
"2016-07-25",42.4,2.8
"2016-07-26",42.16,2.84
"2016-07-27",41.9,2.84
"2016-07-28",41.13,2.79
"2016-07-29",41.54,2.97
"2016-08-01",40.05,2.97
"2016-08-02",39.5,2.79
"2016-08-03",40.8,2.89
"2016-08-04",41.92,2.89
"2016-08-05",41.83,2.88
"2016-08-08",43.06,2.85
"2016-08-09",42.78,2.85
"2016-08-10",41.75,2.76
"2016-08-11",43.51,2.7
"2016-08-12",44.47,2.7
"2016-08-15",45.72,2.75
"2016-08-16",46.57,2.75
"2016-08-17",46.81,2.76
"2016-08-18",48.2,2.75
"2016-08-19",48.48,2.67
"2016-08-22",46.8,2.75
"2016-08-23",47.54,2.75
"2016-08-24",46.29,2.82
"2016-08-25",46.97,2.89
"2016-08-26",47.64,2.91
"2016-08-29",46.97,2.97
"2016-08-30",46.32,2.95
"2016-08-31",44.68,2.95
"2016-09-01",43.17,2.95
"2016-09-02",44.39,2.88
"2016-09-05",43.78,2.88
"2016-09-06",44.85,2.88
"2016-09-07",45.47,2.77
"2016-09-08",47.63,2.88
"2016-09-09",45.88,2.93
"2016-09-12",46.28,3.04
"2016-09-13",44.91,3.04
"2016-09-14",43.62,3.07
"2016-09-15",43.85,2.98
"2016-09-16",43.04,2.97
"2016-09-19",43.34,3
"2016-09-20",43.85,3.12
"2016-09-21",45.33,3.19
"2016-09-22",46.1,3.18
"2016-09-23",44.36,3.06
"2016-09-26",45.6,3.06
"2016-09-27",44.65,3.09
"2016-09-28",47.07,3.07
"2016-09-29",47.72,2.98
"2016-09-30",47.72,2.84
"2016-10-03",48.8,2.84
"2016-10-04",48.67,2.83
"2016-10-05",49.75,2.83
"2016-10-06",50.44,3.04
"2016-10-07",49.76,3.02
"2016-10-10",49.76,3.18
"2016-10-11",50.72,3.17
"2016-10-12",50.14,3.17
"2016-10-13",50.47,3.16
"2016-10-14",50.35,3.18
"2016-10-17",49.97,3.21
"2016-10-18",50.3,3.25
"2016-10-19",51.59,3.18
"2016-10-20",50.31,3.12
"2016-10-21",50.61,2.92
"2016-10-24",50.18,2.78
"2016-10-25",49.45,2.69
"2016-10-26",48.75,2.69
"2016-10-27",49.71,2.72
"2016-10-28",48.72,2.72
"2016-10-31",46.83,2.85
"2016-11-01",46.66,2.53
"2016-11-02",45.32,2.53
"2016-11-03",44.66,2.41
"2016-11-04",44.07,2.2
"2016-11-07",44.88,2.37
"2016-11-08",44.96,2.34
"2016-11-09",45.2,2.22
"2016-11-10",44.62,2.08
"2016-11-11",43.39,2.08
"2016-11-14",43.29,2.26
"2016-11-15",45.86,2.49
"2016-11-16",45.56,2.49
"2016-11-17",45.37,2.37
"2016-11-18",45.69,2.6
"2016-11-21",47.48,2.81
"2016-11-22",48.07,2.73
"2016-11-23",46.72,2.76
"2016-11-24",47.395,2.76
"2016-11-25",46.72,2.76
"2016-11-28",45.66,2.96
"2016-11-29",45.29,3.02
"2016-11-30",49.41,3.32
"2016-12-01",51.08,3.32
"2016-12-02",51.7,3.44
"2016-12-05",51.72,3.44
"2016-12-06",50.95,3.75
"2016-12-07",49.85,3.8
"2016-12-08",50.84,3.68
"2016-12-09",51.51,3.75
"2016-12-12",52.74,3.6
"2016-12-13",52.99,3.65
"2016-12-14",51.01,3.55
"2016-12-15",50.9,3.56
"2016-12-16",51.93,3.51
"2016-12-19",52.13,3.55
"2016-12-20",52.22,3.39
"2016-12-21",51.44,3.5
"2016-12-22",51.98,3.5
"2016-12-23",52.01,3.6
"2016-12-26",51.995,3.6
"2016-12-27",52.82,3.7
"2016-12-28",54.01,3.7
"2016-12-29",53.8,3.71
"2016-12-30",53.75,3.71
"2017-01-02",53.775,3.71
"2017-01-03",52.36,3.41
"2017-01-04",53.26,3.42
"2017-01-05",53.77,3.42
"2017-01-06",53.98,3.38
"2017-01-09",51.95,3.14
"2017-01-10",50.82,3.21
"2017-01-11",52.19,3.27
"2017-01-12",53.01,3.36
"2017-01-13",52.36,3.36
"2017-01-16",52.685,3.36
"2017-01-17",52.45,3.37
"2017-01-18",51.12,3.26
"2017-01-19",51.39,3.25
"2017-01-20",52.33,3.23
"2017-01-23",52.77,3.16
"2017-01-24",52.38,3.16
"2017-01-25",52.14,3.26
"2017-01-26",53.24,3.44
"2017-01-27",53.18,3.31
"2017-01-30",52.63,3.22
"2017-01-31",52.75,3
"2017-02-01",53.9,3.15
"2017-02-02",53.55,3.13
"2017-02-03",53.81,3.13
"2017-02-06",53.01,2.92
"2017-02-07",52.19,3.03
"2017-02-08",52.37,3.05
"2017-02-09",52.99,3.11
"2017-02-10",53.84,3.11
"2017-02-13",52.96,2.93
"2017-02-14",53.21,2.85
"2017-02-15",53.11,2.95
"2017-02-16",53.41,2.88
"2017-02-17",53.41,2.75
"2017-02-20",53.41,2.75
"2017-02-21",54.02,2.56
"2017-02-22",53.61,2.52
"2017-02-23",54.48,2.63
"2017-02-24",53.99,2.63
"2017-02-27",54.04,2.44
"2017-02-28",54,2.54
"2017-03-01",53.82,2.54
"2017-03-02",52.63,2.59
"2017-03-03",53.33,2.5
"2017-03-06",53.19,2.68
"2017-03-07",52.68,2.68
"2017-03-08",49.83,2.59
"2017-03-09",48.75,2.83
"2017-03-10",48.05,2.98
"2017-03-13",47.95,3.04
"2017-03-14",47.24,3.02
"2017-03-15",48.34,3.02
"2017-03-16",48.3,2.84
"2017-03-17",48.34,2.85
"2017-03-20",47.79,2.93
"2017-03-21",47.02,3.09
"2017-03-22",47.29,3.02
"2017-03-23",47,2.93
"2017-03-24",47.3,2.97
"2017-03-27",47.02,2.94
"2017-03-28",48.36,2.95
"2017-03-29",49.47,3.03
"2017-03-30",50.3,3.08
"2017-03-31",50.54,3.13
"2017-04-03",50.25,3.13
"2017-04-04",50.99,3.06
"2017-04-05",51.14,3.22
"2017-04-06",51.69,3.23
"2017-04-07",52.25,3.23
"2017-04-10",53.06,3.15
"2017-04-11",53.38,3.11
"2017-04-12",53.12,2.97
"2017-04-13",53.19,3
"2017-04-14",53.155,3
"2017-04-17",52.62,3.09
"2017-04-18",52.46,3.11
"2017-04-19",50.49,3.11
"2017-04-20",50.26,3.13
"2017-04-21",49.64,3.06
"2017-04-24",48.9,3.06
"2017-04-25",49.22,2.99
"2017-04-26",49.22,3.06
"2017-04-27",48.96,3.13
"2017-04-28",49.31,3.2
"2017-05-01",48.83,3.2
"2017-05-02",47.65,3.13
"2017-05-03",47.79,3.14
"2017-05-04",45.55,3.11
"2017-05-05",46.23,3.1
"2017-05-08",46.46,3.06
"2017-05-09",45.84,3.03
"2017-05-10",47.28,3.03
"2017-05-11",47.81,3.23
"2017-05-12",47.83,3.24
"2017-05-15",48.86,3.26
"2017-05-16",48.64,3.27
"2017-05-17",49.04,3.27
"2017-05-18",49.36,3.13
"2017-05-19",50.32,3.11
"2017-05-22",50.81,3.24
"2017-05-23",51.12,3.22
"2017-05-24",50.99,3.22
"2017-05-25",48.57,3.1
"2017-05-26",49.58,3.1
"2017-05-29",49.075,3.1
"2017-05-30",49.63,3.1
"2017-05-31",48.29,3.05
"2017-06-01",48.32,3.05
"2017-06-02",47.68,2.85
"2017-06-05",47.4,2.92
"2017-06-06",48.13,2.92
"2017-06-07",45.8,3.06
"2017-06-08",45.68,2.98
"2017-06-09",45.82,3.03
"2017-06-12",46.1,3.12
"2017-06-13",46.41,3.12
"2017-06-14",44.79,2.95
"2017-06-15",44.47,2.94
"2017-06-16",44.73,3.01
"2017-06-19",44.24,2.87
"2017-06-20",43.34,2.91
"2017-06-21",42.48,2.91
"2017-06-22",42.53,2.88
"2017-06-23",42.86,2.89
"2017-06-26",43.24,2.98
"2017-06-27",44.25,2.99
"2017-06-28",44.74,3.03
"2017-06-29",44.88,3.07
"2017-06-30",46.02,2.98
"2017-07-03",45.45,2.98
"2017-07-04",45.735,2.98
"2017-07-05",45.11,2.98
"2017-07-06",45.52,2.89
"2017-07-07",44.25,2.91
"2017-07-10",44.4,2.92
"2017-07-11",45.06,2.98
"2017-07-12",45.48,3.01
"2017-07-13",46.06,2.96
"2017-07-14",46.53,2.94
"2017-07-17",46.02,3.04
"2017-07-18",46.4,3.11
"2017-07-19",47.1,3.11
"2017-07-20",46.73,3.12
"2017-07-21",45.78,3.06
"2017-07-24",46.21,2.99
"2017-07-25",47.77,2.99
"2017-07-26",48.58,2.92
"2017-07-27",49.05,2.95
"2017-07-28",49.72,2.96
"2017-07-31",50.21,2.87
"2017-08-01",49.19,2.8
"2017-08-02",49.6,2.8
"2017-08-03",49.03,2.76
"2017-08-04",49.57,2.76
"2017-08-07",49.37,2.8
"2017-08-08",49.07,2.81
"2017-08-09",49.59,2.81
"2017-08-10",48.54,2.89
"2017-08-11",48.81,2.96
"2017-08-14",47.59,3.02
"2017-08-15",47.57,2.96
"2017-08-16",46.8,2.94
"2017-08-17",47.07,2.91
"2017-08-18",48.59,2.9
"2017-08-21",47.39,3
"2017-08-22",47.65,3
"2017-08-23",48.45,2.94
"2017-08-24",47.24,2.97
"2017-08-25",47.65,2.93
"2017-08-28",46.4,2.95
"2017-08-29",46.46,2.95
"2017-08-30",45.96,2.95
"2017-08-31",47.26,2.92
"2017-09-01",47.32,2.88
"2017-09-04",47.29,2.88
"2017-09-05",48.63,2.88
"2017-09-06",49.13,2.98
"2017-09-07",49.1,2.92
"2017-09-08",47.44,2.88
"2017-09-11",48.06,2.88
"2017-09-12",48.21,2.88
"2017-09-13",49.3,3.02
"2017-09-14",49.86,3.03
"2017-09-15",49.9,3
"2017-09-18",49.88,3.11
"2017-09-19",49.54,3.18
"2017-09-20",50.29,3.13
"2017-09-21",50.58,3.11
"2017-09-22",50.33,2.93
"2017-09-25",51.85,2.96
"2017-09-26",51.59,2.96
"2017-09-27",52.14,2.98
"2017-09-28",51.62,2.96
"2017-09-29",51.67,2.94
"2017-10-02",50.59,2.94
"2017-10-03",50.44,2.73
"2017-10-04",50,2.8
"2017-10-05",50.79,2.8
"2017-10-06",49.34,2.93
"2017-10-09",49.58,2.87
"2017-10-10",50.93,2.89
"2017-10-11",51.3,2.89
"2017-10-12",50.61,2.95
"2017-10-13",51.43,2.99
"2017-10-16",51.86,2.87
"2017-10-17",51.87,2.88
"2017-10-18",52.05,2.81
"2017-10-19",51.29,2.83
"2017-10-20",51.63,2.8
"2017-10-23",51.91,2.95
"2017-10-24",52.32,2.95
"2017-10-25",51.97,2.98
"2017-10-26",52.41,2.91
"2017-10-27",53.92,2.78
"2017-10-30",54.11,2.94
"2017-10-31",54.36,2.84
"2017-11-01",54.32,2.68
"2017-11-02",54.55,2.68
"2017-11-03",55.63,2.75
"2017-11-06",57.34,3.01
"2017-11-07",57.19,3.07
"2017-11-08",56.82,3.16
"2017-11-09",57.16,3.18
"2017-11-10",56.75,3.17
"2017-11-13",56.77,3.13
"2017-11-14",55.67,3.06
"2017-11-15",55.28,3.16
"2017-11-16",55.14,3.09
"2017-11-17",56.21,3.04
"2017-11-20",56.21,3.04
"2017-11-21",56.84,3.05
"2017-11-22",57.88,3.05
"2017-11-23",57.36,3.05
"2017-11-24",58.94,3.05
"2017-11-27",58.1,2.88
"2017-11-28",57.96,2.88
"2017-11-29",57.25,3.06
"2017-11-30",57.4,3.06
"2017-12-01",58.35,2.84
"2017-12-04",57.48,2.91
"2017-12-05",57.66,2.86
"2017-12-06",55.79,2.86
"2017-12-07",56.5,2.81
"2017-12-08",57.15,2.78
"2017-12-11",57.84,2.81
"2017-12-12",57.12,2.87
"2017-12-13",56.59,2.87
"2017-12-14",57,2.69
"2017-12-15",57.29,2.6
"2017-12-18",57.17,2.71
"2017-12-19",57.49,2.75
"2017-12-20",58.09,2.72
"2017-12-21",58.34,2.64
"2017-12-22",58.25,2.63
"2017-12-25",58.295,2.635
"2017-12-26",59.55,2.68
"2017-12-27",59.67,2.76
"2017-12-28",59.84,2.97
"2017-12-29",60.46,3.69
"2018-01-01",60.15,3.33
"2018-01-02",60.37,6.24
"2018-01-03",61.61,6.24
"2018-01-04",61.98,4.65
"2018-01-05",61.49,5.445
"2018-01-08",61.73,2.89
"2018-01-09",62.92,2.93
"2018-01-10",63.6,3.16
"2018-01-11",63.81,3.16
"2018-01-12",64.22,4.06
"2018-01-15",64.015,3.61
"2018-01-16",63.82,5.46
"2018-01-17",63.92,3.92
"2018-01-18",63.96,3.92
"2018-01-19",63.38,3.2
"2018-01-22",63.66,3.13
"2018-01-23",64.45,3.35
"2018-01-24",65.69,3.54
"2018-01-25",65.62,3.54
"2018-01-26",66.27,3.58
"2018-01-29",65.71,3.6
"2018-01-30",64.64,3.6
"2018-01-31",64.82,3.34
"2018-02-01",65.92,3.06
"2018-02-02",65.5,2.91
"2018-02-05",64.18,2.85
"2018-02-06",63.48,2.75
"2018-02-07",61.91,2.74
"2018-02-08",61.3,2.74
"2018-02-09",59.2,2.66
"2018-02-12",59.41,2.6
"2018-02-13",59.33,2.58
"2018-02-14",60.7,2.53
"2018-02-15",61.48,2.49
"2018-02-16",61.89,2.49
"2018-02-19",61.685,2.49
"2018-02-20",61.91,2.61
"2018-02-21",61.73,2.65
"2018-02-22",62.72,2.65
"2018-02-23",63.52,2.58
"2018-02-26",63.81,2.6
"2018-02-27",62.94,2.59
"2018-02-28",61.43,2.66
"2018-03-01",60.98,2.67
"2018-03-02",61.19,2.67
"2018-03-05",62.49,2.7
"2018-03-06",62.54,2.7
"2018-03-07",61.09,2.8
"2018-03-08",60.13,2.8
"2018-03-09",62.02,2.71
"2018-03-12",61.35,2.78
"2018-03-13",60.69,2.76
"2018-03-14",60.89,2.69
"2018-03-15",61.16,2.7
"2018-03-16",62.29,2.62
"2018-03-19",62.01,2.62
"2018-03-20",63.37,2.71
"2018-03-21",65.1,2.74
"2018-03-22",64.25,2.62
"2018-03-23",65.8,2.58
"2018-03-26",65.49,2.63
"2018-03-27",65.21,2.6
"2018-03-28",64.3,2.64
"2018-03-29",64.87,2.81
"2018-03-30",64.585,2.725
"2018-04-02",63.05,2.75
"2018-04-03",63.41,2.75
"2018-04-04",63.35,2.81
"2018-04-05",63.53,2.81
"2018-04-06",62.03,2.81
"2018-04-09",63.4,2.78
"2018-04-10",65.48,2.78
"2018-04-11",66.81,2.74
"2018-04-12",67.07,2.76
"2018-04-13",67.35,2.82
"2018-04-16",66.23,2.88
"2018-04-17",66.5,2.84
"2018-04-18",68.44,2.85
"2018-04-19",68.3,2.8
"2018-04-20",68.26,2.78
"2018-04-23",67.61,2.78
"2018-04-24",67.66,2.79
"2018-04-25",68,2.81
"2018-04-26",68.18,2.81
"2018-04-27",68.11,2.82
"2018-04-30",68.56,2.75
"2018-05-01",67.28,2.75
"2018-05-02",67.91,2.77
"2018-05-03",68.45,2.75
"2018-05-04",69.71,2.75
"2018-05-07",70.74,2.74
"2018-05-08",68.83,2.77
"2018-05-09",71.16,2.75
"2018-05-10",71.36,2.78
"2018-05-11",70.69,2.75
"2018-05-14",71.01,2.84
"2018-05-15",71.34,2.83
"2018-05-16",71.43,2.85
"2018-05-17",71.47,2.75
"2018-05-18",71.23,2.75
"2018-05-21",72.26,2.77
"2018-05-22",72.09,2.76
"2018-05-23",71.85,2.89
"2018-05-24",70.77,2.88
"2018-05-25",67.92,2.88
"2018-05-28",69.345,2.88
"2018-05-29",66.8,2.84
"2018-05-30",68.24,2.83
"2018-05-31",66.98,2.94
"2018-06-01",65.81,2.91
"2018-06-04",64.76,2.89
"2018-06-05",65.51,2.89
"2018-06-06",64.75,2.89
"2018-06-07",65.96,3.02
"2018-06-08",65.77,2.91
"2018-06-11",66.1,3
"2018-06-12",66.38,2.98
"2018-06-13",66.63,2.98
"2018-06-14",66.91,2.99
"2018-06-15",65.01,3.02
"2018-06-18",65.91,2.99
"2018-06-19",65.09,2.95
"2018-06-20",65.92,2.96
"2018-06-21",65.68,3.08
"2018-06-22",69.02,2.95
"2018-06-25",69.91,2.96
"2018-06-26",75.23,2.98
"2018-06-27",77.41,3.01
"2018-06-28",73.45,2.99
"2018-06-29",74.13,2.96
"2018-07-02",73.89,2.9
"2018-07-03",74.19,2.9
"2018-07-04",74.04,2.9
"2018-07-05",73.05,2.91
"2018-07-06",73.78,2.91
"2018-07-09",73.93,2.9
"2018-07-10",74.11,2.9
"2018-07-11",70.47,2.89
"2018-07-12",70.28,2.89
"2018-07-13",71.03,2.86
"2018-07-16",68.22,2.76
"2018-07-17",68.03,2.81
"2018-07-18",68.78,2.8
"2018-07-19",69.42,2.75
"2018-07-20",70.31,2.79
"2018-07-23",67.9,2.79
"2018-07-24",70.77,2.73
"2018-07-25",71.13,2.82
"2018-07-26",71.59,2.82
"2018-07-27",68.66,2.78
"2018-07-30",71.19,2.75
"2018-07-31",69.88,2.82
"2018-08-01",68.8,2.8
"2018-08-02",68.95,2.77
"2018-08-03",68.49,2.86
"2018-08-06",69.01,2.85
"2018-08-07",69.17,2.95
"2018-08-08",66.92,2.99
"2018-08-09",66.81,3.02
"2018-08-10",67.61,2.96
"2018-08-13",67.25,2.92
"2018-08-14",67.04,3.02
"2018-08-15",65.07,3.02
"2018-08-16",65.44,3.02
"2018-08-17",65.93,3.01
"2018-08-20",66.5,3.04
"2018-08-21",67.32,3.01
"2018-08-22",67.85,3.02
"2018-08-23",69.13,3.01
"2018-08-24",69.71,2.99
"2018-08-27",69.97,2.98
"2018-08-28",68.54,2.98
"2018-08-29",69.68,2.96
"2018-08-30",70.25,2.96
"2018-08-31",69.84,2.98
"2018-09-03",70.045,2.97
"2018-09-04",69.82,2.96
"2018-09-05",68.69,3
"2018-09-06",67.81,2.93
"2018-09-07",67.73,2.88
"2018-09-10",67.55,2.9
"2018-09-11",69.29,2.94
"2018-09-12",70.37,2.98
"2018-09-13",68.6,2.94
"2018-09-14",68.98,2.91
"2018-09-17",68.86,2.95
"2018-09-18",69.87,3
"2018-09-19",71.08,3.11
"2018-09-20",70.77,3.07
"2018-09-21",70.8,3.02
"2018-09-24",73.23,3.04
"2018-09-25",73.4,3.12
"2018-09-26",72.22,3.1
"2018-09-27",72.18,3.05
"2018-09-28",73.16,3.01
"2018-10-01",75.37,3.13
"2018-10-02",75.16,3.14
"2018-10-03",76.4,3.26
"2018-10-04",74.44,3.39
"2018-10-05",74.26,3.25
"2018-10-08",74.27,3.28
"2018-10-09",74.95,3.4
"2018-10-10",73.18,3.45
"2018-10-11",70.97,3.16
"2018-10-12",71.41,3.19
"2018-10-15",71.84,3.26
"2018-10-16",71.93,3.27
"2018-10-17",69.63,3.3
"2018-10-18",68.63,3.28
"2018-10-19",69.16,3.2
"2018-10-22",69.25,3.2
"2018-10-23",66.49,3.28
"2018-10-24",66.56,3.42
"2018-10-25",67.25,3.42
"2018-10-26",67.58,3.27
"2018-10-29",67,3.2
"2018-10-30",66.18,3.27
"2018-10-31",65.31,3.31
"2018-11-01",63.67,3.36
"2018-11-02",63.12,3.26
"2018-11-05",63.12,3.53
"2018-11-06",62.16,3.53
"2018-11-07",61.69,3.54
"2018-11-08",60.71,3.54
"2018-11-09",60.19,3.74
"2018-11-12",59.85,3.96
"2018-11-13",55.63,4.1
"2018-11-14",56.16,4.1
"2018-11-15",56.45,4.69
"2018-11-16",56.49,4.3
"2018-11-19",57.16,4.65
"2018-11-20",53.39,4.65
"2018-11-21",54.41,4.7
"2018-11-22",53.9,4.675
"2018-11-23",54.155,4.6875
"2018-11-26",51.46,4.28
"2018-11-27",51.31,4.28
"2018-11-28",50.06,4.5
"2018-11-29",51.46,4.5
"2018-11-30",50.78,4.61
"2018-12-03",52.98,4.4
"2018-12-04",53.21,4.4
"2018-12-05",52.64,4.69
"2018-12-06",51.54,4.44
"2018-12-07",52.76,4.51
"2018-12-10",51.07,4.54
"2018-12-11",51.65,4.53
"2018-12-12",51.04,4.53
"2018-12-13",52.69,4.31
"2018-12-14",51.26,3.99
"2018-12-17",49.8,3.8
"2018-12-18",46.12,3.8
"2018-12-19",47.96,3.64
"2018-12-20",45.64,3.7
"2018-12-21",45.38,3.7
"2018-12-24",45.51,3.7
"2018-12-25",45.445,3.7
"2018-12-26",46.04,3.42
"2018-12-27",44.48,3.1
"2018-12-28",45.15,3.25
"2018-12-31",44.815,3.175
"2019-01-01",44.9825,3.2125
"2019-01-02",46.31,3.25
"2019-01-03",46.92,2.72
"2019-01-04",47.76,2.8
"2019-01-07",48.27,2.74
"2019-01-08",49.58,2.89
"2019-01-09",52.19,2.92
"2019-01-10",52.42,2.95
"2019-01-11",51.44,2.95
"2019-01-14",50.31,3.36
"2019-01-15",51.8,3.54
"2019-01-16",52.08,3.58
"2019-01-17",51.83,3.58
"2019-01-18",53.6,3.43
"2019-01-21",52.715,3.505
"2019-01-22",52.59,3.43
"2019-01-23",52.44,3.13
"2019-01-24",52.94,3.13
"2019-01-25",53.53,3.07
"2019-01-28",51.79,3.05
"2019-01-29",53.07,2.94
"2019-01-30",54.18,3
"2019-01-31",53.84,2.82
"2019-02-01",55.29,2.7
"2019-02-04",54.57,2.57
"2019-02-05",53.69,2.54
"2019-02-06",53.94,2.58
"2019-02-07",52.68,2.62
"2019-02-08",52.75,2.66
"2019-02-11",52.43,2.76
"2019-02-12",53.14,2.71
"2019-02-13",53.84,2.61
"2019-02-14",54.4,2.61
"2019-02-15",55.58,2.59
"2019-02-18",54.99,2.6
"2019-02-19",56.12,2.69
"2019-02-20",56.9,2.69
"2019-02-21",56.95,2.73
"2019-02-22",57.01,2.74
"2019-02-25",55.32,2.84
"2019-02-26",55.4,2.74
"2019-02-27",56.92,2.89
"2019-02-28",57.21,2.89
"2019-03-01",55.76,3.19
"2019-03-04",56.6,4.25
"2019-03-05",56.55,3.18
"2019-03-06",56.22,3.18
"2019-03-07",56.6,2.9
"2019-03-08",55.77,2.9
"2019-03-11",56.79,2.86
"2019-03-12",56.89,2.83
"2019-03-13",58.27,2.87
"2019-03-14",58.59,2.95
"2019-03-15",58.51,2.95
"2019-03-18",59.09,2.9
"2019-03-19",59.12,2.92
"2019-03-20",60.12,2.86
"2019-03-21",59.98,2.86
"2019-03-22",58.87,2.75
"2019-03-25",58.71,2.72
"2019-03-26",59.87,2.74
"2019-03-27",59.39,2.69
"2019-03-28",59.29,2.69
"2019-03-29",60.19,2.73
"2019-04-01",61.59,2.73
"2019-04-02",62.53,2.76
"2019-04-03",62.46,2.74
"2019-04-04",62.12,2.66
"2019-04-05",63.1,2.62
"2019-04-08",64.37,2.72
"2019-04-09",64.05,2.71
"2019-04-10",64.62,2.72
"2019-04-11",63.61,2.72
"2019-04-12",63.86,2.75
"2019-04-15",63.43,2.75
"2019-04-16",64.01,2.66
"2019-04-17",63.74,2.55
"2019-04-18",64.02,2.54
"2019-04-19",63.88,2.545
"2019-04-22",65.66,2.61
"2019-04-23",66.24,2.53
"2019-04-24",65.96,2.53
"2019-04-25",65.23,2.54
"2019-04-26",63.29,2.58
"2019-04-29",63.39,2.58
"2019-04-30",63.83,2.59
"2019-05-01",63.55,2.59
"2019-05-02",61.75,2.63
"2019-05-03",61.98,2.59
"2019-05-06",62.3,2.54
"2019-05-07",61.41,2.54
"2019-05-08",62.13,2.64
"2019-05-09",61.58,2.62
"2019-05-10",61.65,2.64
"2019-05-13",60.97,2.71
"2019-05-14",61.82,2.7
"2019-05-15",62.03,2.69
"2019-05-16",62.93,2.62
"2019-05-17",62.77,2.61
"2019-05-20",63.12,2.7
"2019-05-21",63.02,2.73
"2019-05-22",61.42,2.73
"2019-05-23",57.65,2.56
"2019-05-24",58.4,2.6
"2019-05-27",58.025,2.58
"2019-05-28",58.91,2.65
"2019-05-29",58.84,2.69
"2019-05-30",56.47,2.69
"2019-05-31",53.49,2.59
"2019-06-03",53.25,2.5
"2019-06-04",53.5,2.45
"2019-06-05",51.57,2.45
"2019-06-06",52.59,2.4
"2019-06-07",53.95,2.43
"2019-06-10",53.33,2.42
"2019-06-11",53.3,2.41
"2019-06-12",51.13,2.43
"2019-06-13",52.38,2.43
"2019-06-14",52.47,2.37
"2019-06-17",51.94,2.46
"2019-06-18",53.86,2.44
"2019-06-19",53.74,2.43
"2019-06-20",56.88,2.38
"2019-06-21",57.35,2.27
"2019-06-24",57.73,2.31
"2019-06-25",57.63,2.31
"2019-06-26",59.17,2.34
"2019-06-27",59.18,2.32
"2019-06-28",58.2,2.42
"2019-07-01",58.91,2.33
"2019-07-02",56,2.3
"2019-07-03",57.06,2.29
"2019-07-04",56.53,2.295
"2019-07-05",56.795,2.2925
"2019-07-08",57.35,2.39
"2019-07-09",57.57,2.41
"2019-07-10",60.28,2.49
"2019-07-11",59.93,2.54
"2019-07-12",59.99,2.54
"2019-07-15",59.3,2.53
"2019-07-16",57.44,2.53
"2019-07-17",56.5,2.44
"2019-07-18",55.08,2.38
"2019-07-19",55.42,2.3
"2019-07-22",55.87,2.33
"2019-07-23",56.58,2.34
"2019-07-24",55.9,2.33
"2019-07-25",55.88,2.26
"2019-07-26",56.04,2.23
"2019-07-29",56.85,2.23
"2019-07-30",58.04,2.22
"2019-07-31",58.53,2.28
"2019-08-01",53.64,2.36
"2019-08-02",55.67,2.12
"2019-08-05",54.63,2.02
"2019-08-06",53.6,2.15
"2019-08-07",51.14,2.18
"2019-08-08",52.6,2.13
"2019-08-09",54.41,2.09
"2019-08-12",54.98,2.21
"2019-08-13",57.05,2.24
"2019-08-14",55.16,2.22
"2019-08-15",54.51,2.19
"2019-08-16",54.83,2.2
"2019-08-19",56.24,2.26
"2019-08-20",56.18,2.35
"2019-08-21",55.65,2.31
"2019-08-22",55.33,2.28
"2019-08-23",54.08,2.15
"2019-08-26",53.54,2.23
"2019-08-27",54.99,2.24
"2019-08-28",55.76,2.24
"2019-08-29",56.67,2.36
"2019-08-30",55.07,2.33
"2019-09-02",55.87,2.345
"2019-09-03",53.91,2.39
"2019-09-04",56.22,2.48
"2019-09-05",56.33,2.49
"2019-09-06",56.45,2.49
"2019-09-09",57.88,2.65
"2019-09-10",57.37,2.67
"2019-09-11",55.66,2.63
"2019-09-12",55.13,2.62
"2019-09-13",54.76,2.61
"2019-09-16",63.1,2.75
"2019-09-17",59.26,2.7
"2019-09-18",58.19,2.72
"2019-09-19",58.19,2.65
"2019-09-20",57.92,2.34
"2019-09-23",58.69,2.55
"2019-09-24",57.22,2.55
"2019-09-25",56.38,2.54
"2019-09-26",56.24,2.57
"2019-09-27",55.95,2.41
"2019-09-30",54.09,2.37
"2019-10-01",53.6,2.36
"2019-10-02",52.67,2.36
"2019-10-03",52.41,2.31
"2019-10-04",52.84,2.25
"2019-10-07",52.76,2.36
"2019-10-08",52.64,2.29
"2019-10-09",52.63,2.26
"2019-10-10",53.57,2.26
"2019-10-11",54.76,2.13
"2019-10-14",53.57,2.13
"2019-10-15",52.81,2.29
"2019-10-16",53.42,2.44
"2019-10-17",53.89,2.29
"2019-10-18",53.75,2.08
"2019-10-21",53.28,2.13
"2019-10-22",54.21,2.21
"2019-10-23",55.9,2.34
"2019-10-24",56.11,2.33
"2019-10-25",56.52,2.26
"2019-10-28",55.6,2.49
"2019-10-29",55.34,2.61
"2019-10-30",54.85,2.71
"2019-10-31",54.02,2.73
"2019-11-01",56.04,2.54
"2019-11-04",56.33,2.77
"2019-11-05",57.04,2.77
"2019-11-06",56.15,2.82
"2019-11-07",56.91,2.84
"2019-11-08",57.02,2.87
"2019-11-11",56.965,2.855
"2019-11-12",56.67,2.72
"2019-11-13",56.88,2.66
"2019-11-14",56.57,2.68
"2019-11-15",57.54,2.7
"2019-11-18",56.82,2.64
"2019-11-19",54.93,2.53
"2019-11-20",56.71,2.56
"2019-11-21",58.36,2.53
"2019-11-22",57.68,2.62
"2019-11-25",57.79,2.51
"2019-11-26",58.25,2.51
"2019-11-27",58.12,2.46
"2019-11-28",58.185,2.485
"2019-11-29",58.12,2.46
"2019-12-02",55.97,2.29
"2019-12-03",56.15,2.42
"2019-12-04",58.46,2.43
"2019-12-05",58.42,2.42
"2019-12-06",59.2,2.31
"2019-12-09",58.99,2.17
"2019-12-10",59.22,2.18
"2019-12-11",58.74,2.28
"2019-12-12",59.18,2.28
"2019-12-13",60.11,2.28
"2019-12-16",60.21,2.34
"2019-12-17",60.88,2.3
"2019-12-18",60.93,2.26
"2019-12-19",61.3,2.21
"2019-12-20",60.43,2.27
"2019-12-23",60.51,2.17
"2019-12-24",61.17,2.11
"2019-12-25",60.84,2.14
"2019-12-26",61.72,2.09
"2019-12-27",61.76,1.75
"2019-12-30",61.66,2.06
"2019-12-31",61.14,2.09
"2020-01-01",61.4,2.075
"2020-01-02",61.17,2.05
"2020-01-03",63,2.06
"2020-01-06",63.27,2.1
"2020-01-07",62.7,2.17
"2020-01-08",59.65,2.09
"2020-01-09",59.56,2.05
"2020-01-10",59.02,2.05
"2020-01-13",58.17,2.03
"2020-01-14",58.34,2.15
"2020-01-15",57.86,2.01
"2020-01-16",58.52,2.06
"2020-01-17",58.55,2.07
"2020-01-20",58.535,2.065
"2020-01-21",58.25,1.98
"2020-01-22",56.76,1.89
"2020-01-23",55.51,1.95
"2020-01-24",54.09,1.91
"2020-01-27",53.09,2.03
"2020-01-28",53.33,1.96
"2020-01-29",53.29,1.93
"2020-01-30",52.19,1.94
"2020-01-31",51.58,1.91
"2020-02-03",50.06,1.9
"2020-02-04",49.59,1.89
"2020-02-05",50.87,1.89
"2020-02-06",50.94,1.86
"2020-02-07",50.34,1.93
"2020-02-10",49.59,1.85
"2020-02-11",50,1.85
"2020-02-12",51.13,1.91
"2020-02-13",51.41,1.95
"2020-02-14",52.03,1.93
"2020-02-17",51.72,1.94
"2020-02-18",52.1,2.04
"2020-02-19",53.31,2.01
"2020-02-20",53.77,1.98
"2020-02-21",53.36,1.96
"2020-02-24",51.36,1.94
"2020-02-25",49.78,1.93
"2020-02-26",48.67,1.96
"2020-02-27",47.17,1.78
"2020-02-28",44.83,1.79
"2020-03-02",46.78,1.75
"2020-03-03",47.27,1.78
"2020-03-04",46.78,1.83
"2020-03-05",45.9,1.89
"2020-03-06",41.14,1.76
"2020-03-09",31.05,1.74
"2020-03-10",34.47,1.91
"2020-03-11",33.13,1.96
"2020-03-12",31.56,1.82
"2020-03-13",31.72,1.94
"2020-03-16",28.96,1.89
"2020-03-17",26.96,1.89
"2020-03-18",20.48,1.73
"2020-03-19",25.09,1.68
"2020-03-20",19.48,1.76
"2020-03-23",23.33,1.7
"2020-03-24",21.03,1.73
"2020-03-25",20.75,1.8
"2020-03-26",16.6,1.73
"2020-03-27",15.48,1.7
"2020-03-30",14.1,1.65
"2020-03-31",20.51,1.71
"2020-04-01",20.28,1.69
"2020-04-02",25.18,1.55
"2020-04-03",28.36,1.5
"2020-04-06",26.21,1.64
"2020-04-07",23.54,1.83
"2020-04-08",24.97,1.86
"2020-04-09",22.9,1.74
"2020-04-10",23.935,1.8
"2020-04-13",22.36,1.86
"2020-04-14",20.15,1.76
"2020-04-15",19.96,1.68
"2020-04-16",19.82,1.59
"2020-04-17",18.31,1.71
"2020-04-20",-36.98,1.78
"2020-04-21",8.91,1.92
"2020-04-22",13.64,1.9
"2020-04-23",15.06,1.86
"2020-04-24",15.99,1.81
"2020-04-27",12.17,1.68
"2020-04-28",12.4,1.8
"2020-04-29",15.04,1.73
"2020-04-30",19.23,1.63
"2020-05-01",19.72,1.69
"2020-05-04",20.47,1.78
"2020-05-05",24.56,1.93
"2020-05-06",23.88,1.9
"2020-05-07",23.68,1.84
"2020-05-08",24.73,1.74
"2020-05-11",24.02,1.7
"2020-05-12",25.76,1.61
"2020-05-13",25.37,1.56
"2020-05-14",27.4,1.6
"2020-05-15",29.44,1.66
"2020-05-18",31.83,1.77
"2020-05-19",32.3,1.85
"2020-05-20",33.56,1.83
"2020-05-21",34.3,1.75
"2020-05-22",33.49,1.7
"2020-05-25",33.895,1.725
"2020-05-26",34.7,1.79
"2020-05-27",32.8,1.78
"2020-05-28",33.67,1.79
"2020-05-29",35.57,1.7
"2020-06-01",35.49,1.59
"2020-06-02",36.88,1.58
"2020-06-03",37.33,1.84
"2020-06-04",37.42,1.68
"2020-06-05",39.49,1.8
"2020-06-08",38.17,1.68
"2020-06-09",38.98,1.68
"2020-06-10",39.54,1.72
"2020-06-11",36.43,1.77
"2020-06-12",36.24,1.67
"2020-06-15",37.07,1.64
"2020-06-16",38.26,1.43
"2020-06-17",37.91,1.55
"2020-06-18",38.79,1.51
"2020-06-19",39.72,1.49
"2020-06-22",40.6,1.64
"2020-06-23",40.4,1.61
"2020-06-24",37.91,1.64
"2020-06-25",38.66,1.53
"2020-06-26",38.53,1.42
"2020-06-29",39.67,1.67
"2020-06-30",39.27,1.76
"2020-07-01",39.88,1.69
"2020-07-02",40.57,1.725
"2020-07-03",40.225,1.7075
"2020-07-06",40.51,1.71
"2020-07-07",40.59,1.76
"2020-07-08",40.91,1.78
"2020-07-09",39.64,1.88
"2020-07-10",40.56,1.79
"2020-07-13",40.06,1.75
"2020-07-14",40.3,1.74
"2020-07-15",41.2,1.76
"2020-07-16",40.74,1.79
"2020-07-17",40.55,1.79
"2020-07-20",40.83,1.71
"2020-07-21",41.76,1.66
"2020-07-22",41.88,1.69
"2020-07-23",40.99,1.75
"2020-07-24",41.23,1.77
"2020-07-27",41.46,1.85
"2020-07-28",40.89,1.83
"2020-07-29",41.13,1.77
"2020-07-30",39.85,1.81
"2020-07-31",40.1,1.83
"2020-08-03",40.83,1.95
"2020-08-04",41.67,2.07
"2020-08-05",42.25,2.23
"2020-08-06",41.93,2.26
"2020-08-07",41.16,2.15
"2020-08-10",41.94,2.18
"2020-08-11",41.53,2.19
"2020-08-12",42.6,2.05
"2020-08-13",42.26,2.19
"2020-08-14",42.05,2.23
"2020-08-17",42.89,2.32
"2020-08-18",42.89,2.45
"2020-08-19",42.91,2.43
"2020-08-20",42.62,2.35
"2020-08-21",42.32,2.39
"2020-08-24",42.44,2.57
"2020-08-25",43.17,2.54
"2020-08-26",43.21,2.52
"2020-08-27",42.88,2.52
"2020-08-28",42.96,2.46
"2020-08-31",42.61,2.3
"2020-09-01",42.76,2.22
"2020-09-02",42.76,2.15
"2020-09-03",41.39,2.32
"2020-09-04",39.69,1.8
"2020-09-07",40.54,2.06
"2020-09-08",36.87,2.35
"2020-09-09",38.05,2.21
"2020-09-10",37.25,2.13
"2020-09-11",37.33,1.93
"2020-09-14",37.23,2.18
"2020-09-15",38.29,2.19
"2020-09-16",40.17,2.06
"2020-09-17",40.99,1.65
"2020-09-18",41.09,1.56
"2020-09-21",39.26,1.33
"2020-09-22",39.55,1.49
"2020-09-23",39.92,1.74
"2020-09-24",40.11,1.93
"2020-09-25",40.06,1.9
"2020-09-28",40.47,1.83
"2020-09-29",39.03,1.74
"2020-09-30",40.05,1.66
"2020-10-01",38.51,1.6
"2020-10-02",36.9,1.41
"2020-10-05",39.12,1.92
"2020-10-06",40.52,1.86
"2020-10-07",39.82,2.01
"2020-10-08",41.04,1.49
"2020-10-09",40.44,2.25
"2020-10-12",39.22,2.31
"2020-10-13",40.03,2.14
"2020-10-14",40.86,2.02
"2020-10-15",40.84,2.23
"2020-10-16",40.7,2.16
"2020-10-19",40.69,2.3
"2020-10-20",41.37,2.57
"2020-10-21",39.88,2.95
"2020-10-22",40.46,2.99
"2020-10-23",39.73,2.91
"2020-10-26",38.39,3.14
"2020-10-27",39.34,3.07
"2020-10-28",37.27,3.14
"2020-10-29",35.94,3.06
"2020-10-30",35.64,3.03
"2020-11-02",36.6,3.03
"2020-11-03",37.44,2.88
"2020-11-04",38.97,2.63
"2020-11-05",38.56,2.69
"2020-11-06",36.97,2.67
"2020-11-09",40.05,2.63
"2020-11-10",41.18,2.74
"2020-11-11",41.23,2.75
"2020-11-12",40.9,2.81
"2020-11-13",39.93,2.82
"2020-11-16",41.14,2.62
"2020-11-17",41.24,2.55
"2020-11-18",41.64,2.37
"2020-11-19",41.57,2.19
"2020-11-20",41.99,2.22
"2020-11-23",42.91,2.23
"2020-11-24",44.71,2.47
"2020-11-25",45.58,2.47
"2020-11-26",45.145,2.47
"2020-11-27",45.3625,2.47
"2020-11-30",45.2,2.89
"2020-12-01",44.54,2.89
"2020-12-02",45.23,2.75
"2020-12-03",45.65,2.46
"2020-12-04",46.23,2.48
"2020-12-07",45.72,2.39
"2020-12-08",45.64,2.36
"2020-12-09",45.48,2.45
"2020-12-10",46.76,2.45
"2020-12-11",46.59,2.54
"2020-12-14",47.02,2.69
"2020-12-15",47.58,2.63
"2020-12-16",47.86,2.73
"2020-12-17",48.34,2.7
"2020-12-18",49.04,2.73
"2020-12-21",47.79,2.68
"2020-12-22",47.02,2.76
"2020-12-23",47.94,2.76
"2020-12-24",48.18,2.68
"2020-12-25",48.06,2.72
"2020-12-28",47.5,2.39
"2020-12-29",47.85,2.4
"2020-12-30",48.24,2.36
"2020-12-31",48.35,2.38
"2021-01-01",48.295,2.37
"2021-01-04",47.47,2.6
"2021-01-05",49.78,2.77
"2021-01-06",50.45,2.76
"2021-01-07",50.63,2.81
"2021-01-08",52.14,2.77
"2021-01-11",52.15,2.71
"2021-01-12",53.08,2.89
"2021-01-13",52.81,2.82
"2021-01-14",53.47,2.82
"2021-01-15",52.25,2.86
"2021-01-18",52.86,2.84
"2021-01-19",52.87,2.65
"2021-01-20",53.16,2.57
"2021-01-21",53,2.49
"2021-01-22",52.28,2.45
"2021-01-25",52.78,2.63
"2021-01-26",52.61,2.73
"2021-01-27",52.81,2.77
"2021-01-28",52.26,2.76
"2021-01-29",52.16,2.68
"2021-02-01",53.55,2.88
"2021-02-02",54.77,3.24
"2021-02-03",55.67,3.01
"2021-02-04",56.19,2.99
"2021-02-05",56.8,3.49
"2021-02-08",57.95,3.4
"2021-02-09",58.34,3.35
"2021-02-10",58.69,3.76
"2021-02-11",58.22,6.5
"2021-02-12",59.5,6.12
"2021-02-15",58.86,6.31
"2021-02-16",60.07,11.32
"2021-02-17",61.09,23.86
"2021-02-18",60.4,8.56
"2021-02-19",59.12,4.96
"2021-02-22",61.67,3.16
"2021-02-23",61.66,2.94
"2021-02-24",63.21,2.8
"2021-02-25",63.43,2.72
"2021-02-26",61.55,2.66
"2021-03-01",60.54,2.7
"2021-03-02",59.7,2.87
"2021-03-03",61.33,2.86
"2021-03-04",63.81,2.79
"2021-03-05",66.08,2.72
"2021-03-08",65.03,2.67
"2021-03-09",64.02,2.62
"2021-03-10",64.45,2.62
"2021-03-11",66.02,2.7
"2021-03-12",65.59,2.65
"2021-03-15",65.36,2.58
"2021-03-16",64.82,2.5
"2021-03-17",64.55,2.6
"2021-03-18",59.95,2.45
"2021-03-19",61.43,2.53
"2021-03-22",61.48,2.55
"2021-03-23",57.75,2.56
"2021-03-24",61.12,2.56
"2021-03-25",58.47,2.52
"2021-03-26",60.93,2.52
"2021-03-29",61.49,2.58
"2021-03-30",60.55,2.55
"2021-03-31",59.19,2.52
"2021-04-01",61.41,2.52
"2021-04-02",60.3,2.52
"2021-04-05",58.73,2.43
"2021-04-06",59.34,2.44
"2021-04-07",59.77,2.43
"2021-04-08",59.61,2.47
"2021-04-09",59.29,2.48
"2021-04-12",59.7,2.5
"2021-04-13",60.2,2.57
"2021-04-14",63.15,2.65
"2021-04-15",63.42,2.62
"2021-04-16",63.16,2.63
"2021-04-19",63.33,2.75
"2021-04-20",62.61,2.76
"2021-04-21",61.34,2.72
"2021-04-22",61.45,2.77
"2021-04-23",62.18,2.79
"2021-04-26",62.02,2.73
"2021-04-27",63.03,2.91
"2021-04-28",63.81,2.98
"2021-04-29",65,2.91
"2021-04-30",63.5,2.86
"2021-05-03",64.46,2.96
"2021-05-04",65.72,3
"2021-05-05",65.63,2.99
"2021-05-06",64.73,2.9
"2021-05-07",64.96,2.9
"2021-05-10",64.92,2.93
"2021-05-11",65.31,2.91
"2021-05-12",65.96,2.91
"2021-05-13",63.82,2.95
"2021-05-14",65.32,2.95
"2021-05-17",66.24,2.99
"2021-05-18",65.49,2.96
"2021-05-19",63.28,2.88
"2021-05-20",61.95,2.86
"2021-05-21",63.61,2.84
"2021-05-24",66.13,2.78
"2021-05-25",66.27,2.87
"2021-05-26",66.41,2.91
"2021-05-27",66.87,2.85
"2021-05-28",66.31,2.91
"2021-05-31",66.59,2.88
"2021-06-01",67.8,3.02
"2021-06-02",68.79,3.09
"2021-06-03",68.81,3.01
"2021-06-04",69.57,3.01
"2021-06-07",69.21,2.98
"2021-06-08",70.11,3.11
"2021-06-09",69.9,3.13
"2021-06-10",70.34,3.13
"2021-06-11",71,3.23
"2021-06-14",70.94,3.36
"2021-06-15",72.06,3.31
"2021-06-16",72.03,3.25
"2021-06-17",71.06,3.24
"2021-06-18",71.64,3.23
"2021-06-21",73.64,3.15
"2021-06-22",73.15,3.21
"2021-06-23",73.11,3.36
"2021-06-24",73.31,3.3
"2021-06-25",74.21,3.4
"2021-06-28",72.98,3.62
"2021-06-29",73.14,3.75
"2021-06-30",73.52,3.79
"2021-07-01",75.33,3.76
"2021-07-02",75.37,3.67
"2021-07-05",75.35,3.715
"2021-07-06",73.62,3.68
"2021-07-07",72.22,3.66
"2021-07-08",72.98,3.56
"2021-07-09",74.56,3.71
"2021-07-12",74.21,3.7
"2021-07-13",75.24,3.78
"2021-07-14",73.06,3.8
"2021-07-15",71.67,3.68
"2021-07-16",71.76,3.7
"2021-07-19",66.45,3.75
"2021-07-20",67.32,3.82
"2021-07-21",70.26,3.94
"2021-07-22",72.15,4.02
"2021-07-23",72.24,4.11
"2021-07-26",72.15,4.09
"2021-07-27",71.68,4.15
"2021-07-28",72.37,4.1
"2021-07-29",73.62,4.03
"2021-07-30",73.93,3.94
"2021-08-02",71.31,4.02
"2021-08-03",70.64,4.06
"2021-08-04",68.19,4.2
"2021-08-05",69.1,4.27
"2021-08-06",68.26,4.21
"2021-08-09",66.56,4.24
"2021-08-10",68.33,4.12
"2021-08-11",69.3,4.07
"2021-08-12",69.12,4.1
"2021-08-13",68.36,3.95
"2021-08-16",67.44,3.93
"2021-08-17",66.5,3.92
"2021-08-18",65.36,3.86
"2021-08-19",63.69,3.83
"2021-08-20",62.25,3.94
"2021-08-23",65.65,3.93
"2021-08-24",67.5,3.95
"2021-08-25",68.54,4.03
"2021-08-26",67.42,4.07
"2021-08-27",68.84,4.35
"2021-08-30",69.28,4.25
"2021-08-31",68.43,4.33
"2021-09-01",68.63,4.45
"2021-09-02",70.07,4.65
"2021-09-03",69.34,4.77
"2021-09-06",69.705,4.71
"2021-09-07",68.49,4.71
"2021-09-08",69.36,4.66
"2021-09-09",68.26,4.97
"2021-09-10",69.82,5.13
"2021-09-13",70.54,5.21
"2021-09-14",70.53,5.39
"2021-09-15",72.59,5.66
"2021-09-16",72.69,5.52
"2021-09-17",72.09,5.32
"2021-09-20",70.41,5.25
"2021-09-21",70.51,4.96
"2021-09-22",72.37,4.92
"2021-09-23",73.43,4.94
"2021-09-24",74.18,5.1
"2021-09-27",75.54,5.53
"2021-09-28",75.44,5.94
"2021-09-29",75.06,5.73
"2021-09-30",75.22,5.58
"2021-10-01",76.01,5.61
"2021-10-04",77.68,5.8
"2021-10-05",79.17,6.37
"2021-10-06",77.66,6
"2021-10-07",78.46,5.71
"2021-10-08",79.55,5.46
"2021-10-11",80.64,5.46
"2021-10-12",80.75,5.34
"2021-10-13",80.67,5.56
"2021-10-14",81.43,5.92
"2021-10-15",82.39,5.44
"2021-10-18",82.62,5.01
"2021-10-19",83.19,4.81
"2021-10-20",84.4,4.87
"2021-10-21",82.64,4.94
"2021-10-22",84.53,5.1
"2021-10-25",84.64,5.72
"2021-10-26",85.64,5.59
"2021-10-27",82.66,5.91
"2021-10-28",82.78,5.68
"2021-10-29",83.5,5.49
"2021-11-01",84.08,5.22
"2021-11-02",83.91,5.33
"2021-11-03",80.82,5.59
"2021-11-04",78.88,5.73
"2021-11-05",81.25,5.51
"2021-11-08",81.96,5.53
"2021-11-09",84.12,5.08
"2021-11-10",81.23,4.56
"2021-11-11",81.47,4.81
"2021-11-12",80.87,4.97
"2021-11-15",80.85,4.77
"2021-11-16",80.76,5.11
"2021-11-17",78.32,4.82
"2021-11-18",78.92,4.95
"2021-11-19",76.11,4.9
"2021-11-22",76.74,4.83
"2021-11-23",78.32,4.95
"2021-11-24",78.32,4.93
"2021-11-25",78.32,4.94
"2021-11-26",78.32,4.935
"2021-11-29",69.88,4.9
"2021-11-30",66.14,4.52
"2021-12-01",65.44,4.31
"2021-12-02",66.6,4.08
"2021-12-03",66.39,3.79
"2021-12-06",69.62,3.66
"2021-12-07",71.94,3.6
"2021-12-08",72.43,3.79
"2021-12-09",70.87,3.67
"2021-12-10",71.71,3.65
"2021-12-13",71.19,4.05
"2021-12-14",70.57,3.71
"2021-12-15",70.89,3.79
"2021-12-16",72.34,3.67
"2021-12-17",70.93,3.71
"2021-12-20",68.69,3.91
"2021-12-21",71.1,3.96
"2021-12-22",72.82,3.95
"2021-12-23",73.89,3.56
"2021-12-24",73.355,3.755
"2021-12-27",75.49,3.45
"2021-12-28",76.01,3.32
"2021-12-29",76.58,3.4
"2021-12-30",76.83,3.82
"2021-12-31",75.33,3.82
"2022-01-03",75.99,3.74
"2022-01-04",77,3.73
"2022-01-05",77.83,3.78
"2022-01-06",79.47,3.94
"2022-01-07",79,3.83
"2022-01-10",78.11,4.16
"2022-01-11",81.17,4.16
"2022-01-12",82.51,4.62
"2022-01-13",81.97,4.78
"2022-01-14",83.82,4.37
"2022-01-17",82.895,4.575
"2022-01-18",85.42,4.55
"2022-01-19",86.84,4.89
"2022-01-20",86.29,4.45
"2022-01-21",85.16,4.11
"2022-01-24",84.48,4.2
"2022-01-25",86.61,4.24
"2022-01-26",88.33,4.43
"2022-01-27",87.61,4.43
"2022-01-28",87.67,5.69
"2022-01-31",89.16,5.56
"2022-02-01",88.22,5.45
"2022-02-02",88.16,6.7
"2022-02-03",90.17,5.84
"2022-02-04",92.27,5.34
"2022-02-07",91.25,4.44
"2022-02-08",89.32,4.3
"2022-02-09",89.57,4.13
"2022-02-10",89.83,4.03
"2022-02-11",93.1,4.04
"2022-02-14",95.52,4.05
"2022-02-15",92.07,4.31
"2022-02-16",93.83,4.39
"2022-02-17",91.78,4.57
"2022-02-18",91.26,4.61
"2022-02-21",91.52,4.59
"2022-02-22",92.11,4.48
"2022-02-23",92.14,4.59
"2022-02-24",92.77,4.78
"2022-02-25",91.68,4.63
"2022-02-28",96.13,4.46
"2022-03-01",103.66,4.36
"2022-03-02",110.74,4.65
"2022-03-03",107.69,4.63
"2022-03-04",115.77,4.74
"2022-03-07",119.26,4.93
"2022-03-08",123.64,4.61
"2022-03-09",108.81,4.55
"2022-03-10",105.93,4.65
"2022-03-11",109.31,4.79
"2022-03-14",103.22,4.59
"2022-03-15",96.42,4.46
"2022-03-16",94.85,4.68
"2022-03-17",102.97,4.8
"2022-03-18",104.69,4.87
"2022-03-21",112.14,4.77
"2022-03-22",111.03,5
"2022-03-23",114.89,5.26
"2022-03-24",114.2,5.19
"2022-03-25",116.2,5.51
"2022-03-28",107.55,5.52
"2022-03-29",104.25,5.32
"2022-03-30",107.81,5.32
"2022-03-31",100.53,5.46
"2022-04-01",99.32,5.43
"2022-04-04",103.29,5.72
"2022-04-05",101.98,5.95
"2022-04-06",96.39,6.29
"2022-04-07",96.05,6.05
"2022-04-08",98.35,6.38
"2022-04-11",94.22,6.35
"2022-04-12",100.52,6.59
"2022-04-13",104.26,6.68
"2022-04-14",106.84,6.94
"2022-04-15",105.55,6.81
"2022-04-18",108.24,7.48
"2022-04-19",102.54,7.44
"2022-04-20",102.56,7.12
"2022-04-21",103.89,6.88
"2022-04-22",102.86,6.59
"2022-04-25",99.6,6.42
"2022-04-26",102.62,6.89
"2022-04-27",101.96,6.91
"2022-04-28",105.47,6.97
"2022-04-29",104.59,6.84
"2022-05-02",105.18,7.3
"2022-05-03",102.53,7.84
"2022-05-04",107.84,8.3
"2022-05-05",108.17,8.42
"2022-05-06",109.72,8.35
"2022-05-09",103.08,8.06
"2022-05-10",99.74,6.78
"2022-05-11",105.5,7.53
"2022-05-12",106.15,7.25
"2022-05-13",110.52,7.75
"2022-05-16",114.07,8.07
"2022-05-17",112.31,8.26
"2022-05-18",109.67,8.53
"2022-05-19",112.21,8.21
"2022-05-20",112.63,7.97
"2022-05-23",110.32,8.16
"2022-05-24",112.55,8.87
"2022-05-25",112.88,9.44
"2022-05-26",116.19,9.19
"2022-05-27",114.96,8.3
"2022-05-30",115.575,8.745
"2022-05-31",114.38,8.46
"2022-06-01",115.26,8.47
"2022-06-02",116.88,8.9
"2022-06-03",118.97,8.34
"2022-06-06",118.41,9.08
"2022-06-07",119.55,9.28
"2022-06-08",121.94,9.43
"2022-06-09",121.52,8.16
"2022-06-10",120.73,8.78
"2022-06-13",120.92,9
"2022-06-14",118.92,7.68
"2022-06-15",115.32,7.72
"2022-06-16",117.56,7.88
"2022-06-17",109.56,7.37
"2022-06-20",113.56,7.625
"2022-06-21",110.49,6.6
"2022-06-22",106.22,6.76
"2022-06-23",105.75,6.54
"2022-06-24",109.07,5.8
"2022-06-27",111.44,6.09
"2022-06-28",113.66,6.66
"2022-06-29",111.65,6.69
"2022-06-30",107.76,6.54
"2022-07-01",110.3,5.75
"2022-07-04",109.03,6.145
"2022-07-05",101.55,5.72
"2022-07-06",100.31,5.65
"2022-07-07",104.62,5.83
"2022-07-08",106.78,6.4
"2022-07-11",106.09,6.82
"2022-07-12",97.69,6.81
"2022-07-13",98.44,6.68
"2022-07-14",97.79,6.9
"2022-07-15",99.59,6.6
"2022-07-18",104.48,7.65
"2022-07-19",106.12,7.35
"2022-07-20",104.45,7.58
"2022-07-21",98.44,7.99
"2022-07-22",97.71,8.25
"2022-07-25",99.83,8.52
"2022-07-26",97.74,9.46
"2022-07-27",100.03,8.65
"2022-07-28",99.11,8.75
"2022-07-29",101.31,8.33
"2022-08-01",96.59,8.2
"2022-08-02",97.14,8.01
"2022-08-03",93.25,7.81
"2022-08-04",91.29,8.4
"2022-08-05",91.77,8.3
"2022-08-08",93.52,7.76
"2022-08-09",93.18,7.87
"2022-08-10",94.68,7.86
"2022-08-11",97.02,8.53
"2022-08-12",94.86,8.73
"2022-08-15",92.24,8.62
"2022-08-16",89.23,9.28
"2022-08-17",90.85,9.51
"2022-08-18",93.2,9.42
"2022-08-19",93.55,9.14
"2022-08-22",93.42,9.85
"2022-08-23",96.46,9.75
"2022-08-24",95.52,9.27
"2022-08-25",93.33,9.47
"2022-08-26",93.63,9.48
"2022-08-29",97.4,9.24
"2022-08-30",92.08,9.1
"2022-08-31",90.09,8.93
"2022-09-01",87.09,9.38
"2022-09-02",87.29,9.18
"2022-09-05",87.19,9.28
"2022-09-06",87.35,8.52
"2022-09-07",82.5,8.12
"2022-09-08",84.04,8.27
"2022-09-09",87.27,8.31
"2022-09-12",88.18,8.2
"2022-09-13",87.84,8.49
"2022-09-14",88.88,8.7
"2022-09-15",85.72,8.6
"2022-09-16",85.57,8.11
"2022-09-19",86.15,7.96
"2022-09-20",84.69,8.01
"2022-09-21",83.38,7.99
"2022-09-22",84.02,7.76
"2022-09-23",79.07,6.75
"2022-09-26",77.17,6.75
"2022-09-27",78.91,6.83
"2022-09-28",82.61,6.59
"2022-09-29",81.78,6.57
"2022-09-30",79.91,6.4
"2022-10-03",84.05,5.64
"2022-10-04",86.87,5.4
"2022-10-05",88.22,5.84
"2022-10-06",88.9,6.91
"2022-10-07",93.07,6.25
"2022-10-10",91.6,6.58
"2022-10-11",89.75,6.2
"2022-10-12",87.83,6.6
"2022-10-13",89.59,6.25
"2022-10-14",86.1,6.1
"2022-10-17",86,6.08
"2022-10-18",83.29,6.16
"2022-10-19",86,5.63
"2022-10-20",86.02,5.1
"2022-10-21",85.47,4.45
"2022-10-24",86.12,4.81
"2022-10-25",86.93,5.17
"2022-10-26",89.39,5.28
"2022-10-27",89.06,5.3
"2022-10-28",87.85,5.02
"2022-10-31",86.54,5.02
"2022-11-01",88.36,4.57
"2022-11-02",90.06,4.58
"2022-11-03",88.14,4.65
"2022-11-04",92.58,4
"2022-11-07",91.8,4.62
"2022-11-08",88.8,4
"2022-11-09",85.79,3.46
"2022-11-10",86.52,4.8
"2022-11-11",89.14,4.8
"2022-11-14",85.85,6.24
"2022-11-15",86.87,5.9
"2022-11-16",85.62,5.88
"2022-11-17",81.69,6.2
"2022-11-18",80.07,6.1
"2022-11-21",79.74,6.23
"2022-11-22",80.83,6.27
"2022-11-23",77.93,6.57
"2022-11-24",79.38,6.42
"2022-11-25",76.45,6.57
"2022-11-28",77.1,6
"2022-11-29",77.96,6.03
"2022-11-30",80.48,7
"2022-12-01",81.06,6.33
"2022-12-02",79.86,4.92
"2022-12-05",76.83,4.15
"2022-12-06",74.21,4.58
"2022-12-07",71.93,4.49
"2022-12-08",71.3,4.79
"2022-12-09",71.05,4.98
"2022-12-12",72.96,6.73
"2022-12-13",75.44,7.2
"2022-12-14",77.14,6.54
"2022-12-15",75.89,6.8
"2022-12-16",74.19,6.63
"2022-12-19",75.05,6.08
"2022-12-20",75.92,5.28
"2022-12-21",78.17,6.13
"2022-12-22",77.68,7.1
"2022-12-23",79.57,7.15
"2022-12-26",78.625,7.125
"2022-12-27",79.45,4.88
"2022-12-28",78.89,4.06
"2022-12-29",78.43,3.78
"2022-12-30",80.16,3.52
"2023-01-02",79.295,3.65
"2023-01-03",76.87,3.64
"2023-01-04",72.82,3.75
"2023-01-05",73.61,3.78
"2023-01-06",73.77,3.43
"2023-01-09",74.69,3.65
"2023-01-10",75.11,3.32
"2023-01-11",77.46,3.41
"2023-01-12",78.32,3.47
"2023-01-13",79.9,3.43
"2023-01-16",79.11,3.45
"2023-01-17",80.25,3.43
"2023-01-18",79.53,3.2
"2023-01-19",80.31,2.91
"2023-01-20",81.27,3.15
"2023-01-23",81.62,3.43
"2023-01-24",79.86,3.35
"2023-01-25",79.78,3.09
"2023-01-26",80.64,2.72
"2023-01-27",79.73,2.83
"2023-01-30",77.97,2.82
"2023-01-31",78.95,2.65
"2023-02-01",76.34,2.65
"2023-02-02",75.87,2.67
"2023-02-03",73.4,2.4
"2023-02-06",74.11,2.17
"2023-02-07",77.17,2.35
"2023-02-08",78.47,2.4
"2023-02-09",78.04,2.4
"2023-02-10",79.74,2.37
"2023-02-13",80.14,2.42
"2023-02-14",79.08,2.42
"2023-02-15",78.57,2.45
"2023-02-16",78.45,2.48
"2023-02-17",76.31,2.28
"2023-02-20",77.38,2.38
"2023-02-21",76.28,2.12
"2023-02-22",73.95,2.07
"2023-02-23",75.26,2.17
"2023-02-24",76.19,2.36
"2023-02-27",75.57,2.55
"2023-02-28",76.88,2.5
"2023-03-01",77.57,2.59
"2023-03-02",78.05,2.67
"2023-03-03",79.62,2.66
"2023-03-06",80.39,2.46
"2023-03-07",77.45,2.52
"2023-03-08",76.56,2.5
"2023-03-09",75.6,2.5
"2023-03-10",76.55,2.4
"2023-03-13",74.68,2.4
"2023-03-14",71.18,2.65
"2023-03-15",67.38,2.45
"2023-03-16",68.15,2.45
"2023-03-17",66.61,2.42
"2023-03-20",67.56,2.23
"2023-03-21",69.4,1.93
"2023-03-22",70.71,2.03
"2023-03-23",69.77,2.08
"2023-03-24",69.22,2.04
"2023-03-27",72.87,2.04
"2023-03-28",73.12,2.02
"2023-03-29",72.95,1.94
"2023-03-30",74.32,1.95
"2023-03-31",75.68,2.1
"2023-04-03",80.4,2.09
"2023-04-04",80.7,2.13
"2023-04-05",80.69,2.17
"2023-04-06",80.7,2.18
"2023-04-07",80.695,2.175
"2023-04-10",79.79,2.15
"2023-04-11",81.54,2.19
"2023-04-12",83.26,2.22
"2023-04-13",82.16,2.04
"2023-04-14",82.58,1.87
"2023-04-17",80.93,2.21
"2023-04-18",80.85,2.23
"2023-04-19",79.18,2.2
"2023-04-20",77.27,2.19
"2023-04-21",77.86,2.2
"2023-04-24",78.64,2.19
"2023-04-25",77.05,2.21
"2023-04-26",74.33,2.19
"2023-04-27",74.77,2.17
"2023-04-28",76.78,2.27
"2023-05-01",75.65,2.24
"2023-05-02",71.71,2.12
"2023-05-03",68.62,2.01
"2023-05-04",68.52,1.96
"2023-05-05",71.32,1.85
"2023-05-08",73.13,2.12
"2023-05-09",73.68,2.22
"2023-05-10",72.53,2.12
"2023-05-11",70.81,2.07
"2023-05-12",70.02,1.98
"2023-05-15",71.07,2.25
"2023-05-16",70.85,2.28
"2023-05-17",72.78,2.25
"2023-05-18",71.82,2.3
"2023-05-19",71.57,2.37
"2023-05-22",71.81,2.3
"2023-05-23",72.87,2.22
"2023-05-24",74.37,2.25
"2023-05-25",71.68,2.23
"2023-05-26",72.35,1.88
"2023-05-29",72.015,2.055
"2023-05-30",69.45,2.11
"2023-05-31",68.11,2.1
"2023-06-01",70.09,1.77
"2023-06-02",71.76,1.74
"2023-06-05",72.14,1.92
"2023-06-06",71.71,1.95
"2023-06-07",72.52,2.13
"2023-06-08",71.28,2.1
"2023-06-09",70.16,1.85
"2023-06-12",67.08,1.9
"2023-06-13",69.39,2
"2023-06-14",68.22,2.05
"2023-06-15",70.61,2.18
"2023-06-16",71.81,2.13
"2023-06-19",71.21,2.155
"2023-06-20",70.94,2.38
"2023-06-21",72.55,2.24
"2023-06-22",69.22,2.27
"2023-06-23",68.91,2.22
"2023-06-26",69.09,2.62
"2023-06-27",67.68,2.68
"2023-06-28",69.54,2.71
"2023-06-29",69.85,2.4
"2023-06-30",70.66,2.48
"2023-07-03",69.71,2.48
"2023-07-04",70.185,2.48
"2023-07-05",71.78,2.65
"2023-07-06",71.76,2.5
"2023-07-07",73.91,2.49
"2023-07-10",73.05,2.55
"2023-07-11",74.87,2.57
"2023-07-12",75.77,2.55
"2023-07-13",76.86,2.5
"2023-07-14",75.44,2.5
"2023-07-17",74.17,2.46
"2023-07-18",75.76,2.52
"2023-07-19",75.4,2.51
"2023-07-20",75.65,2.61
"2023-07-21",77.06,2.61
"2023-07-24",78.81,2.68
"2023-07-25",79.76,2.66
"2023-07-26",79.11,2.6
"2023-07-27",80.17,2.47
"2023-07-28",80.55,2.53
"2023-07-31",81.8,2.58
"2023-08-01",81.37,2.49
"2023-08-02",79.5,2.43
"2023-08-03",81.56,2.44
"2023-08-04",82.76,2.53
"2023-08-07",81.94,2.65
"2023-08-08",82.94,2.77
"2023-08-09",84.35,2.92
"2023-08-10",82.81,2.83
"2023-08-11",83.17,2.61
"2023-08-14",82.5,2.74
"2023-08-15",81.06,2.65
"2023-08-16",79.4,2.55
"2023-08-17",80.43,2.56
"2023-08-18",81.25,2.44
"2023-08-21",80.71,2.6
"2023-08-22",80.25,2.58
"2023-08-23",78.91,2.6
"2023-08-24",79.52,2.42
"2023-08-25",80.47,2.46
"2023-08-28",80.65,2.6
"2023-08-29",81.14,2.5
"2023-08-30",81.64,2.48
"2023-08-31",83.55,2.56
"2023-09-01",85.52,2.7
"2023-09-04",84.535,2.63
"2023-09-05",86.74,2.6
"2023-09-06",87.55,2.49
"2023-09-07",86.87,2.45
"2023-09-08",87.51,2.53
"2023-09-11",87.3,2.5
"2023-09-12",88.87,2.72
"2023-09-13",88.59,2.76
"2023-09-14",90.13,2.81
"2023-09-15",90.83,2.74
"2023-09-18",91.47,2.54
"2023-09-19",91.16,2.46
"2023-09-20",89.2,2.78
"2023-09-21",89.56,2.7
"2023-09-22",90,2.63
"2023-09-25",89.68,2.63
"2023-09-26",91.43,2.55
"2023-09-27",93.67,2.72
"2023-09-28",91.65,2.74
"2023-09-29",90.77,2.68
"2023-10-02",88.81,2.7
"2023-10-03",89.26,2.71
"2023-10-04",84.32,2.92
"2023-10-05",82.3,2.92
"2023-10-06",82.83,3.3
"2023-10-09",82.565,3.11
"2023-10-10",85.89,3.34
"2023-10-11",83.7,3.19
"2023-10-12",82.87,3.16
"2023-10-13",87.67,3.11
"2023-10-16",86.65,2.98
"2023-10-17",86.66,2.94
"2023-10-18",88.35,2.92
"2023-10-19",89.35,2.84
"2023-10-20",89.12,2.6
"2023-10-23",85.49,2.65
"2023-10-24",84.58,2.85
"2023-10-25",86.07,2.86
"2023-10-26",83.8,2.87
"2023-10-27",86.04,3.24
"2023-10-30",83.03,3.17
"2023-10-31",81.64,3.34
"2023-11-01",81.05,3.19
"2023-11-02",83.04,3.12
"2023-11-03",81.19,3
"2023-11-06",81.54,2.71
"2023-11-07",77.96,2
"2023-11-08",75.85,2.18
"2023-11-09",76.34,2.71
"2023-11-10",76.095,2.71
"2023-11-13",78.86,2.61
