"Date","Price_oil","Price_1","WTI_Return","HHUB_Return"
"2000-01-04",25.56,2.16,-0.0356025039123631,0.00462962962962953
"2000-01-05",24.65,2.17,0.00547730829420973,0.00462962962962974
"2000-01-06",24.79,2.18,0,0.00460829493087548
"2000-01-07",24.79,2.19,-0.00322710770471958,0.00458715596330286
"2000-01-10",24.71,2.2,0.0395320693828157,0.0136986301369862
"2000-01-11",25.69,2.23,0.0246863617968434,0.0090909090909091
"2000-01-12",26.3,2.25,0.0128454651615414,0.0179372197309417
"2000-01-13",26.63,2.29,0.0524714828897339,-0.00444444444444455
"2000-01-14",28.01,2.28,-0.0259106271122794,0.00218340611353727
"2000-01-17",27.32,2.285,0.0592645483755802,0.0285087719298245
"2000-01-18",28.98,2.35,0.00475841874084916,0.0218818380743982
"2000-01-19",29.11,2.4,0.0193236714975846,0.0553191489361702
"2000-01-20",29.67,2.53,0.0013740982480247,0.00833333333333334
"2000-01-21",29.71,2.55,-0.0155038759689923,0
"2000-01-24",29.25,2.55,0.0346684617973747,0.0431372549019609
"2000-01-25",30.28,2.66,-0.0895726495726496,0.0274509803921568
"2000-01-26",27.66,2.73,-0.0145310435931308,0.0112781954887217
"2000-01-27",27.22,2.76,0.0018076644974693,0.0293040293040293
"2000-01-28",27.27,2.84,0.0139603232916972,-0.0543478260869565
"2000-01-31",27.65,2.69,0.0231023102310232,0.0422535211267606
"2000-02-01",28.28,2.81,-0.0274864376130199,0.0371747211895911
"2000-02-02",27.52,2.91,0.0261669024045262,-0.0213523131672598
"2000-02-03",28.26,2.85,0.0148982558139535,-0.0240549828178695
"2000-02-04",28.67,2.78,-0.00955414012738865,0.0105263157894738
"2000-02-07",28.4,2.81,-0.012207882804325,-0.0755395683453237
"2000-02-08",28.05,2.6,0.0232394366197183,0.00711743772241994
"2000-02-09",28.71,2.62,0.027807486631016,0.0115384615384615
"2000-02-10",29.49,2.65,0.000696621386276668,0
"2000-02-11",29.51,2.65,0.0267887419464225,-0.0150943396226415
"2000-02-14",30.3,2.61,-0.0044052863436123,0
"2000-02-15",30.17,2.61,-0.00528052805280528,0.0153256704980843
"2000-02-16",30.01,2.65,-0.0212131256214783,0.00383141762452116
"2000-02-17",29.37,2.66,0.00466511162945687,-0.00377358490566046
"2000-02-18",29.51,2.65,-0.00238338440585633,0.00187969924812026
"2000-02-21",29.44,2.655,0.00643849542527949,-0.039622641509434
"2000-02-22",29.63,2.55,0.0190217391304349,-0.0188323917137476
"2000-02-23",30.19,2.5,0.00134998312521091,0.00784313725490197
"2000-02-24",30.23,2.52,0.00364359059291154,-0.00400000000000009
"2000-02-25",30.34,2.51,-0.00760833608997686,0.0357142857142858
"2000-02-28",30.11,2.6,0.015161502966381,0.0199203187250995
"2000-02-29",30.57,2.65,0.0378611756891398,0.0230769230769231
"2000-03-01",31.71,2.71,-0.00654236179260711,0.0339622641509433
"2000-03-02",31.51,2.8,-0.00157678965625988,-0.0295202952029519
"2000-03-03",31.46,2.72,0.0231672484925419,0.0142857142857141
"2000-03-06",32.19,2.76,0.054354736172918,0.00735294117647059
"2000-03-07",33.9,2.78,-0.083255669462566,-0.0144927536231883
"2000-03-08",31.22,2.74,0.0115044247787611,-0.0179856115107915
"2000-03-09",31.61,2.69,0.00480461242793088,0.00912408759124084
"2000-03-10",31.76,2.715,0.0110724454286617,0.0278810408921934
"2000-03-13",32.11,2.79,-0.00566750629722921,0.0147329650092081
"2000-03-14",31.93,2.83,-0.0454687013391467,-0.0250896057347671
"2000-03-15",30.47,2.76,0.019730660820545,0.0282685512367491
"2000-03-16",31.1,2.84,-0.00787659993436173,-0.0108695652173912
"2000-03-17",30.86,2.81,-0.0491961414790997,-0.0281690140845071
"2000-03-20",29.33,2.73,-0.0427738172391444,0.00355871886121005
"2000-03-21",28.01,2.74,-0.0248891919536311,0.0146520146520145
"2000-03-22",27.28,2.78,0.00678329168154222,-0.00729927007299271
"2000-03-23",27.47,2.76,0.0142961876832845,0.0215827338129497
"2000-03-24",27.86,2.82,-0.00982890425919183,0
"2000-03-27",27.59,2.82,-0.0175879396984924,0.0425531914893617
"2000-03-28",27.1,2.94,-0.0268213120695905,-0.00709219858156029
"2000-03-29",26.36,2.92,0.011439114391144,-0.0306122448979591
"2000-03-30",26.67,2.83,0.00720789074355075,0.0171232876712328
"2000-03-31",26.86,2.88,-0.0217472815898012,0.0141342756183746
"2000-04-03",26.28,2.92,-0.0305286671630678,-0.017361111111111
"2000-04-04",25.46,2.87,0.0114155251141553,-0.00342465753424665
"2000-04-05",25.76,2.86,-0.00981932443047918,0.0418118466898955
"2000-04-06",25.51,2.98,-0.0209627329192548,0.00349650349650358
"2000-04-07",24.97,2.99,-0.0415523324186593,-0.00671140939597316
"2000-04-10",23.91,2.97,0.0104124949939929,0.0033444816053511
"2000-04-11",24.17,2.98,0.0552070263488079,0.0235690235690235
"2000-04-12",25.49,3.05,-0.00827472072817539,0
"2000-04-13",25.29,3.05,0.00745390349156537,0.019672131147541
"2000-04-14",25.48,3.11,0.0229339659944641,0.00655737704918033
"2000-04-17",26.06,3.13,-0.00549450549450538,-0.00321543408360122
"2000-04-18",25.92,3.12,0.0560245587106676,0
"2000-04-19",27.38,3.12,-0.00347222222222222,-0.0160256410256411
"2000-04-20",27.29,3.07,0.00164353542731927,0.00801282051282063
"2000-04-21",27.335,3.095,0.0027482594356907,0.00814332247557
"2000-04-24",27.41,3.12,-0.0365831351746845,0.0193861066235864
"2000-04-25",26.41,3.18,-0.0627508208682962,-0.0192307692307692
"2000-04-26",24.69,3.12,0.0318061340401363,-0.0188679245283019
"2000-04-27",25.53,3.06,0.00729040097205345,0.00961538461538455
"2000-04-28",25.71,3.09,0.0050920485703094,0.0228758169934641
"2000-05-01",25.84,3.16,0.0396732788798133,0.0129449838187702
"2000-05-02",26.86,3.2,-0.0100619195046439,-0.00632911392405064
"2000-05-03",26.6,3.18,0.0178704393149664,-0.0281250000000001
"2000-05-04",27.08,3.09,0.0109022556390978,0.00628930817610063
"2000-05-05",27.37,3.11,0.0251107828655834,0.00323624595469263
"2000-05-08",28.05,3.12,0.0149799050054805,0.0418006430868167
"2000-05-09",28.46,3.25,-0.0128342245989305,-0.016025641025641
"2000-05-10",28.1,3.2,0.0404075895994378,0.0523076923076923
"2000-05-11",29.25,3.37,0.0138790035587189,-0.00625000000000001
"2000-05-12",29.64,3.35,0.0105982905982906,0.00593471810089021
"2000-05-15",29.95,3.37,-0.00641025641025633,0.0238805970149254
"2000-05-16",29.76,3.45,-0.0126878130217029,0.0118694362017804
"2000-05-17",29.38,3.49,0.030241935483871,0.0695652173913043
"2000-05-18",30.28,3.73,-0.00884955752212395,0.00859598853868189
"2000-05-19",30.02,3.76,-0.0462351387054161,0.0509383378016087
"2000-05-22",28.62,3.95,-0.000333111259160612,-0.0265957446808511
"2000-05-23",28.61,3.85,0.0447239692522712,0.0227848101265822
"2000-05-24",29.89,3.94,0.0188745193988116,0.0623376623376623
"2000-05-25",30.43,4.18,-0.0224155235864837,0.0279187817258884
"2000-05-26",29.76,4.29,0.0110088728228721,-0.013157894736842
"2000-05-29",30.095,4.235,0.00890456989247314,0.0268065268065266
"2000-05-30",30.36,4.35,-0.0441933876059145,0.0401416765053128
"2000-05-31",29.03,4.52,0.0382081686429513,-0.0298850574712643
"2000-06-01",30.19,4.39,0.00516706854977604,-0.0398230088495575
"2000-06-02",30.34,4.21,-0.0155680688969857,-0.0091116173120729
"2000-06-05",29.87,4.17,-0.0029663810151615,0.0736342042755346
"2000-06-06",29.78,4.48,-0.0164044191496485,-0.0599520383693046
"2000-06-07",29.29,4.23,0.01645399597045,-0.0602678571428572
"2000-06-08",29.78,3.96,0.0150221918743598,0.0425531914893616
"2000-06-09",30.22,4.14,0.0517125587642714,0.0202020202020202
"2000-06-12",31.76,4.22,0.0320979483785571,0.0120772946859903
"2000-06-13",32.73,4.27,-0.000314861460957116,-0.0260663507109003
"2000-06-14",32.72,4.16,-0.000611060189428537,0.0515222482435597
"2000-06-15",32.7,4.38,-0.0106968215158925,0.0168269230769231
"2000-06-16",32.35,4.45,-0.0238532110091743,-0.0159817351598174
"2000-06-19",31.57,4.38,0.0463678516228748,-0.0808988764044944
"2000-06-20",33.07,4.02,0.0180551156160912,0.0273972602739726
"2000-06-21",33.64,4.14,0.0326579981856667,0.074626865671642
"2000-06-22",34.72,4.44,0.00118906064209272,-0.00483091787439625
"2000-06-23",34.76,4.42,-0.0921658986175115,-0.0112612612612612
"2000-06-26",31.56,4.37,0.012945914844649,0.0407239819004524
"2000-06-27",32.01,4.55,-0.00475285171102657,-0.0251716247139587
"2000-06-28",31.86,4.44,0.0271790065604498,-0.0417582417582418
"2000-06-29",32.73,4.25,-0.00910232266164467,0.0247747747747748
"2000-06-30",32.44,4.36,0.00443018637335787,0
"2000-07-03",32.585,4.36,-0.00223489519112201,0
"2000-07-04",32.5125,4.36,-0.0537824152217278,-0.0275229357798165
"2000-07-05",30.76,4.24,-0.0175317185697809,-0.0504587155963304
"2000-07-06",30.19,4.02,0.00227568270481145,-0.00471698113207537
"2000-07-07",30.26,4,-0.0248426631334879,0.0472636815920399
"2000-07-10",29.51,4.19,0.00330469266358222,-0.00500000000000012
"2000-07-11",29.61,4.17,0.0247373771602847,0.0286396181384248
"2000-07-12",30.34,4.29,0.0361364403917596,-0.0503597122302158
"2000-07-13",31.41,4.08,-0.00329597890573505,0.0209790209790209
"2000-07-14",31.31,4.17,-0.0191021967526265,-0.00980392156862746
"2000-07-17",30.71,4.13,0.0392845736186522,-0.0335731414868105
"2000-07-18",31.94,3.99,-0.0273526538586779,0.0193704600484262
"2000-07-19",31.1,4.07,-0.0050093926111459,-0.0526315789473685
"2000-07-20",30.94,3.86,-0.0765273311897107,0.00491400491400492
"2000-07-21",28.56,3.88,-0.0190691661279897,-0.0362694300518134
"2000-07-24",27.97,3.74,-0.00280112044817921,-0.0283505154639176
"2000-07-25",27.89,3.63,-0.00286020736503403,-0.0106951871657754
"2000-07-26",27.81,3.59,0.0143420580853353,0.0440771349862259
"2000-07-27",28.21,3.75,0.000359582883854657,0.0389972144846797
"2000-07-28",28.22,3.89,-0.0255228642325416,-0.0373333333333334
"2000-07-31",27.5,3.75,0.0124025513819986,0.00771208226221075
"2000-08-01",27.85,3.78,0.0152727272727272,0.072
"2000-08-02",28.27,4.05,0.0233393177737882,0.0476190476190478
"2000-08-03",28.92,4.23,0.0360806508666431,0.00493827160493817
"2000-08-04",29.94,4.25,-0.0349239280774551,0.0330969267139479
"2000-08-07",28.93,4.39,0.0110220440881764,0.0164705882352942
"2000-08-08",29.26,4.46,0.0387141375734531,0.00455580865603655
"2000-08-09",30.38,4.48,0.0242652084757348,-0.0112107623318387
"2000-08-10",31.09,4.43,-0.0023041474654378,0.00223214285714301
"2000-08-11",31.02,4.44,0.0289482148600837,-0.00451467268623035
"2000-08-14",31.92,4.42,-0.0157962604771116,-0.0405405405405405
"2000-08-15",31.43,4.24,0.0150375939849624,0
"2000-08-16",31.91,4.24,-0.00095450206808785,0.025943396226415
"2000-08-17",31.88,4.35,0.0028204324663115,0.00707547169811327
"2000-08-18",31.97,4.38,0.0141154328732749,0.0505747126436781
"2000-08-21",32.42,4.6,-0.0369096027525807,0.045662100456621
"2000-08-22",31.24,4.8,-0.000308451573102961,-0.0282608695652174
"2000-08-23",31.23,4.67,0.0697823303457105,-0.0291666666666666
"2000-08-24",33.41,4.53,0.0192122958693564,0.00428265524625259
"2000-08-25",34.01,4.55,-0.032624962586052,0.0154525386313466
"2000-08-28",32.92,4.62,-0.00558659217877109,-0.0043956043956045
"2000-08-29",32.73,4.6,0.0157958687727826,0.00216450216450231
"2000-08-30",33.25,4.61,-0.00488848151542917,0.0326086956521738
"2000-08-31",33.09,4.76,0.00992481203007514,-0.0130151843817787
"2000-09-01",33.42,4.7,-0.00498640072529462,0.00630252100840341
"2000-09-04",33.255,4.73,0.0198982645122681,0.0170212765957445
"2000-09-05",33.92,4.81,0.0315741993685159,0.0169133192389006
"2000-09-06",34.97,4.89,0.00619103773584908,-0.00831600831600832
"2000-09-07",35.18,4.85,-0.0446096654275094,-0.0224948875255623
"2000-09-08",33.62,4.74,0.0432063672541217,0.0226804123711339
"2000-09-11",35.14,4.85,-0.0264723378941107,0.0232067510548524
"2000-09-12",34.25,4.96,-0.0108138873079113,0.0206185567010309
"2000-09-13",33.87,5.06,0.0145985401459854,0.00806451612903226
"2000-09-14",34.37,5.1,0.0442869796279894,0.0355731225296444
"2000-09-15",35.87,5.28,0.0256037241780623,-0.0431372549019609
"2000-09-18",36.75,5.06,0.00585447449121831,0.0303030303030303
"2000-09-19",36.96,5.22,0.00707482993197273,0.00395256916996057
"2000-09-20",37.22,5.24,-0.0914502164502163,-0.0153256704980843
"2000-09-21",33.84,5.16,-0.0317033852767331,0
"2000-09-22",32.66,5.16,-0.0342789598108746,-0.00775193798449613
"2000-09-25",31.5,5.12,0.00857317819963261,0.0310077519379845
"2000-09-26",31.78,5.28,-0.0174603174603175,0.0117187499999999
"2000-09-27",31.23,5.34,-0.0305223410950283,-0.0265151515151515
"2000-09-28",30.26,5.2,0.0195325008005123,-0.0187265917602997
"2000-09-29",30.87,5.1,0.0389953734302709,0.026923076923077
"2000-10-02",32.05,5.24,-0.00615484288953669,0.00980392156862742
"2000-10-03",31.86,5.29,-0.0296411856474259,-0.0133587786259543
"2000-10-04",30.91,5.22,-0.00784682988072819,-0.00189035916824193
"2000-10-05",30.66,5.21,0.00647039792947264,-0.0325670498084291
"2000-10-06",30.86,5.04,0.0365296803652968,0.00959692898272549
"2000-10-09",31.98,5.09,0.042449773169151,0.0138888888888889
"2000-10-10",33.29,5.16,-0.00281425891181977,-0.0117878192534382
"2000-10-11",33.2,5.1,0.085911685190748,0.0852713178294574
"2000-10-12",36.06,5.54,-0.033132530120482,-0.0215686274509805
"2000-10-13",34.96,5.43,-0.0493621741541875,-0.0162454873646209
"2000-10-16",33.18,5.34,0.00514874141876429,-0.0128913443830571
"2000-10-17",33.36,5.27,0.00452079566003612,0.0168539325842698
"2000-10-18",33.51,5.36,-0.0134892086330934,-0.0607210626185959
"2000-10-19",33.06,5.04,0.0373022978215458,-0.0373134328358209
"2000-10-20",34.31,4.84,0.0178463399879007,-0.00396825396825388
"2000-10-23",34.9,4.82,-0.0107840279801806,0.00413223140495859
"2000-10-24",34.53,4.84,-0.0260744985673354,-0.04149377593361
"2000-10-25",33.62,4.64,0.00376484216623234,-0.00619834710743788
"2000-10-26",33.75,4.61,-0.0288518738845925,-0.0280172413793103
"2000-10-27",32.78,4.48,0.00237037037037032,0.0173535791757048
"2000-10-30",32.86,4.56,-0.0048810250152531,-0.0424107142857142
"2000-10-31",32.7,4.37,0.0133901399878271,0.00657894736842111
"2000-11-01",33.14,4.4,-0.0168195718654433,0.0228832951945079
"2000-11-02",32.59,4.5,0.000905250452625046,0.0318181818181817
"2000-11-03",32.62,4.64,0.0122737035900585,-0.0088888888888889
"2000-11-06",33.02,4.6,0.0128755364806865,0.0172413793103448
"2000-11-07",33.44,4.68,-0.0157480314960629,0.0521739130434783
"2000-11-08",32.92,4.92,0.0284090909090908,0.0897435897435897
"2000-11-09",33.87,5.34,0.00546780072904009,-0.0203252032520324
"2000-11-10",34.05,5.24,0.00738116327133156,0.0655430711610486
"2000-11-13",34.3,5.59,0.0123348017621146,0.0419847328244274
"2000-11-14",34.72,5.81,0.0239067055393586,0.0250447227191414
"2000-11-15",35.54,5.95,-0.0201612903225805,-0.00172117039586915
"2000-11-16",34.84,5.94,0.0219471018570623,-0.0537815126050421
"2000-11-17",35.62,5.62,0.0103329506314581,0.102693602693603
"2000-11-20",35.98,6.23,-0.0123526108927568,0.0213523131672596
"2000-11-21",35.54,6.35,0.0144524735964426,-0.00802568218298553
"2000-11-22",36.06,6.3,-0.00731570061902097,0.0039370078740158
"2000-11-23",35.8,6.325,0.00721020521353314,-0.00198412698412701
"2000-11-24",36.06,6.3125,0.00502793296089385,-0.0114624505928853
"2000-11-27",36.24,6.24,-0.0615640599001664,-0.0538613861386138
"2000-11-28",34.02,5.9,0.0154525386313464,0.0048076923076922
"2000-11-29",34.58,5.93,-0.0285126396237507,0.0644067796610169
"2000-11-30",33.61,6.31,-0.0448235974551763,0.0370994940978079
"2000-12-01",32.06,6.53,-0.0232073787563226,0.13946117274168
"2000-12-04",31.28,7.41,-0.0633187772925765,0.0949464012251147
"2000-12-05",29.25,8.03,0.0316496163682864,0.0971659919028341
"2000-12-06",30.24,8.75,-0.0300854700854701,-0.0336239103362391
"2000-12-07",29.36,8.48,-0.0347222222222222,-0.04
"2000-12-08",28.31,8.13,0.0490463215258856,0.215801886792453
"2000-12-11",29.75,9.96,0.00211939244083358,-0.169741697416974
"2000-12-12",29.81,8.58,-0.0356302521008403,-0.0783132530120482
"2000-12-13",28.75,7.8,-0.0231465951023147,-0.0372960372960372
"2000-12-14",28.06,7.48,0.0278260869565218,0.0705128205128204
"2000-12-15",28.86,8.03,0.0235210263720599,0.167112299465241
"2000-12-18",29.52,9.28,-0.00623700623700623,-0.0211706102117061
"2000-12-19",29.34,9.11,-0.11890243902439,0.0905172413793103
"2000-12-20",25.83,9.95,0.00783912747102933,0.0592755214050495
"2000-12-21",26.06,10.49,0.00387146728610149,-0.00100502512562812
"2000-12-22",26.16,10.48,-0.0019186492709133,0.000476644423260153
"2000-12-25",26.11,10.485,0.0340214067278288,-0.0243320610687022
"2000-12-26",27,10.23,-0.0172347759479127,-0.0619933237958989
"2000-12-27",26.55,9.58,-0.0270370370370371,-0.0351906158357771
"2000-12-28",25.82,9.22,0.0338983050847457,0.131524008350731
"2000-12-29",26.72,10.48,-0.017428350116189,-0.0683297180043385
"2001-01-01",26.27,9.85,0.0381736526946108,0.0114503816793894
"2001-01-02",27.29,9.97,0.0243623905595737,-0.0263959390862944
"2001-01-03",27.93,9.71,0.000732869182850846,-0.0260782347041125
"2001-01-04",27.95,9.45,0.00250626566416041,0.0597322348094748
"2001-01-05",28.02,10.03,-0.0207513416815742,0.0296296296296298
"2001-01-08",27.44,10.31,0.00999286224125616,-0.0358923230309074
"2001-01-09",27.72,9.95,0.0619533527696794,-0.00387972841901059
"2001-01-10",29.42,9.91,0,-0.0964824120603016
"2001-01-11",29.42,8.95,0.0220938137321549,-0.0201816347124116
"2001-01-12",30.07,8.75,-0.0110469068660775,0.0111731843575419
"2001-01-15",29.745,8.85,0.0147988027934819,-0.0788571428571428
"2001-01-16",30.19,8.16,-0.0141200201714574,-0.0350282485875707
"2001-01-17",29.77,7.85,0.0215303080490229,-0.0931372549019608
"2001-01-18",30.42,7.09,0.0571044675848168,0.0662420382165606
"2001-01-19",32.12,7.61,0.00295857988165692,0.0126939351198871
"2001-01-22",32.21,7.7,-0.0171232876712329,-0.0893561103810776
"2001-01-23",31.66,7.02,-0.00620925178515987,-0.0272727272727273
"2001-01-24",31.46,6.81,0.00473783954516736,0
"2001-01-25",31.61,6.81,-0.0578512396694215,0.0279001468428782
"2001-01-26",29.79,7,-0.0227776020246757,-0.0352422907488987
"2001-01-29",29.07,6.76,0.00167841557569657,-0.114285714285714
"2001-01-30",29.12,5.96,-0.0171998624011008,-0.0192307692307692
"2001-01-31",28.62,5.83,0.0432692307692307,-0.00167785234899325
"2001-02-01",29.88,5.82,0.0485674353598882,0.161234991423671
"2001-02-02",31.27,6.76,-0.0240963855421686,-0.104810996563574
"2001-02-05",30.55,6.15,-0.00895426926766873,-0.0828402366863906
"2001-02-06",30.27,5.59,0.0327332242225859,0.0130081300813008
"2001-02-07",31.27,5.67,0.0099108027750248,0.101967799642218
"2001-02-08",31.57,6.24,-0.0204669011832427,0
"2001-02-09",30.93,6.24,-0.012987012987013,-0.0801282051282051
"2001-02-12",30.52,5.74,-0.0129324280633689,-0.0256410256410257
"2001-02-13",30.12,5.58,-0.0186762778505898,0.0540069686411149
"2001-02-14",29.55,5.89,-0.0195883134130146,-0.0967741935483871
"2001-02-15",28.96,5.35,0.00879864636209807,0.037351443123939
"2001-02-16",29.22,5.57,-0.00448895027624306,-0.0205607476635515
"2001-02-19",29.09,5.46,-0.0167693360711841,-0.052064631956912
"2001-02-20",28.6,5.17,0.00137504297009279,0.00549450549450554
"2001-02-21",28.64,5.2,-0.00419580419580423,-0.0174081237911025
"2001-02-22",28.52,5.11,0.0108240223463687,-0.0115384615384616
"2001-02-23",28.83,5.05,-0.0196353436185133,0.00391389432485332
"2001-02-26",28.27,5.07,-0.000346860908775512,0
"2001-02-27",28.26,5.07,-0.0321896002829855,0.0355029585798816
"2001-02-28",27.35,5.25,0.0152158527954706,0
"2001-03-01",27.78,5.25,0.00402193784277877,-0.0361904761904763
"2001-03-02",27.89,5.06,0.0259179265658747,0.0495238095238097
"2001-03-05",28.61,5.32,-0.00752958049480103,-0.00988142292490133
"2001-03-06",28.4,5.27,0.0192240475358267,-0.00939849624060147
"2001-03-07",28.95,5.22,-0.0225352112676057,0.00569259962049341
"2001-03-08",28.31,5.25,-0.0117443868739205,-0.0229885057471265
"2001-03-09",27.97,5.13,-0.00211939244083358,-0.0285714285714285
"2001-03-12",27.91,4.98,-0.0164461923489453,0.0194931773879142
"2001-03-13",27.45,5.08,-0.0343962737370119,-0.0180722891566265
"2001-03-14",26.49,4.99,0.00255009107468125,0.0551181102362203
"2001-03-15",26.56,5.27,0.00453001132502835,0
"2001-03-16",26.68,5.27,-0.0192018072289156,0
"2001-03-19",26.17,5.27,-0.00674662668665679,0
"2001-03-20",25.99,5.27,0.0168131448223157,-0.0208728652751422
"2001-03-21",26.43,5.16,-0.00923432089265096,0
"2001-03-22",26.19,5.16,0.0423760877790389,0
"2001-03-23",27.31,5.16,0.00343642611683848,0.0135658914728683
"2001-03-26",27.4,5.23,0.00805565726839994,0.0465116279069766
"2001-03-27",27.62,5.47,-0.0434306569343066,0.0248565965583174
"2001-03-28",26.43,5.6,0.001448225923244,-0.0530164533820841
"2001-03-29",26.47,5.31,-0.00378357926598554,0.00714285714285715
"2001-03-30",26.37,5.35,-0.0253116735927466,-0.0188323917137476
"2001-04-02",25.7,5.25,0.0360257868790292,0
"2001-04-03",26.65,5.25,0.0198443579766538,-0.00190476190476186
"2001-04-04",27.16,5.24,0.00300187617260782,0.00571428571428559
"2001-04-05",27.24,5.27,-0.00625920471281289,0.0114503816793894
"2001-04-06",27.07,5.33,0.013950073421439,0.0227703984819735
"2001-04-09",27.45,5.45,0.0376800886590321,0.0187617260787992
"2001-04-10",28.47,5.55,-0.00182149362477221,-0.0183486238532109
"2001-04-11",28.42,5.45,0.0115911485774499,-0.0234234234234234
"2001-04-12",28.75,5.32,-0.00580577058409568,0.0119266055045871
"2001-04-13",28.585,5.385,0.00782608695652167,0.017857142857143
"2001-04-16",28.81,5.48,-0.0321847122616756,-0.0222841225626741
"2001-04-17",27.89,5.36,-0.00208261020479008,-0.0383211678832117
"2001-04-18",27.83,5.15,0.00322696306920055,-0.0167910447761195
"2001-04-19",27.92,5.06,-0.0330578512396695,-0.0116504854368931
"2001-04-20",27,5,-0.00107449856733528,0.0177865612648221
"2001-04-23",26.97,5.09,-0.0640740740740741,0.00800000000000001
"2001-04-24",25.24,5.13,0.0255839822024472,-0.0294695481335952
"2001-04-25",25.93,4.98,0.100633914421553,-0.0116959064327486
"2001-04-26",28.47,4.92,-0.00462784419591197,-0.0180722891566265
"2001-04-27",28.35,4.83,0.00456621004566207,-0.0203252032520324
"2001-04-30",28.48,4.73,-0.00388007054673719,-0.0372670807453417
"2001-05-01",28.37,4.55,-0.0168539325842697,-0.00211416490486253
"2001-05-02",27.89,4.54,0.027141346492774,-0.0175824175824176
"2001-05-03",28.66,4.46,-0.00896378630333453,0.00881057268722468
"2001-05-04",28.41,4.5,-0.0216329378925332,-0.0381165919282511
"2001-05-07",27.79,4.33,-0.0154875043998591,-0.0244444444444445
"2001-05-08",27.35,4.22,0.0374235336451961,-0.0161662817551962
"2001-05-09",28.39,4.15,0.00402193784277877,0.00473933649289089
"2001-05-10",28.5,4.17,0.00317013032758013,0.019277108433735
"2001-05-11",28.59,4.25,0.00842105263157889,0.00719424460431661
"2001-05-14",28.83,4.28,0.00244840853445262,0.0423529411764705
"2001-05-15",28.9,4.46,-0.00450919181408252,0
"2001-05-16",28.77,4.46,0.00865051903114187,-0.0582959641255605
"2001-05-17",29.02,4.2,0.0305874174487313,-0.0112107623318385
"2001-05-18",29.9,4.15,0.00206753962784295,-0.00238095238095254
"2001-05-21",29.96,4.14,-0.00702341137123749,-0.0240963855421686
"2001-05-22",29.75,4.04,-0.0300400534045393,0.0169082125603865
"2001-05-23",28.85,4.11,-0.0295798319327732,0.00247524752475242
"2001-05-24",27.97,4.12,0.00381282495667242,-0.0705596107055961
"2001-05-25",28.08,3.83,-0.00196639256346084,0.0351941747572816
"2001-05-28",28.025,3.975,0.0261752136752138,-0.0300261096605745
"2001-05-29",28.76,3.86,-0.0017841213202498,-0.050314465408805
"2001-05-30",28.71,3.66,-0.0111265646731572,0.0181347150259067
"2001-05-31",28.39,3.73,-0.0177638453500523,-0.00819672131147536
"2001-06-01",27.88,3.7,0.009158154279676,0.0750670241286863
"2001-06-04",28.14,3.98,-0.0107604017216643,-0.0135135135135135
"2001-06-05",27.84,3.93,-0.00995024875621895,-0.0427135678391961
"2001-06-06",27.56,3.76,0.0125718390804598,-0.020356234096692
"2001-06-07",27.91,3.68,0.0188679245283019,-0.0159574468085107
"2001-06-08",28.43,3.62,0.0182730204227876,0.078804347826087
"2001-06-11",28.94,3.91,0.0066830812521983,0.0386740331491712
"2001-06-12",29.13,4.05,-0.0110573600552868,0.020460358056266
"2001-06-13",28.81,4.13,0.010641949879849,-0.0518518518518518
"2001-06-14",29.12,3.92,-0.0208261020479001,-0.0145278450363196
"2001-06-15",28.52,3.86,-0.0333104395604395,0.0127551020408164
"2001-06-18",27.55,3.91,-0.00210378681626936,0.0129533678756476
"2001-06-19",27.49,3.96,-0.0352087114337568,-0.0332480818414322
"2001-06-20",26.52,3.83,0.0120043652237178,-0.0353535353535354
"2001-06-21",26.85,3.69,0.00641025641025634,-0.0026109660574412
"2001-06-22",27.02,3.68,0.00335195530726256,-0.0325203252032521
"2001-06-25",27.11,3.56,-0.00518134715025909,-0.0271739130434783
"2001-06-26",26.97,3.46,-0.0479527849502028,-0.0196629213483146
"2001-06-27",25.67,3.39,0.00296625880608077,-0.0549132947976878
"2001-06-28",25.75,3.2,0.0241527074405922,-0.0855457227138643
"2001-06-29",26.37,2.91,-0.0135922330097088,0.00312499999999993
"2001-07-02",26.02,2.92,0.00985968904057647,0.0274914089347079
"2001-07-03",26.28,3,-0.00499615680245975,-0.0136986301369863
"2001-07-04",26.15,2.96,0.0350076103500762,0.0433333333333333
"2001-07-05",27.07,3.09,0.0393881453154876,-0.0337837837837837
"2001-07-06",28.1,2.99,-0.0173623937938678,0.0355987055016181
"2001-07-09",27.63,3.1,-0.0145907473309609,0.0334448160535117
"2001-07-10",27.22,3.2,-0.00542888165037997,0.00322580645161283
"2001-07-11",27.07,3.21,-0.00808229243203523,0.025
"2001-07-12",26.85,3.29,-0.0103435537495383,-0.0436137071651091
"2001-07-13",26.57,3.15,-0.0204841713221602,-0.0212765957446808
"2001-07-16",26.02,3.08,-0.0259691381257057,0.0190476190476191
"2001-07-17",25.33,3.14,-0.0261337432744043,0.00324675324675318
"2001-07-18",24.65,3.15,0,-0.0445859872611465
"2001-07-19",24.65,3.01,0.0413793103448277,-0.0126984126984126
"2001-07-20",25.67,2.97,0.00851926977687616,0.0166112956810631
"2001-07-23",25.88,3.02,0.0116867939228672,-0.00673400673400674
"2001-07-24",26.18,3,0.0204791344667698,0.0198675496688742
"2001-07-25",26.71,3.06,0.0011459129106187,0.0666666666666666
"2001-07-26",26.74,3.26,0.00898539872706859,-0.0653594771241829
"2001-07-27",26.98,3.06,-0.0142109199700822,0.067484662576687
"2001-07-30",26.6,3.28,0.00370644922164558,0.00980392156862753
"2001-07-31",26.7,3.31,0.00488721804511274,-0.0121951219512195
"2001-08-01",26.83,3.27,0.0385767790262173,-0.0362537764350453
"2001-08-02",27.86,3.15,-0.0130450987700335,-0.0275229357798165
"2001-08-03",27.51,3.06,0.00681981335247659,0.00317460317460311
"2001-08-06",27.7,3.07,0.0170846964740095,0.0294117647058824
"2001-08-07",28.17,3.16,-0.0198555956678701,-0.0162866449511402
"2001-08-08",27.62,3.11,0.00354987575434852,-0.00316455696202525
"2001-08-09",27.72,3.1,0.0144822592324403,-0.0353697749196141
"2001-08-10",28.12,2.99,-0.00974025974025972,0.00322580645161283
"2001-08-13",27.85,3,0.00889046941678521,0.0167224080267558
"2001-08-14",28.1,3.05,-0.0211849192100539,0.0333333333333334
"2001-08-15",27.51,3.15,-0.00142348754448408,0.101639344262295
"2001-08-16",27.47,3.46,-0.029807342784442,-0.0698412698412698
"2001-08-17",26.65,3.24,0.0200218420094649,-0.0202312138728325
"2001-08-20",27.2,3.17,0.0273921200750469,0.00308641975308649
"2001-08-21",27.93,3.18,-0.0279411764705882,0.00630914826498423
"2001-08-22",27.17,3.2,-0.0551378446115289,-0.10377358490566
"2001-08-23",25.63,2.87,0.0997423629002577,-0.03125
"2001-08-24",28.34,2.77,-0.0643776824034334,-0.0557491289198607
"2001-08-27",26.69,2.61,0.0165843330980945,-0.0144404332129964
"2001-08-28",27.16,2.57,-0.00337204945672536,-0.0421455938697318
"2001-08-29",27.07,2.46,-0.0154639175257733,0.00389105058365768
"2001-08-30",26.65,2.47,0,-0.130081300813008
"2001-08-31",26.65,2.15,0,0.0647773279352227
"2001-09-03",26.65,2.31,0.0108818011257037,-0.0372093023255814
"2001-09-04",26.94,2.23,0.00337711069418386,0.0476190476190476
"2001-09-05",27.03,2.34,0.0189309576837416,0.040358744394619
"2001-09-06",27.54,2.43,0.0166481687014428,-0.02991452991453
"2001-09-07",27.99,2.36,-0.0119825708061002,0.00823045267489713
"2001-09-10",27.66,2.38,-0.000357270453733532,0
"2001-09-11",27.65,2.38,-0.000361532899493782,0.0252100840336135
"2001-09-12",27.64,2.44,0.0339963833634719,-0.0210084033613445
"2001-09-13",28.58,2.39,0.0365412445730825,0.00819672131147542
"2001-09-14",29.59,2.41,-0.0262421273617915,-0.0209205020920503
"2001-09-17",28.84,2.36,-0.0348090571138899,-0.0746887966804978
"2001-09-18",27.81,2.18,-0.0374479889042995,-0.0211864406779662
"2001-09-19",26.73,2.13,-0.00467457749011144,-0.0321100917431192
"2001-09-20",26.6,2.06,-0.042648709315376,-0.00938967136150236
"2001-09-21",25.46,2.04,-0.150375939849624,-0.0242718446601942
"2001-09-24",21.46,1.99,0.00667714061272577,-0.0245098039215686
"2001-09-25",21.63,1.94,0.0358807082945014,-0.0301507537688442
"2001-09-26",22.4,1.88,0.0184928340268147,0.0103092783505155
"2001-09-27",22.8,1.9,0.0285714285714286,-0.0531914893617021
"2001-09-28",23.44,1.8,-0.0140350877192983,-0.0315789473684211
"2001-10-01",23.12,1.74,-0.0179180887372014,0.05
"2001-10-02",22.7,1.83,-0.0229238754325258,0.0804597701149425
"2001-10-03",22.17,1.97,0.0233480176211453,0.087431693989071
"2001-10-04",22.7,2.13,-0.0171402796571944,-0.0101522842639594
"2001-10-05",22.32,2.11,-0.00308370044052865,-0.0422535211267605
"2001-10-08",22.25,2.02,0.0134408602150538,0.0426540284360189
"2001-10-09",22.55,2.11,-0.00179775280898873,0.0544554455445546
"2001-10-10",22.51,2.22,0.0434589800443458,0.0900473933649289
"2001-10-11",23.49,2.41,-0.0444247001332741,-0.0585585585585587
"2001-10-12",22.49,2.28,-0.00510855683269465,-0.008298755186722
"2001-10-15",22.37,2.26,-0.0160071142730102,0.109649122807018
"2001-10-16",22.01,2.51,-0.00536432722396071,0.0442477876106195
"2001-10-17",21.89,2.61,-0.0254429804634258,-0.0876494023904382
"2001-10-18",21.33,2.39,0.0301507537688442,-0.0306513409961686
"2001-10-19",21.99,2.31,-0.00984528832630086,0.125523012552301
"2001-10-22",21.78,2.61,-0.022737608003638,0.0909090909090909
"2001-10-23",21.28,2.82,0.0330578512396694,-0.0574712643678161
"2001-10-24",22,2.67,-0.0117481203007519,0.170212765957447
"2001-10-25",21.75,3.15,0.0145454545454546,-0.0337078651685393
"2001-10-26",22.07,3.06,0.00137931034482764,0.0476190476190476
"2001-10-29",22.1,3.21,-0.0122338015405529,-0.0326797385620915
"2001-10-30",21.83,3.11,-0.0285067873303167,-0.0124610591900312
"2001-10-31",21.2,3.07,-0.0334402198808979,-0.0257234726688102
"2001-11-01",20.47,2.99,-0.0108490566037736,-0.0195439739413681
"2001-11-02",20.24,2.93,-0.011724474841231,-0.020066889632107
"2001-11-05",20,2.87,-0.00345849802371543,-0.0511945392491467
"2001-11-06",19.93,2.72,0.00899999999999999,0.00348432055749121
"2001-11-07",20.11,2.73,0.0551931761164075,-0.0183823529411764
"2001-11-08",21.21,2.68,0.0507210343112879,-0.0256410256410257
"2001-11-09",22.23,2.61,-0.0457331447430457,-0.0597014925373133
"2001-11-12",21.26,2.45,0.0134952766531713,-0.0268199233716476
"2001-11-13",21.56,2.38,-0.0907808090310442,-0.036734693877551
"2001-11-14",19.63,2.29,-0.0987940630797773,-0.126050420168067
"2001-11-15",17.5,1.99,0.0300560366785532,-0.131004366812227
"2001-11-16",18.09,1.69,-0.0200000000000001,0.195979899497488
"2001-11-19",17.74,2.08,0.0536207849640687,0.27810650887574
"2001-11-20",18.71,2.55,-0.0186020293122887,-0.307692307692308
"2001-11-21",18.38,1.91,0.00881881346873344,0.125490196078431
"2001-11-22",18.545,2.23,-0.00448857453754098,-0.0837696335078535
"2001-11-23",18.4625,2.07,0.0122674575357241,-0.125560538116592
"2001-11-26",18.69,1.79,0.0476641841570751,0.0386473429951691
"2001-11-27",19.57,1.87,-0.010700909577314,0.240223463687151
"2001-11-28",19.37,2.3,-0.0419008686765457,-0.0588235294117646
"2001-11-29",18.55,2.19,0.0469798657718121,-0.156521739130435
"2001-11-30",19.46,1.83,0.04366576819407,0.123287671232877
"2001-12-03",20.27,2.1,-0.0287769784172661,-0.0546448087431694
"2001-12-04",19.71,2,-0.00444005920078934,-0.0523809523809524
"2001-12-05",19.62,1.89,-0.0471841704718417,-0.0399999999999999
"2001-12-06",18.69,1.81,0.0198776758409784,0.158730158730159
"2001-12-07",19.08,2.11,-0.0406634563937934,0.0939226519337016
"2001-12-10",18.32,2.28,-0.0146750524109015,0.14218009478673
"2001-12-11",18.04,2.58,0.0185589519650655,-0.0043859649122808
"2001-12-12",18.38,2.57,-0.00997782705099777,-0.065891472868217
"2001-12-13",18.2,2.4,0.0603917301414581,0
"2001-12-14",19.31,2.4,-0.00164835164835152,0
"2001-12-17",19.28,2.4,0.00517866390471247,0
"2001-12-18",19.38,2.4,-0.000518672199170021,0
"2001-12-19",19.37,2.4,-0.0361197110423116,0
"2001-12-20",18.67,2.4,0.0325245224574083,0
"2001-12-21",19.3,2.4,-0.0168719871451527,0
"2001-12-24",18.985,2.4,0.00816062176165797,0
"2001-12-25",19.1425,2.4,0.11469581248354,0
"2001-12-26",21.32,2.4,-0.0130599451482304,0
"2001-12-27",21.07,2.4,-0.0304878048780487,0
"2001-12-28",20.42,2.4,-0.0218319886093973,0
"2001-12-31",19.96,2.4,0.0112634671890304,0
"2002-01-01",20.19,2.4,0.0470941883767534,0.0625
"2002-01-02",21.13,2.55,-0.0237741456166419,0.0125000000000001
"2002-01-03",20.65,2.58,0.0388073828679603,0
"2002-01-04",21.47,2.58,-0.00242130750605313,0
"2002-01-07",21.42,2.58,-0.0279459711224966,-0.0736434108527132
"2002-01-08",20.82,2.39,-0.0233426704014939,-0.0310077519379845
"2002-01-09",20.32,2.31,0.00768491834774256,0.00418410041840995
"2002-01-10",20.48,2.32,-0.0398622047244094,0
"2002-01-11",19.67,2.32,-0.0385742187500001,0
"2002-01-14",18.88,2.32,0.00559227249618706,0
"2002-01-15",18.99,2.32,-0.00158898305084733,0.0258620689655173
"2002-01-16",18.96,2.38,-0.0400210637177463,0.00862068965517242
"2002-01-17",18.2,2.4,-0.00949367088607593,-0.0504201680672269
"2002-01-18",18.02,2.28,0.00494505494505494,0.025
"2002-01-21",18.11,2.34,0.013873473917869,-0.0263157894736842
"2002-01-22",18.36,2.28,0.0408614025400332,0
"2002-01-23",19.1,2.28,0.0255991285403049,-0.0657894736842105
"2002-01-24",19.57,2.13,0.0120418848167539,-0.0438596491228071
"2002-01-25",19.8,2.03,0.0127746550843127,0
"2002-01-28",20.05,2.03,-0.0378787878787879,0
"2002-01-29",19.3,2.03,-0.00947630922693273,0.123152709359606
"2002-01-30",19.11,2.28,0.0310880829015545,0
"2002-01-31",19.71,2.28,0.0361067503924646,0
"2002-02-01",20.4,2.28,-0.0192795535261288,0
"2002-02-04",20.02,2.28,0.00196078431372545,0
"2002-02-05",20.06,2.28,-0.0144855144855144,-0.0614035087719297
"2002-02-06",19.77,2.14,-0.000997008973080737,0.013157894736842
"2002-02-07",19.75,2.17,0.0252908447142135,0.0186915887850467
"2002-02-08",20.25,2.21,0.0526582278481012,0.00460829493087568
"2002-02-11",21.29,2.22,-0.0261728395061727,0.0769230769230769
"2002-02-12",20.76,2.39,0.0201972757162987,-0.00900900900900902
"2002-02-13",21.19,2.37,0,-0.0460251046025106
"2002-02-14",21.19,2.26,0.0132137800849456,-0.0337552742616032
"2002-02-15",21.47,2.18,-0.00660689004247289,0.0176991150442478
"2002-02-18",21.33,2.22,-0.0260829063809967,0.0458715596330274
"2002-02-19",20.77,2.32,-0.0215658696671355,0.0405405405405407
"2002-02-20",20.31,2.41,0.0240731824747232,-0.00431034482758631
"2002-02-21",20.81,2.4,0.00541605120630246,0
"2002-02-22",20.92,2.4,-0.0326765977895244,0
"2002-02-25",20.24,2.4,0.0540152963671129,0.025
"2002-02-26",21.37,2.46,0.00148221343873506,0.0125000000000001
"2002-02-27",21.4,2.49,0.0177819372952739,0
"2002-02-28",21.78,2.49,0.0275700934579439,0.00803212851405605
"2002-03-01",22.37,2.51,0.00826446280991734,0.0602409638554218
"2002-03-04",22.55,2.66,0.0281627179257934,-0.0119521912350599
"2002-03-05",23.18,2.63,0.00620842572062087,-0.0413533834586466
"2002-03-06",23.32,2.52,0.0129421915444349,0.0798479087452471
"2002-03-07",23.62,2.73,0.0107204116638079,0.0357142857142857
"2002-03-08",23.87,2.82,0.0207451312447078,0.0293040293040293
"2002-03-11",24.36,2.9,0.00795978215333059,0.0141843971631206
"2002-03-12",24.55,2.94,-0.0168308702791461,0.010344827586207
"2002-03-13",24.14,2.97,0.0138492871690428,-0.0646258503401362
"2002-03-14",24.48,2.78,-0.000414250207125168,0.0707070707070708
"2002-03-15",24.47,2.99,0.0228758169934641,0.0575539568345323
"2002-03-18",25.03,3.15,-0.000408663669799819,0.0602006688963211
"2002-03-19",25.02,3.33,-0.0039952057530962,-0.0126984126984127
"2002-03-20",24.92,3.29,0.0327737809752197,-0.027027027027027
"2002-03-21",25.74,3.2,-0.00722311396468699,0.112462006079027
"2002-03-22",25.56,3.57,0.00505050505050515,-0.034375
"2002-03-25",25.69,3.46,0.00234741784037554,0.0364145658263305
"2002-03-26",25.75,3.59,0.00155702608018681,-0.0693641618497109
"2002-03-27",25.79,3.35,0.0163106796116506,-0.0473537604456824
"2002-03-28",26.21,3.18,-0.00814269096549053,0.0253731343283582
"2002-03-29",26,3.265,0.031285768790538,0.0518867924528302
"2002-04-01",26.82,3.43,0.0357692307692308,0.0888208269525268
"2002-04-02",27.75,3.72,-0.00745712155108126,-0.0116618075801749
"2002-04-03",27.55,3.68,-0.0327927927927928,-0.0322580645161291
"2002-04-04",26.64,3.56,-0.0156079854809437,-0.0679347826086956
"2002-04-05",26.21,3.31,-0.0018768768768769,0.0140449438202247
"2002-04-08",26.16,3.36,-0.027088897367417,-0.0332326283987915
"2002-04-09",25.45,3.25,0.0267584097859327,0
"2002-04-10",26.15,3.25,-0.0479371316306483,-0.0338461538461538
"2002-04-11",24.93,3.14,-0.0543021032504779,-0.0215384615384616
"2002-04-12",23.51,3.07,0.0409145607701564,0.0636942675159236
"2002-04-15",24.53,3.27,0.0165886856656742,0.0553745928338762
"2002-04-16",24.92,3.44,0.0415817366490012,-0.0122324159021407
"2002-04-17",25.94,3.4,-0.0032102728731943,0.0290697674418605
"2002-04-18",25.86,3.5,0.0219737856592136,-0.0294117647058824
"2002-04-19",26.43,3.4,-0.00580046403712291,0.0514285714285715
"2002-04-22",26.28,3.58,0,0.0147058823529411
"2002-04-23",26.28,3.63,0,-0.0279329608938548
"2002-04-24",26.28,3.53,0.00304414003044134,-0.0192837465564738
"2002-04-25",26.36,3.46,0.0289193302891934,-0.0396600566572238
"2002-04-26",27.12,3.32,0.0125189681335356,0.0346820809248555
"2002-04-29",27.45,3.44,-0.00479351032448374,0.0632530120481928
"2002-04-30",27.32,3.65,-0.0269581056466303,0.0406976744186047
"2002-05-01",26.58,3.79,-0.00988286969253293,-0.0383561643835617
"2002-05-02",26.31,3.65,0.016553799849511,0.0158311345646438
"2002-05-03",26.75,3.71,-0.024325351577347,-0.0273972602739726
"2002-05-06",26.11,3.61,0.0254205607476635,-0.0296495956873315
"2002-05-07",26.79,3.5,0.0371505170432785,0.0664819944598339
"2002-05-08",27.76,3.74,0.000746547219111593,-0.00571428571428572
"2002-05-09",27.78,3.72,0.00504322766570607,-0.0053475935828877
"2002-05-10",27.92,3.7,0.0251979841612671,-0.021505376344086
"2002-05-13",28.62,3.62,0.0196991404011462,0.0351351351351351
"2002-05-14",29.17,3.75,-0.0349406009783368,-0.0414364640883978
"2002-05-15",28.17,3.6,-0.00582790538224209,-0.04
"2002-05-16",28,3.45,0.00674476393326238,-0.0111111111111111
"2002-05-17",28.19,3.41,0.00178571428571418,0.00869565217391299
"2002-05-20",28.24,3.44,-0.0315714792479602,-0.032258064516129
"2002-05-21",27.35,3.33,-0.0120396600566572,0.0174418604651163
"2002-05-22",27.01,3.39,-0.0149908592321755,-0.00300300300300307
"2002-05-23",26.6,3.38,0.00333209922251018,-0.0501474926253687
"2002-05-24",26.69,3.21,-0.00169172932330833,0.0251479289940828
"2002-05-27",26.645,3.295,-0.0586361933308356,-0.0358255451713395
"2002-05-28",25.08,3.18,0.0210170763745544,0.0364188163884673
"2002-05-29",25.64,3.3,-0.0342902711323764,0.00943396226415102
"2002-05-30",24.78,3.33,0.0230109204368175,-0.0545454545454546
"2002-05-31",25.37,3.15,-0.0108958837772397,0.00900900900900908
"2002-06-03",25.1,3.18,0.00867165944028375,0.0412698412698412
"2002-06-04",25.32,3.31,-0.0119521912350598,-0.00628930817610063
"2002-06-05",25.02,3.29,-0.00513428120063187,0
"2002-06-06",24.89,3.29,-0.00679456434852125,-0.054711246200608
"2002-06-07",24.72,3.11,-0.019284853354761,0.00911854103343473
"2002-06-10",24.24,3.14,-0.00121359223300961,-0.00964630225080394
"2002-06-11",24.21,3.11,0.0239273927392739,0.0127388535031847
"2002-06-12",24.79,3.15,0.0309789343246592,-0.0353697749196141
"2002-06-13",25.54,3.04,0.0145219846712384,0.0285714285714285
"2002-06-14",25.9,3.13,0.00313234142521542,0.069078947368421
"2002-06-17",25.98,3.34,-0.023938223938224,-0.0351437699680511
"2002-06-18",25.36,3.23,0.00808314087759819,0.00299401197604797
"2002-06-19",25.57,3.24,0.0019716088328076,0.0278637770897832
"2002-06-20",25.62,3.33,-0.00430191630817362,-0.0462962962962963
"2002-06-21",25.51,3.18,0.0312256049960967,0.045045045045045
"2002-06-24",26.31,3.33,-0.00980007840062721,0.0503144654088051
"2002-06-25",26.06,3.49,0.023185100722159,0.129129129129129
"2002-06-26",26.67,3.92,0.00383729854182647,-0.200573065902579
"2002-06-27",26.77,3.22,0.000749906261717269,-0.00510204081632654
"2002-06-28",26.79,3.2,0,0.0248447204968943
"2002-07-01",26.79,3.28,0.00149309443822319,-0.034375
"2002-07-02",26.83,3.17,-0.00037327360955573,-0.0274390243902439
"2002-07-03",26.82,3.08,0.000186358553857585,0.0141955835962145
"2002-07-04",26.825,3.125,-9.32140193884313e-05,-0.00730519480519479
"2002-07-05",26.8225,3.1025,-0.0254426840633738,-0.0136
"2002-07-08",26.14,3.06,0.000745642650759607,-0.0290088638195004
"2002-07-09",26.16,2.97,0.0218056618209641,0.022875816993464
"2002-07-10",26.73,3.04,0.0107033639143731,-0.0639730639730639
"2002-07-11",27.01,2.85,0.017583239805462,0.00657894736842106
"2002-07-12",27.48,2.87,-0.00925583117363939,-0.0140350877192983
"2002-07-15",27.23,2.83,0.0163755458515284,0.0209059233449478
"2002-07-16",27.68,2.89,0.00734484024972454,0.0282685512367491
"2002-07-17",27.88,2.97,-0.0137283236994219,-0.041522491349481
"2002-07-18",27.5,2.85,0.0118364418938306,0.0336700336700337
"2002-07-19",27.83,2.95,-0.0443636363636363,0.0210526315789472
"2002-07-22",26.61,3.01,0,-0.0203389830508473
"2002-07-23",26.61,2.95,0.00638857572341231,-0.0132890365448505
"2002-07-24",26.78,2.91,-0.00413378429161967,0.047457627118644
"2002-07-25",26.67,3.05,-0.00448095593726665,-0.0378006872852233
"2002-07-26",26.55,2.94,-0.000374953130858701,0.0426229508196721
"2002-07-29",26.54,3.07,0.0335216572504708,-0.0340136054421767
"2002-07-30",27.43,2.97,-0.0154483798040693,0.01628664495114
"2002-07-31",27.02,3.02,-0.0185927816259569,0.0168350168350168
"2002-08-01",26.51,3.07,0.0133234641006662,-0.0562913907284768
"2002-08-02",26.87,2.9,-0.012070916635232,-0.0293159609120521
"2002-08-05",26.55,2.81,0.0234462225530331,-0.00344827586206905
"2002-08-06",27.18,2.8,-0.0225988700564972,-0.0249110320284697
"2002-08-07",26.58,2.73,0.00331125827814582,0.00714285714285715
"2002-08-08",26.67,2.75,0.00752445447705039,0.0293040293040293
"2002-08-09",26.87,2.83,0.0363704536932883,0.0290909090909091
"2002-08-12",27.84,2.91,0.0189802754000745,0.0353356890459363
"2002-08-13",28.35,3.01,-0.00574712643678161,0.00687285223367698
"2002-08-14",28.19,3.03,0.0282186948853614,-0.0365448504983388
"2002-08-15",28.99,2.92,0.00886839304717985,0.0594059405940595
"2002-08-16",29.24,3.1,0.0213866850638151,0
"2002-08-19",29.86,3.1,0.00889192886456914,0.0483870967741935
"2002-08-20",30.12,3.25,0.00837240455458808,-0.00967741935483865
"2002-08-21",30.37,3.22,-0.00863213811420988,0.043076923076923
"2002-08-22",30.11,3.36,-0.0039512676983866,0.0372670807453416
"2002-08-23",29.99,3.48,-0.0252407837927598,0.00892857142857137
"2002-08-26",29.23,3.51,-0.0130043347782594,-0.0114942528735631
"2002-08-27",28.84,3.47,-0.0181320561067397,-0.0455840455840456
"2002-08-28",28.31,3.31,0.0180305131761442,-0.0172910662824208
"2002-08-29",28.83,3.25,0.00494524902861182,-0.0392749244712991
"2002-08-30",28.97,3.12,-0.00242802636142908,0.02
"2002-09-02",28.9,3.185,-0.039351052813255,-0.0272435897435897
"2002-09-03",27.76,3.1,0.0179930795847751,0.00941915227629507
"2002-09-04",28.28,3.13,0.0280979827089336,0.0225806451612904
"2002-09-05",29.06,3.2,0.015912305516266,0.060702875399361
"2002-09-06",29.51,3.39,0.00997935306262901,-0.046875
"2002-09-09",29.8,3.24,-0.00609962724500168,0.0324483775811209
"2002-09-10",29.62,3.35,0.00503355704697982,-0.00617283950617284
"2002-09-11",29.77,3.33,-0.0276839972991222,-0.0328358208955224
"2002-09-12",28.95,3.22,0.029559959690964,0.045045045045045
"2002-09-13",29.83,3.37,-0.0238341968911916,0.0248447204968944
"2002-09-16",29.14,3.45,-0.00201139792155556,0.00296735905044504
"2002-09-17",29.08,3.46,0.0168153740562801,0.0985507246376811
"2002-09-18",29.57,3.8,-0.00275103163686389,0.0289017341040463
"2002-09-19",29.49,3.9,0.00541088941494759,0.0131578947368422
"2002-09-20",29.65,3.95,0.0406917599186166,-0.0205128205128205
"2002-09-23",30.85,3.87,-0.00202360876897141,0.0329113924050633
"2002-09-24",30.79,4,-0.00324149108589944,-0.062015503875969
"2002-09-25",30.69,3.76,-0.0123416693731732,-0.0375
"2002-09-26",30.31,3.61,0.00716845878136209,0.0398936170212766
"2002-09-27",30.53,3.76,0.00197954470471787,0.0914127423822715
"2002-09-30",30.59,4.09,0.00393056010481497,0.0851063829787235
"2002-10-01",30.71,4.41,-0.00392285060477283,-0.0342298288508559
"2002-10-02",30.59,4.27,-0.0280039075219798,-0.0090702947845803
"2002-10-03",29.73,4.23,-0.00261523373651526,-0.0866510538641688
"2002-10-04",29.65,3.86,0,-0.0212765957446808
"2002-10-07",29.65,3.77,-0.00303541315345699,0.0233160621761658
"2002-10-08",29.56,3.86,-0.00843170320404722,0.0132625994694961
"2002-10-09",29.31,3.91,-0.0118403247631934,0.00518134715025907
"2002-10-10",28.96,3.93,0.0136472193790515,-0.0332480818414323
"2002-10-11",29.36,3.8,0.024171270718232,0.0992366412213742
"2002-10-14",30.06,4.19,-0.0112397820163487,0
"2002-10-15",29.73,4.19,-0.0149700598802395,-0.0214797136038188
"2002-10-16",29.28,4.1,0.0110998990918264,0
"2002-10-17",29.61,4.1,-0.00170765027322407,0.00243902439024407
"2002-10-18",29.56,4.11,-0.0422154677473826,0.0292682926829269
"2002-10-21",28.31,4.23,-0.0128552097428958,-0.00729927007299276
"2002-10-22",27.93,4.2,0.00918403391027911,0.00945626477541372
"2002-10-23",28.19,4.24,-0.0114572144647333,0.0142857142857142
"2002-10-24",27.87,4.3,-0.0276693863072012,-0.0424528301886792
"2002-10-25",27.09,4.12,0.00574094007893793,0.00930232558139536
"2002-10-28",27.25,4.16,-0.0162421557770395,0.00970873786407768
"2002-10-29",26.81,4.2,0.00146788990825698,0.0336538461538461
"2002-10-30",26.85,4.34,0.0123088399850801,0.0119047619047619
"2002-10-31",27.18,4.39,-0.00521415270018624,-0.0737327188940091
"2002-11-01",27.04,4.07,-0.00551876379690944,-0.029612756264237
"2002-11-04",26.89,3.94,-0.0306952662721894,-0.00982800982800984
"2002-11-05",26.06,3.9,-0.0126441056154704,0.0050761421319797
"2002-11-06",25.72,3.92,-0.0138142747505756,-0.00512820512820513
"2002-11-07",25.36,3.9,0.0182737169517884,-0.0357142857142857
"2002-11-08",25.83,3.76,0.00749211356466882,0.017948717948718
"2002-11-11",26.02,3.83,0.0065814943863725,0
"2002-11-12",26.19,3.83,-0.0349730976172175,0
"2002-11-13",25.28,3.83,0.00458190148911789,0.0182767624020887
"2002-11-14",25.4,3.9,0.0039556962025317,0.00522193211488251
"2002-11-15",25.5,3.92,0.0476377952755906,0.0666666666666666
"2002-11-18",26.71,4.18,-0.011764705882353,0.0178571428571429
"2002-11-19",26.41,4.25,0.0220891052040434,0.00478468899521521
"2002-11-20",27,4.27,0.00265051117001137,-0.00705882352941161
"2002-11-21",27.07,4.24,0.0244444444444444,0.0187353629976581
"2002-11-22",27.73,4.32,-0.0265977096416697,0.00471698113207537
"2002-11-25",27.01,4.34,-0.0147854309412189,-0.0254629629629628
"2002-11-26",26.6,4.23,0.00999629766753053,-0.00921658986175116
"2002-11-27",26.87,4.19,-0.00507518796992487,0.00472813238770675
"2002-11-28",26.735,4.21,0.00251209527353923,-0.00238663484486868
"2002-11-29",26.8025,4.2,0.0174864409949505,0.0071258907363421
"2002-12-02",27.27,4.23,0.00261169667008676,0.0285714285714284
"2002-12-03",27.34,4.35,-0.0198019801980198,-0.0260047281323876
"2002-12-04",26.8,4.24,0.0171909290416971,0.025287356321839
"2002-12-05",27.27,4.35,-0.00895522388059696,0.00943396226415095
"2002-12-06",27.03,4.39,0.00953428676200946,-0.0160919540229884
"2002-12-09",27.29,4.32,0.0162782093969664,0.0182232346241458
"2002-12-10",27.73,4.4,-0.00879443019421041,0.0532407407407406
"2002-12-11",27.49,4.63,0.0256040389469889,0.0409090909090908
"2002-12-12",28.2,4.81,0.00691160421971631,0.0518358531317495
"2002-12-13",28.39,5.05,0.0624113475177304,0.054054054054054
"2002-12-16",30.15,5.31,-0.00387460373370903,-0.0356435643564356
"2002-12-17",30.04,5.13,0.0122719734660034,-0.0282485875706214
"2002-12-18",30.41,4.98,0.00532623169107857,0.0311890838206626
"2002-12-19",30.57,5.14,0,-0.0180722891566265
"2002-12-20",30.57,5.05,0.0497219496238143,-0.0038910505836575
"2002-12-23",32.09,5.03,0.0013084723585214,0
"2002-12-24",32.13,5.03,-0.000623247117482179,0
"2002-12-25",32.11,5.03,0.0155617802676626,-0.00994035785288267
"2002-12-26",32.61,4.98,0.00218000622858923,-0.0337972166998014
"2002-12-27",32.68,4.81,-0.0389451088623122,-0.0140562248995983
"2002-12-30",31.41,4.74,-0.00611995104039166,-0.0311850311850313
"2002-12-31",31.21,4.59,0.00318369945877102,0.0158227848101266
"2003-01-01",31.31,4.665,0.0211470682473566,0.0577342047930283
"2003-01-02",31.97,4.93,0.0412008942829767,0.0428724544480172
"2003-01-03",33.26,5.13,-0.0303409446355958,-0.0385395537525354
"2003-01-06",32.29,4.94,-0.0327720986169573,-0.00974658869395725
"2003-01-07",31.2,4.89,-0.0167234437906472,0.0364372469635629
"2003-01-08",30.66,5.07,0.0413461538461538,-0.00408997955010234
"2003-01-09",31.95,5.05,-0.0117416829745597,0.027613412228797
"2003-01-10",31.59,5.19,0.0153364632237871,0.00792079207920793
"2003-01-13",32.08,5.23,0.0107628996517886,0.00385356454720608
"2003-01-14",32.42,5.25,0.0252493765586033,-0.00764818355640536
"2003-01-15",33.23,5.21,0.0107958050586058,0.0552380952380952
"2003-01-16",33.58,5.5,0.00902798675895288,0.0307101727447217
"2003-01-17",33.88,5.66,-0.00446694460988701,-0.0145454545454546
"2003-01-20",33.73,5.58,0.0262691853600945,-0.0194346289752651
"2003-01-21",34.62,5.47,-0.00889415950192698,0.0448028673835125
"2003-01-22",34.32,5.72,-0.0121317157712306,0.151736745886655
"2003-01-23",33.9,6.55,0.0314685314685314,-0.111888111888112
"2003-01-24",34.98,5.91,-0.075221238938053,0
"2003-01-27",32.43,5.91,0.00771869639794177,-0.0659898477157361
"2003-01-28",32.7,5.52,0.0259019426456983,0.0152284263959392
"2003-01-29",33.54,5.61,0.00733944954128446,0.0271739130434782
"2003-01-30",33.78,5.76,-0.00805008944543838,-0.0320855614973262
"2003-01-31",33.51,5.58,-0.0198342214328003,0.0225694444444444
"2003-02-03",32.84,5.71,0.0229782154580721,0.0985663082437276
"2003-02-04",33.61,6.26,0.00913520097442135,-0.00700525394045535
"2003-02-05",33.91,6.22,0.0133888723594169,-0.0223642172523961
"2003-02-06",34.36,6.08,0.0203479799469182,0.0353697749196141
"2003-02-07",35.05,6.3,-0.0171711292200232,0.00822368421052629
"2003-02-10",34.46,6.35,0.0276747503566333,-0.0253968253968253
"2003-02-11",35.43,6.19,0.0116076610562971,0
"2003-02-12",35.83,6.19,0.0225797346881175,-0.0613893376413572
"2003-02-13",36.63,5.81,-0.000558191459670754,0.0113085621970921
"2003-02-14",36.61,5.88,0.000273000273000219,-0.00602409638554219
"2003-02-17",36.62,5.845,0.00710188473094797,0.0416666666666667
"2003-02-18",36.88,6.09,0.00382304751501913,0.00171086398631305
"2003-02-19",37.02,6.1,-0.0154555314533623,0.0459770114942529
"2003-02-20",36.45,6.38,0.00837385197190695,0.057377049180328
"2003-02-21",36.76,6.73,0.0145404663923183,0.822884012539185
"2003-02-24",37.29,11.98,-0.0334602829162132,0.965824665676077
"2003-02-25",36.06,18.48,0.0509519978546527,-0.668614357262103
"2003-02-26",37.96,10.47,-0.031336661120355,-0.110930735930736
"2003-02-27",36.83,8.42,-0.00184404636459432,0.228271251193887
"2003-02-28",36.76,10.81,-0.0179201737713819,-0.273159144893112
"2003-03-03",36.1,8.51,0.0231229597388466,-0.0740055504162812
"2003-03-04",36.95,7.71,-0.00249307479224386,0.0105757931844888
"2003-03-05",36.86,7.8,0.00947225981055484,-0.0298313878080414
"2003-03-06",37.21,7.57,0.0149213239283776,-0.0192307692307693
"2003-03-07",37.76,7.42,-0.0155872077398548,-0.0845442536327609
"2003-03-10",37.18,6.78,-0.00979872881355925,-0.0714285714285715
"2003-03-11",36.81,6.25,0.0285099515868745,-0.0663716814159292
"2003-03-12",37.87,5.8,-0.0494430861179027,-0.0144
"2003-03-13",36.05,5.71,-0.0168999207816214,-0.0931034482758621
"2003-03-14",35.41,5.17,-0.0135922330097086,0.0262697022767076
"2003-03-17",34.92,5.32,-0.0951708556904829,-0.0367504835589943
"2003-03-18",31.55,5.13,-0.0441008018327606,0.0131578947368422
"2003-03-19",30.01,5.2,-0.0440570522979398,0
"2003-03-20",28.62,5.2,-0.0479840053315562,-0.0288461538461539
"2003-03-21",27.18,5.05,0.0814116002795249,0.00384615384615393
"2003-03-24",29.51,5.07,0.143855776306107,0
"2003-03-25",33.42,5.07,-0.159606912910878,-0.0335305719921104
"2003-03-26",28.71,4.9,0.0478755236385397,-0.00591715976331366
"2003-03-27",30.31,4.87,-0.00348310693138272,0.0387755102040815
"2003-03-28",30.21,5.06,0.0306829429231277,-0.0102669404517453
"2003-03-31",31.14,5.01,-0.0549486924859318,-0.0217391304347825
"2003-04-01",29.48,4.9,-0.0298651252408478,-0.00199600798403207
"2003-04-02",28.55,4.89,0.0169606512890095,0.00408163265306132
"2003-04-03",29.05,4.91,-0.0224168126094571,-0.0102249488752556
"2003-04-04",28.41,4.86,-0.0223752151462994,0.0244399185336049
"2003-04-07",27.76,4.98,0.00739176346356907,0.0473251028806583
"2003-04-08",27.97,5.21,0.0345821325648415,-0.0200803212851405
"2003-04-09",28.93,5.11,-0.0618519842688595,0.0134357005758156
"2003-04-10",27.2,5.18,0.0373314898029728,0.0195694716242662
"2003-04-11",28.28,5.28,0.00477941176470585,0.00193050193050189
"2003-04-14",28.41,5.29,0.0371287128712872,0.0454545454545455
"2003-04-15",29.46,5.53,-0.0105596620908131,0.0170132325141777
"2003-04-16",29.16,5.62,0.0319076714188731,-0.0144665461121157
"2003-04-17",30.1,5.54,-0.0161179698216736,0.00711743772241994
"2003-04-18",29.63,5.58,0.0375415282392027,-0.00541516245487369
"2003-04-21",30.76,5.55,-0.0283496456294296,0.00537634408602155
"2003-04-22",29.92,5.58,-0.0611183355006503,0
"2003-04-23",28.04,5.58,-0.017379679144385,-0.021505376344086
"2003-04-24",27.52,5.46,-0.0570613409415121,-0.0125448028673836
"2003-04-25",25.92,5.39,-0.0243459302325582,-0.0164835164835165
"2003-04-28",25.25,5.3,0.00270061728395063,-0.0333951762523191
"2003-04-29",25.32,5.12,0.0304950495049505,0.0245283018867924
"2003-04-30",26.09,5.25,-0.00157977883096363,0.0136718750000001
"2003-05-01",26.05,5.32,-0.011881947106171,-0.0152380952380953
"2003-05-02",25.74,5.24,0.0264875239923225,0.0225563909774436
"2003-05-05",26.43,5.36,-0.0303030303030303,0.0534351145038167
"2003-05-06",25.65,5.64,0.0223231176693152,-0.0279850746268656
"2003-05-07",26.24,5.49,0.02729044834308,0.0283687943262412
"2003-05-08",26.94,5.65,0.0270579268292682,0.0145719489981785
"2003-05-09",27.65,5.73,-0.0115070527097253,0.031858407079646
"2003-05-12",27.34,5.91,0.0423146473779386,0.012216404886562
"2003-05-13",28.51,5.98,0.0256035113386979,0.0321489001692047
"2003-05-14",29.21,6.17,-0.0224482637670993,0.0117056856187291
"2003-05-15",28.57,6.24,0.0171174255391989,-0.0453808752025932
"2003-05-16",29.07,5.96,-0.00805040252012602,0.0192307692307692
"2003-05-19",28.84,6.08,0.0154798761609907,-0.0251677852348994
"2003-05-20",29.29,5.93,0.00762829403606111,0.024671052631579
"2003-05-21",29.51,6.08,-0.0143393649709799,0.00168634064080941
"2003-05-22",29.09,6.09,0.0220264317180616,-0.0279605263157895
"2003-05-23",29.74,5.92,-0.0111722241320041,0.0139573070607553
"2003-05-26",29.415,6.005,-0.00588433086751852,-0.0278716216216216
"2003-05-27",29.24,5.84,-0.0265170831208566,-0.0216486261448793
"2003-05-28",28.46,5.71,0.0235978112175102,0.00856164383561641
"2003-05-29",29.15,5.76,0.0144061841180604,0.0402802101576183
"2003-05-30",29.56,5.99,0.0397941680960549,0.0399305555555555
"2003-06-02",30.72,6.22,0.00202976995940468,0.00500834724540906
"2003-06-03",30.78,6.25,-0.0315755208333334,0.0241157556270097
"2003-06-04",29.81,6.4,0.0334632878492528,-0.0368000000000001
"2003-06-05",30.84,6.17,0.014089231801409,0.0125
"2003-06-06",31.26,6.25,0.00324254215304792,0
"2003-06-09",31.36,6.25,0.0115163147792706,-0.0272
"2003-06-10",31.72,6.08,0.0143494897959185,-0.00320000000000007
"2003-06-11",32.17,6.06,-0.0239596469104666,-0.0328947368421051
"2003-06-12",31.41,5.86,-0.0242461921044452,-0.0693069306930693
"2003-06-13",30.63,5.44,0.0162368672397326,0.00170648464163819
"2003-06-16",31.14,5.45,-0.00195886385896188,0.0386029411764706
"2003-06-17",31.08,5.66,-0.0256904303147077,-0.0238532110091743
"2003-06-18",30.28,5.53,-0.0135135135135136,0
"2003-06-19",29.86,5.53,0.0254293262879788,0.0271247739602169
"2003-06-20",30.63,5.68,-0.0137307434695245,0.0379746835443038
"2003-06-23",30.22,5.89,-0.00555011426705838,-0.00880281690140842
"2003-06-24",30.05,5.84,0.0529450694904036,-0.033955857385399
"2003-06-25",31.65,5.64,-0.0891846921797005,-0.0256849315068492
"2003-06-26",28.97,5.49,0.00663507109004742,-0.0531914893617021
"2003-06-27",29.18,5.19,0.0334829133586468,0.0218579234972676
"2003-06-30",30.15,5.31,0.00891021247429752,-0.0173410404624277
"2003-07-01",30.41,5.22,-0.0039800995024876,-0.032015065913371
"2003-07-02",30.29,5.05,0.00328839197632362,-0.0172413793103448
"2003-07-03",30.39,4.96,-0.00165070980521627,0.0089108910891089
"2003-07-04",30.34,5.005,-0.00855544587035214,0.0393145161290323
"2003-07-07",30.08,5.2,0.00791034937376407,0.03996003996004
"2003-07-08",30.32,5.4,0.0182845744680851,0.0307692307692306
"2003-07-09",30.87,5.56,0.00560686015831129,-0.0296296296296295
"2003-07-10",31.04,5.4,0.00939423388402977,-0.0323741007194246
"2003-07-11",31.33,5.22,-0.00418814432989687,-0.0129629629629628
"2003-07-14",31.2,5.15,0.0127673156718801,0.00383141762452099
"2003-07-15",31.6,5.17,-0.0128205128205129,-0.0330097087378641
"2003-07-16",31.2,5,0.00759493670886082,-0.00773694390715668
"2003-07-17",31.44,4.96,0.0166666666666667,0.00999999999999996
"2003-07-18",31.96,5.01,-0.00922391857506359,0.0201612903225808
"2003-07-21",31.67,5.11,-0.0459949937421778,-0.0139720558882236
"2003-07-22",30.2,5.04,-0.00221029365329966,-0.0313111545988259
"2003-07-23",30.13,4.88,0.0195364238410596,-0.00396825396825388
"2003-07-24",30.72,4.86,-0.0136076999668105,-0.0368852459016395
"2003-07-25",30.31,4.68,-0.0107421874999999,0
"2003-07-28",29.98,4.68,0.00758825470141869,0.00854700854700855
"2003-07-29",30.21,4.72,0.0160106737825217,-0.00854700854700855
"2003-07-30",30.69,4.68,-0.00430321085733209,-0.010593220338983
"2003-07-31",30.56,4.63,0.0544151189312479,0.0170940170940171
"2003-08-01",32.23,4.71,-0.0140706806282721,0.0215982721382289
"2003-08-04",31.8,4.81,0.016754576481539,-0.0212314225053078
"2003-08-05",32.34,4.71,-0.0179245283018869,0.00623700623700629
"2003-08-06",31.77,4.74,0.0197897340754483,0.0233545647558385
"2003-08-07",32.41,4.85,-0.00566572237960339,0.0358649789029536
"2003-08-08",32.23,5.02,-0.00987349583461885,0.0123711340206187
"2003-08-11",31.91,5.08,0,-0.00398406374502001
"2003-08-12",31.91,5.06,-0.0332184268254465,0.0216535433070867
"2003-08-13",30.85,5.17,0,-0.0138339920948617
"2003-08-14",30.85,5.1,0.00518638573743923,-0.0522243713733075
"2003-08-15",31.01,4.83,-0.00648298217179912,0.0215686274509805
"2003-08-18",30.81,4.94,-0.001612383102225,0.010351966873706
"2003-08-19",30.76,4.99,0.00649139889646216,0.00809716599190284
"2003-08-20",30.96,5.03,0.0266579973992198,0.0220440881763526
"2003-08-21",31.78,5.14,-0.00452196382428942,0.0198807157057655
"2003-08-22",31.64,5.24,-0.00660792951541853,0.0038910505836575
"2003-08-25",31.43,5.26,0.018331226295828,-0.032442748091603
"2003-08-26",32.01,5.09,-0.0264078905504295,0.00380228136882138
"2003-08-27",31.18,5.11,0.00718525460793503,-0.0333988212180746
"2003-08-28",31.41,4.94,0.0112251443232842,-0.0156555772994129
"2003-08-29",31.76,4.86,-0.00557147405284943,0.00809716599190284
"2003-09-01",31.585,4.9,-0.0634445843828716,-0.0576131687242799
"2003-09-02",29.57,4.62,-0.00443248377394335,0.0122448979591836
"2003-09-03",29.43,4.68,-0.0189381129523165,0.00432900432900443
"2003-09-04",28.87,4.7,0.00203873598369007,0.0128205128205127
"2003-09-05",28.93,4.76,-0.00277104260477999,0.0127659574468086
"2003-09-08",28.85,4.82,0.0127894918769443,-0.0252100840336135
"2003-09-09",29.22,4.7,0.00658578856152517,0.016597510373444
"2003-09-10",29.41,4.78,-0.0188227241615332,0.0148936170212765
"2003-09-11",28.86,4.85,-0.0204012240734443,-0.0397489539748953
"2003-09-12",28.26,4.66,-0.00381150381150391,0
"2003-09-15",28.15,4.66,-0.0194621372965321,0.00214592274678107
"2003-09-16",27.6,4.67,-0.0213143872113677,-0.0128755364806866
"2003-09-17",27,4.61,0.00942028985507252,-0.0192719486081372
"2003-09-18",27.26,4.52,-0.0122222222222223,-0.0412147505422992
"2003-09-19",26.93,4.33,0.00146735143066761,0.0110619469026548
"2003-09-22",26.97,4.38,0.00111399925733387,0.0300230946882217
"2003-09-23",27,4.51,0.0441230997404524,0.0159817351598174
"2003-09-24",28.19,4.58,0.00370370370370362,-0.00665188470066524
"2003-09-25",28.29,4.55,-0.00283788577509749,-0.0283842794759825
"2003-09-26",28.21,4.42,0.00494874513962533,0.032967032967033
"2003-09-29",28.35,4.57,0.0297766749379653,0.0203619909502262
"2003-09-30",29.19,4.66,0.00846560846560841,-0.0415754923413568
"2003-10-01",29.43,4.47,0.013703323055841,-0.0107296137339055
"2003-10-02",29.83,4.42,0.0183486238532111,-0.0178970917225951
"2003-10-03",30.37,4.34,0.00100569896077766,0.0135746606334843
"2003-10-06",30.4,4.4,0.0026341784655911,0.0599078341013824
"2003-10-07",30.48,4.66,-0.0289473684210526,0.0409090909090908
"2003-10-08",29.6,4.84,0.0449475065616797,-0.0128755364806866
"2003-10-09",30.97,4.78,0.0351351351351351,0.0289256198347107
"2003-10-10",32.01,4.92,-0.00322893122376487,0.00836820083682009
"2003-10-13",31.91,4.96,-0.00718525460793503,-0.024390243902439
"2003-10-14",31.68,4.84,0.00188028831087429,0.0181451612903226
"2003-10-15",31.74,4.93,-0.00726010101010091,-0.00206611570247929
"2003-10-16",31.51,4.92,-0.0283553875236296,-0.0791075050709939
"2003-10-17",30.61,4.53,-0.00761662964138364,-0.0467479674796749
"2003-10-20",30.37,4.3,-0.00588043123162364,0.0750551876379691
"2003-10-21",30.19,4.64,-0.00625617385577877,0.0581395348837209
"2003-10-22",30,4.89,0.0102683007618416,0.00215517241379325
"2003-10-23",30.31,4.9,-0.0106666666666667,-0.0245398773006135
"2003-10-24",29.99,4.78,-0.00131969646981192,-0.0448979591836736
"2003-10-27",29.95,4.56,-0.0126708902967656,-0.0230125523012551
"2003-10-28",29.57,4.45,-0.0207011686143573,0.013157894736842
"2003-10-29",28.95,4.51,-0.00946905647615819,-0.0247191011235954
"2003-10-30",28.67,4.4,0.0196891191709843,-0.0931263858093127
"2003-10-31",29.24,3.98,-0.0149982560167422,0.0318181818181818
"2003-11-03",28.81,4.12,0.00170998632010946,-0.027638190954774
"2003-11-04",28.86,4.01,0.0496355432141617,0.109223300970874
"2003-11-05",30.29,4.46,-0.00138600138600136,0.0698254364089776
"2003-11-06",30.25,4.74,0.0158468141300759,-0.0582959641255605
"2003-11-07",30.73,4.48,0.00925619834710747,-0.0126582278481014
"2003-11-10",31.01,4.42,0.00650829808005204,0.0223214285714285
"2003-11-11",31.21,4.52,0.00515962592712029,0.0565610859728507
"2003-11-12",31.37,4.77,0.0166613264979173,-0.0376106194690265
"2003-11-13",31.89,4.6,0.0133885878227607,0.00419287211740052
"2003-11-14",32.31,4.62,-0.017560363750392,-0.0282608695652174
"2003-11-17",31.75,4.49,0.04363974001857,-0.0303030303030304
"2003-11-18",33.16,4.35,-0.0100787401574801,0.024498886414254
"2003-11-19",32.84,4.46,0.000904704463208505,-0.0252873563218392
"2003-11-20",32.87,4.35,-0.0185749086479902,-0.0448430493273541
"2003-11-21",32.26,4.15,-0.0690599330696684,0.096551724137931
"2003-11-24",29.99,4.57,0.000929944203347834,-0.019277108433735
"2003-11-25",30.02,4.49,0.0103367789263087,0.0809628008752735
"2003-11-26",30.33,4.86,-0.00516322451698859,-0.0412026726057908
"2003-11-27",30.175,4.675,0.00255522584899441,0.0190329218106996
"2003-11-28",30.2525,4.7675,-0.012013256006628,0.0540106951871657
"2003-12-01",29.89,5.02,0.028096851499876,0.0901940220241218
"2003-12-02",30.74,5.45,-0.00434928069588488,0
"2003-12-03",30.61,5.45,0.0204944697462589,0.0458715596330275
"2003-12-04",31.24,5.7,-0.0182946749428291,0.104587155963303
"2003-12-05",30.68,6.27,0.0448143405889884,-0.0368421052631579
"2003-12-08",32.08,6.06,-0.0117340286831812,0.0733652312599681
"2003-12-09",31.72,6.52,0.00623441396508737,0.0247524752475248
"2003-12-10",31.92,6.67,0.00283732660781829,-0.0168711656441718
"2003-12-11",32.01,6.56,0.0328947368421054,0.0254872563718142
"2003-12-12",33.06,6.73,0.00343642611683847,-0.0152439024390245
"2003-12-15",33.17,6.63,-0.00695704779189365,-0.00742942050520057
"2003-12-16",32.94,6.58,0.0126620440156769,-0.00301659125188544
"2003-12-17",33.36,6.56,0.0109289617486339,0.0638297872340427
"2003-12-18",33.72,6.98,-0.0272781774580335,-0.00914634146341471
"2003-12-19",32.81,6.92,-0.0326215895610914,-0.0859598853868194
"2003-12-22",31.71,6.32,0.00975312404754649,-0.106936416184971
"2003-12-23",32.03,5.58,0.0302743614001892,-0.0126582278481013
"2003-12-24",32.99,5.5,-0.0149859506712458,0.00716845878136201
"2003-12-25",32.51,5.54,0.00727493179751446,-0.00363636363636372
"2003-12-26",32.75,5.52,-0.00738234389418647,-0.0108303249097472
"2003-12-29",32.51,5.46,0.0152671755725191,0.0905797101449275
"2003-12-30",33.01,5.96,-0.0153798831128883,-0.0366300366300367
"2003-12-31",32.51,5.76,0.00757346258709482,0.016778523489933
"2004-01-01",32.76,5.86,-0.00384497077822209,-0.00868055555555568
"2004-01-02",32.635,5.81,0.0328144078144079,0.0802047781569967
"2004-01-05",33.71,6.28,-0.00520913130075078,0.130808950086059
"2004-01-06",33.54,7.04,0.00088994363690303,-0.0684713375796178
"2004-01-07",33.57,6.61,0.0208706022659512,-0.0284090909090909
"2004-01-08",34.27,6.41,0.00327673518022042,0.075642965204236
"2004-01-09",34.38,6.91,0.0157572220601109,-0.0967238689547582
"2004-01-12",34.92,6.29,-0.0191972076788832,-0.0043415340086831
"2004-01-13",34.26,6.26,0.0103092783505154,-0.0842607313195547
"2004-01-14",34.62,5.73,-0.0294804436660828,0.0463258785942491
"2004-01-15",33.61,6.02,0.0447718082033506,-0.102966841186736
"2004-01-16",35.16,5.43,-0.0230586135078845,0.0490033222591362
"2004-01-19",34.385,5.725,0.0519055745164961,0.0782688766114182
"2004-01-20",36.21,6.15,-0.0197760651446852,0.0192139737991265
"2004-01-21",35.53,6.26,-0.0113228389947529,-0.0373983739837398
"2004-01-22",35.12,6.03,-0.0050661412890515,-0.0335463258785942
"2004-01-23",34.94,5.82,-0.0150911161731208,-0.0199004975124378
"2004-01-26",34.41,5.7,-0.012020606754436,0.0292096219931271
"2004-01-27",33.99,5.87,-0.010462074978204,0.0298245614035088
"2004-01-28",33.63,6.04,-0.022653721682848,-0.00851788756388413
"2004-01-29",32.86,5.99,0.0089206066012488,-0.0314569536423842
"2004-01-30",33.16,5.8,0.0261716372489351,-0.0484140233722871
"2004-02-02",34.02,5.51,0.0054282267792521,0.0310344827586208
"2004-02-03",34.2,5.69,-0.0335097001763669,0.00907441016333935
"2004-02-04",33.06,5.74,0.00584795321637414,-0.0351493848857645
"2004-02-05",33.26,5.54,-0.0232909860859043,-0.0278745644599303
"2004-02-06",32.49,5.38,0.0126277811184605,0.0108303249097474
"2004-02-09",32.91,5.44,0.0344721452754695,0.00929368029739774
"2004-02-10",34.03,5.49,-0.00303859009419634,-0.0275735294117648
"2004-02-11",33.93,5.34,0.00293858360270354,0.00182149362477227
"2004-02-12",34.03,5.35,0.0141467727674623,0.0505617977528091
"2004-02-13",34.51,5.62,-0.00705260064648824,-0.025233644859813
"2004-02-16",34.27,5.485,0.0249203129527673,-0.00978647686832751
"2004-02-17",35.13,5.43,0.00846221184709656,-0.0182315405651777
"2004-02-18",35.42,5.33,0.0111016225448335,-0.00920810313075503
"2004-02-19",35.81,5.28,-0.000282326369283035,-0.0168855534709193
"2004-02-20",35.8,5.19,-0.00139625802848358,-0.0170454545454547
"2004-02-23",35.75,5.1,0.00279329608938551,-0.00385356454720608
"2004-02-24",35.85,5.08,0.04,0.0039215686274509
"2004-02-25",37.28,5.1,-0.0510460251046025,0.00590551181102367
"2004-02-26",35.45,5.13,0.0168991416309012,0.0274509803921568
"2004-02-27",36.08,5.27,0.0217207334273626,-0.0194931773879142
"2004-03-01",36.85,5.17,-0.0069290465631929,0.0379506641366224
"2004-03-02",36.6,5.37,-0.0217096336499323,-0.00580270793036755
"2004-03-03",35.8,5.34,0.0275956284153007,-0.031657355679702
"2004-03-04",36.81,5.17,0.0139664804469274,0.0280898876404495
"2004-03-05",37.31,5.32,-0.0211898940505298,0.0193423597678916
"2004-03-08",36.53,5.42,-0.00643259179844551,-0.0150375939849624
"2004-03-09",36.29,5.34,-0.00218998083766762,-0.00184501845018446
"2004-03-10",36.21,5.33,0.0203912923670433,0
"2004-03-11",36.95,5.33,-0.0204363435515052,0.0356472795497185
"2004-03-12",36.21,5.52,0.0332882273342354,0.0131332082551595
"2004-03-15",37.44,5.59,-0.00220933443800051,0.00181159420289851
"2004-03-16",37.36,5.6,0.0227029914529915,0.00178890876565307
"2004-03-17",38.21,5.61,-0.0107066381156317,0.0035714285714285
"2004-03-18",37.81,5.63,0.00732792462706101,-0.0249554367201425
"2004-03-19",38.09,5.49,-0.0256545887331395,-0.00532859680284196
"2004-03-22",37.12,5.46,0.0181149908112367,-0.0182149362477231
"2004-03-23",37.81,5.36,-0.0202047413793103,-0.00183150183150196
"2004-03-24",37.06,5.35,-0.0367627611742925,-0.0242537313432836
"2004-03-25",35.67,5.22,-0.00161899622234221,-0.011214953271028
"2004-03-26",35.61,5.16,-0.00560695262125043,0.0172413793103448
"2004-03-29",35.41,5.25,0.0207806795843865,0.0290697674418605
"2004-03-30",36.15,5.4,-0.0112962439988703,0.0438095238095237
"2004-03-31",35.75,5.63,-0.0354080221300139,0.0351851851851853
"2004-04-01",34.47,5.82,-0.00223776223776219,-0.0230905861456483
"2004-04-02",34.39,5.69,-0.00290107339715699,0.0206185567010308
"2004-04-05",34.29,5.81,0.0232625763303287,-0.0193321616871704
"2004-04-06",35.09,5.7,0.0347039953339165,0.0103270223752151
"2004-04-07",36.28,5.76,0.024508406953548,0.0140350877192983
"2004-04-08",37.14,5.84,-0.0118522601984564,-0.00694444444444445
"2004-04-09",36.71,5.8,0.0290791599353796,0.00856164383561641
"2004-04-12",37.79,5.85,-0.0190683737401252,0.0120689655172414
"2004-04-13",37.09,5.92,-0.0124371526858959,-0.0324786324786324
"2004-04-14",36.62,5.73,0.0301968185494744,-0.00844594594594607
"2004-04-15",37.74,5.68,-0.00109229929000544,-0.0104712041884816
"2004-04-16",37.7,5.62,-0.00635930047694759,-0.00880281690140842
"2004-04-19",37.46,5.57,0.00397877984084877,-0.0195729537366549
"2004-04-20",37.61,5.46,-0.0266951414842499,0.0107719928186714
"2004-04-21",36.61,5.52,0.0289816538154747,0.0128205128205129
"2004-04-22",37.7,5.59,-0.0131111718109807,-0.0108695652173912
"2004-04-23",37.22,5.53,-0.00530503978779829,0.0125223613595706
"2004-04-26",37.02,5.6,0.0126276195593766,0.0379746835443038
"2004-04-27",37.49,5.81,-0.00702323068611575,-0.00178571428571425
"2004-04-28",37.23,5.8,0.00720192051213665,-0.00344234079173831
"2004-04-29",37.5,5.78,-0.00510341122750464,0.00517241379310334
"2004-04-30",37.31,5.81,0.0253333333333332,-0.00173010380622834
"2004-05-03",38.26,5.8,0.0160814794961137,0.0705679862306369
"2004-05-04",38.86,6.21,0.0216936748562467,-0.0206896551724138
"2004-05-05",39.69,6.09,-0.00720535254760682,0.0209339774557166
"2004-05-06",39.41,6.22,0.0143613000755858,-0.00656814449917899
"2004-05-07",39.98,6.18,-0.0274042121289013,-0.00643086816720258
"2004-05-10",38.9,6.14,0.0350175087543772,0.0161812297734629
"2004-05-11",40.3,6.24,0,0.0276872964169381
"2004-05-12",40.3,6.41,0.0158808933002482,0.00160256410256407
"2004-05-13",40.94,6.42,0.0119106699751862,0.00156006240249607
"2004-05-14",41.42,6.43,0.00268685881778211,-0.00311526479750772
"2004-05-17",41.53,6.41,-0.0292129406084018,-0.0202177293934681
"2004-05-18",40.32,6.28,0.0310618829761618,-0.0156006240249611
"2004-05-19",41.61,6.18,-0.0171130952380952,0.0414012738853504
"2004-05-20",40.92,6.44,-0.02619562605143,-0.0145631067961166
"2004-05-21",39.83,6.35,0.0537634408602151,0.0201863354037268
"2004-05-24",42.03,6.48,-0.0145618880241024,0.0393700787401575
"2004-05-25",41.45,6.73,-0.020223649773971,-0.00462962962962967
"2004-05-26",40.6,6.7,-0.0325693606755127,-0.0282317979197623
"2004-05-27",39.25,6.51,0.0160098522167487,-0.00895522388059696
"2004-05-28",39.9,6.45,-0.00828025477706995,0.00460829493087561
"2004-05-31",39.575,6.48,0.0690476190476189,-0.00465116279069771
"2004-06-01",42.33,6.45,-0.0598862918509159,0.0092592592592592
"2004-06-02",39.96,6.51,-0.0158280179541697,-0.0108527131782945
"2004-06-03",39.29,6.44,-0.0212712712712713,-0.0445468509984639
"2004-06-04",38.44,6.15,0.00712649529142278,-0.00931677018633548
"2004-06-07",38.72,6.09,-0.0400624349635796,0.0162601626016261
"2004-06-08",37.18,6.19,0.0108471074380166,-0.0246305418719212
"2004-06-09",37.6,6.04,0.0228617536309844,-0.00646203554119548
"2004-06-10",38.45,6,-0.0113031914893618,0.00331125827814562
"2004-06-11",38.025,6.02,-0.0115734720416125,0.0216666666666668
"2004-06-14",37.58,6.15,-0.0105193951347797,0.0332225913621261
"2004-06-15",37.18,6.35,0.0039914848323576,0.00487804878048784
"2004-06-16",37.33,6.38,0.0317374932759548,0.0299212598425197
"2004-06-17",38.51,6.57,0.00455397803375306,-0.0141065830721003
"2004-06-18",38.68,6.48,-0.0257076084133992,-0.00913242009132428
"2004-06-21",37.69,6.42,0.0108583247156153,-0.0200617283950617
"2004-06-22",38.11,6.29,-0.014592730167153,0.00155763239875386
"2004-06-23",37.56,6.3,0.0065599580162687,0.0174880763116058
"2004-06-24",37.81,6.41,-0.0125133120340788,-0.0206349206349206
"2004-06-25",37.34,6.28,-0.0288283522877547,-0.0234009360374416
"2004-06-28",36.25,6.13,-0.0174076057846813,-0.017515923566879
"2004-06-29",35.6,6.02,0.0364137931034483,0.00163132137031006
"2004-06-30",36.92,6.03,0.0460674157303371,-0.0132890365448505
"2004-07-01",38.56,5.95,-0.00514626218851584,-0.0116086235489221
"2004-07-02",38.37,5.88,0.00246369294605825,0.00588235294117649
"2004-07-05",38.465,5.915,0.0285379202501954,0.0416666666666667
"2004-07-06",39.56,6.16,-0.00987911088002086,0.018596787827557
"2004-07-07",39.18,6.27,0.0275530839231548,-0.0129870129870129
"2004-07-08",40.27,6.19,-0.00944359367024003,-0.0478468899521532
"2004-07-09",39.9,5.89,-0.0148994288552273,0.00969305331179329
"2004-07-12",39.3,5.95,0.006265664160401,-0.0169779286926996
"2004-07-13",39.55,5.85,0.0363867684478371,0.0100840336134455
"2004-07-14",40.98,5.91,-0.00707964601769896,0.00170940170940167
"2004-07-15",40.7,5.92,0.00976085895558806,-0.0253807106598985
"2004-07-16",41.1,5.77,0.011056511056511,-0.00337837837837831
"2004-07-19",41.55,5.75,-0.0167883211678832,0.00866551126516461
"2004-07-20",40.86,5.8,-0.00553549939831521,0.0173913043478262
"2004-07-21",40.63,5.9,0.0215369554576602,-0.00862068965517254
"2004-07-22",41.51,5.85,0.00762983017474778,0.0220338983050849
"2004-07-23",41.82,5.98,-0.008913514815707,-0.00683760683760684
"2004-07-26",41.45,5.94,0.00908656145384972,-0.0117056856187291
"2004-07-27",41.83,5.87,0.0236429433051871,-0.0168350168350169
"2004-07-28",42.81,5.77,-0.00286875448242899,0.0272572402044293
"2004-07-29",42.69,5.93,0.0240597991123569,0.0173310225303294
"2004-07-30",43.72,6.03,0.00257671585851486,-0.0286677908937605
"2004-08-02",43.83,5.86,0.00686184812442828,-0.0149253731343285
"2004-08-03",44.13,5.77,-0.0319415925165413,-0.0119453924914675
"2004-08-04",42.73,5.7,0.037616134149105,-0.0277296360485269
"2004-08-05",44.39,5.54,-0.0102972150713784,-0.0210526315789474
"2004-08-06",43.95,5.42,0.0205001126379814,0.0288808664259928
"2004-08-09",44.86,5.58,-0.00796359499431175,0.0369003690036901
"2004-08-10",44.51,5.78,0.00468123049487296,-0.0250896057347671
"2004-08-11",44.72,5.64,0.0179734891035723,-0.0311418685121107
"2004-08-12",45.52,5.46,0.0243738819320214,-0.0336879432624114
"2004-08-13",46.61,5.27,-0.0129613356766256,0.0128205128205129
"2004-08-16",46.02,5.34,0.0156618751340913,-0.0132827324478179
"2004-08-17",46.75,5.27,0.0132551064754454,0.0168539325842698
"2004-08-18",47.36,5.36,0.027807486631016,-0.00379506641366233
"2004-08-19",48.66,5.34,-0.0223817567567567,0.00932835820895519
"2004-08-20",47.6,5.39,-0.0328812166050144,-0.00936329588014978
"2004-08-23",46,5.34,-0.00672268907563026,-0.020408163265306
"2004-08-24",45.68,5.23,-0.0402173913043479,0.0168539325842696
"2004-08-25",43.83,5.32,-0.0168563922942206,-0.0248565965583174
"2004-08-26",43.06,5.19,0.00114077116130498,-0.0263157894736843
"2004-08-27",43.11,5.05,-0.0183464932652113,0
"2004-08-30",42.32,5.05,-0.0020876826722339,-0.00198019801980194
"2004-08-31",42.23,5.04,0.0392249527410209,-0.00396039603960405
"2004-09-01",43.89,5.02,0.00355197726734546,-0.0535714285714285
"2004-09-02",44.04,4.75,-0.00227842333105494,-0.0856573705179282
"2004-09-03",43.94,4.32,0.001135331516803,0.0452631578947368
"2004-09-06",43.99,4.535,-0.0184342284934001,-0.0289351851851852
"2004-09-07",43.18,4.41,-0.00932030006819724,0.061742006615215
"2004-09-08",42.77,4.69,0.0407596109309865,-0.0272108843537415
"2004-09-09",44.53,4.57,-0.0395136778115501,0
"2004-09-10",42.84,4.57,0.0229059061306983,0.12035010940919
"2004-09-13",43.86,5.12,0.0177404295051353,0.00656455142231953
"2004-09-14",44.62,5.15,-0.0180118559051527,0.00390624999999992
"2004-09-15",43.83,5.17,0.00448229493500679,-0.0679611650485436
"2004-09-16",44.03,4.82,0.0365046771617614,0.0251450676982592
"2004-09-17",45.63,4.95,0.0158982511923687,0.0560165975103733
"2004-09-20",46.33,5.22,0.0170940170940171,0.0424242424242424
"2004-09-21",47.11,5.43,0.0280595726311245,0.0287356321839081
"2004-09-22",48.41,5.58,-0.000849076629165764,0
"2004-09-23",48.37,5.58,0.0101218756455278,-0.0304659498207885
"2004-09-24",48.86,5.41,0.0144717800289436,-0.0340501792114696
"2004-09-27",49.56,5.22,0.00409332787556275,0.0425138632162663
"2004-09-28",49.76,5.45,-0.00464083938660204,0.155172413793103
"2004-09-29",49.53,6.26,0.000602893890675264,0.0183486238532111
"2004-09-30",49.56,6.36,0.0121138703815868,-0.156549520766773
"2004-10-01",50.16,5.38,-0.00625504439063751,0.0534591194968553
"2004-10-04",49.85,5.72,0.0245215311004784,0.0650557620817845
"2004-10-05",51.08,6.07,0.0180541624874624,-0.0122377622377623
"2004-10-06",51.98,6,0.0113547376664057,0.0395387149917628
"2004-10-07",52.56,6.24,0.0161600615621392,-0.108333333333333
"2004-10-08",53.4,5.59,0.00475646879756469,0.00641025641025642
"2004-10-11",53.65,5.63,-0.00299625468164788,0
"2004-10-12",53.49,5.63,0.00689655172413788,-0.044404973357016
"2004-10-13",53.86,5.38,0.0155169190502897,0.0674955595026643
"2004-10-14",54.69,5.76,0.00371333085777948,-0.0223048327137547
"2004-10-15",54.89,5.64,-0.0237703419272261,0
"2004-10-18",53.59,5.64,-0.00564765895427222,0.0868794326241135
"2004-10-19",53.28,6.13,0.0307893263668595,0.202127659574468
"2004-10-20",54.93,7.27,-0.00788288288288292,0.0130505709624796
"2004-10-21",54.51,7.35,0.0240305843801202,-0.0330123796423658
"2004-10-22",55.83,7.11,-0.00568702990277005,0.0870748299319728
"2004-10-25",55.52,7.75,0.0152247895396739,0.00421940928270046
"2004-10-26",56.37,7.78,-0.0693443804034581,0.0438709677419354
"2004-10-27",52.52,8.12,-0.0278516941635622,-0.169665809768637
"2004-10-28",50.95,6.8,0.0158035034272658,-0.0455665024630542
"2004-10-29",51.78,6.43,-0.0329735034347399,0.0808823529411766
"2004-11-01",50.1,6.98,-0.00965623792970259,-0.0155520995334371
"2004-11-02",49.6,6.88,0.0259481037924151,0.0530085959885387
"2004-11-03",50.9,7.25,-0.0423387096774194,0.0218023255813954
"2004-11-04",48.8,7.4,0.0166994106090374,-0.182068965517241
"2004-11-05",49.65,6.08,-0.0112704918032786,0.072972972972973
"2004-11-08",49.1,6.62,-0.0342396777442095,-0.136513157894737
"2004-11-09",47.4,5.79,0.0264765784114054,0.0498489425981873
"2004-11-10",48.7,6.12,-0.0253164556962026,0.0120898100172712
"2004-11-11",47.5,6.19,-0.00410677618069821,-0.0473856209150327
"2004-11-12",47.3,5.9,-0.00736842105263146,0.0193861066235863
"2004-11-15",46.95,6.02,-0.017970401691332,0.093220338983051
"2004-11-16",46.1,6.57,0.0159744408945687,-0.0847176079734221
"2004-11-17",46.85,6.06,-0.0119305856832973,-0.0715372907153729
"2004-11-18",46.3,5.59,0.0554962646744931,-0.128712871287129
"2004-11-19",48.9,4.81,-0.00907127429805619,0.076923076923077
"2004-11-22",48.48,5.24,0.00531697341513303,0
"2004-11-23",48.74,5.24,0.00825082508250822,-0.0438931297709924
"2004-11-24",49.14,5.01,-0.00410340582683633,0.0219465648854962
"2004-11-25",48.94,5.125,0.00203500203500206,-0.0114770459081837
"2004-11-26",49.04,5.0675,0.0136902329382918,0.330243902439024
"2004-11-29",49.71,6.76,-0.011215334420881,0.00592007893438584
"2004-11-30",49.16,6.79,-0.072420036210018,-0.00147928994082837
"2004-12-01",45.56,6.78,-0.0457689178193653,-0.0132547864506627
"2004-12-02",43.31,6.69,-0.0164618086040386,-0.0958702064896756
"2004-12-03",42.56,6.04,0.00923574232278916,0.00149476831091178
"2004-12-06",42.96,6.05,-0.0340695488721805,-0.00331125827814562
"2004-12-07",41.51,6.03,0.0104748603351956,-0.00826446280991733
"2004-12-08",41.96,5.98,0.0108407612623463,0.00995024875621884
"2004-12-09",42.41,6.04,-0.040514775977121,0.0418060200668896
"2004-12-10",40.71,6.29,0.00825277057297811,0.0993377483443708
"2004-12-13",41.06,6.89,0.0171947924342912,0.0333863275039746
"2004-12-14",41.76,7.1,0.0596687773989285,-0.0087082728592162
"2004-12-15",44.21,7.04,-0.00119731800766294,-0.0225352112676057
"2004-12-16",44.16,6.88,0.048631531327754,0.0539772727272727
"2004-12-17",46.31,7.26,-0.0167572463768116,-0.0174418604651163
"2004-12-20",45.57,7.14,0.00410278557546961,-0.0426997245179063
"2004-12-21",45.76,6.83,-0.0375246872942726,0.030812324929972
"2004-12-22",44.05,7.05,-0.0406468531468531,-0.0102489019033674
"2004-12-23",42.19,6.98,0.0211123723041998,0.00496453900709209
"2004-12-24",43.12,7.015,-0.0440862763688078,-0.063753581661891
"2004-12-27",41.26,6.57,0.0120593692022264,-0.0427655024946544
"2004-12-28",41.78,6.27,0.0462918080465341,-0.0136986301369863
"2004-12-29",43.69,6.18,-0.007898516036381,-0.025518341307815
"2004-12-30",43.36,6.02,0.00377660791943234,0.0129449838187702
"2004-12-31",43.525,6.1,-0.0314806273062731,-0.0946843853820597
"2005-01-03",42.16,5.53,0.0413555427914992,0.0295081967213114
"2005-01-04",43.96,5.71,-0.013045540796964,0.023508137432188
"2005-01-05",43.41,5.84,0.0477707006369427,-0.00875656742556915
"2005-01-06",45.51,5.79,-0.00437687168855097,0.00513698630136991
"2005-01-07",45.32,5.82,-0.000219731927048957,0.0673575129533678
"2005-01-10",45.31,6.21,0.00772285966460711,-0.0429553264604811
"2005-01-11",45.66,5.96,0.0176561465460164,-0.0112721417069244
"2005-01-12",46.46,5.89,0.0361366622864652,0.0285234899328859
"2005-01-13",48.11,6.06,0.00645716745587596,0.0662139219015281
"2005-01-14",48.41,6.45,-0.00311785491581789,-0.0321782178217822
"2005-01-17",48.26,6.255,0.0041313778145012,0.0674418604651164
"2005-01-18",48.46,6.69,-0.0176129299627021,-0.0799360511590727
"2005-01-19",47.61,6.19,-0.0123813454395378,0.0119581464872943
"2005-01-20",47.01,6.27,0.0273051879857174,0.0258481421647819
"2005-01-21",48.31,6.43,0.0063816209317166,-0.00318979266347681
"2005-01-24",48.61,6.41,0.0169737114469054,0.00466562986003114
"2005-01-25",49.43,6.44,-0.0129602962353426,0
"2005-01-26",48.8,6.44,0,0.00931677018633534
"2005-01-27",48.8,6.5,-0.033811475409836,-0.0419254658385093
"2005-01-28",47.15,6.23,0.0225409836065574,-0.013846153846154
"2005-01-31",48.25,6.14,-0.024390243902439,0.0224719101123596
"2005-02-01",47.1,6.28,-0.00932642487046638,0.01628664495114
"2005-02-02",46.65,6.38,-0.00530785562632696,-0.00955414012738847
"2005-02-03",46.4,6.32,0.00107181136120052,-0.0313479623824452
"2005-02-04",46.45,6.12,-0.0237068965517242,-0.0158227848101267
"2005-02-07",45.35,6.02,0.0010764262648008,-0.0114379084967319
"2005-02-08",45.4,5.95,0.00110253583241465,0.0415282392026578
"2005-02-09",45.45,6.2,0.0352422907488986,0.00168067226890753
"2005-02-10",47.05,6.21,0.00220022002200223,-0.0306451612903226
"2005-02-11",47.15,6.02,0.00743889479277368,-0.0112721417069242
"2005-02-14",47.5,5.95,-0.00424178154825033,0.00996677740863781
"2005-02-15",47.3,6.01,0.0221052631578948,0.015126050420168
"2005-02-16",48.35,6.1,-0.017970401691332,-0.00831946755407651
"2005-02-17",47.5,6.05,0.0196483971044468,-0.0278688524590164
"2005-02-18",48.45,5.88,-0.01,0.0140495867768595
"2005-02-21",47.975,5.965,0.0624355005159958,-0.00765306122448978
"2005-02-22",51,5.92,0.015216258467952,0.016764459346186
"2005-02-23",51.73,6.02,0.00627450980392157,0.0523648648648649
"2005-02-24",52.05,6.33,0.00289967137057811,-0.0149501661129568
"2005-02-25",52.2,6.24,-0.00864553314121043,0.0600315955766193
"2005-02-28",51.75,6.62,-0.0015325670498084,0.00160256410256407
"2005-03-01",51.67,6.63,0.0257004830917874,-0.00302114803625371
"2005-03-02",53,6.61,0.0116121540545772,0.0150829562594268
"2005-03-03",53.6,6.71,0.00188679245283022,-0.0302571860816944
"2005-03-04",53.7,6.51,0.00373134328358201,0.0223546944858421
"2005-03-07",53.9,6.66,0.0121042830540037,0.0230414746543778
"2005-03-08",54.55,6.81,0.00371057513914662,0.0270270270270271
"2005-03-09",54.75,6.99,-0.0225481209899175,-0.0117474302496329
"2005-03-10",53.52,6.91,0.0160730593607305,-0.0257510729613733
"2005-03-11",54.4,6.73,0.0093423019431988,0.0188133140376266
"2005-03-14",54.9,6.86,0.00275735294117644,0.0445765230312035
"2005-03-15",55.05,7.16,0.0264116575591986,-0.0116618075801749
"2005-03-16",56.5,7.08,-0.00181653042688468,0.0237430167597765
"2005-03-17",56.4,7.25,0.00707964601769909,-0.0183615819209039
"2005-03-18",56.8,7.12,-0.00177304964538997,0.00551724137931035
"2005-03-21",56.7,7.16,-0.0132042253521127,0.0112359550561798
"2005-03-22",55.95,7.24,-0.114991181657848,-0.0181564245810056
"2005-03-23",49.43,7.11,0.00482573726541561,-0.00552486187845304
"2005-03-24",49.7,7.07,-0.00273113493829668,0.00281293952180022
"2005-03-25",49.565,7.09,0.0904426559356138,-0.0212164073550211
"2005-03-28",54.06,6.94,0.00403510541712894,-0.00141043723554311
"2005-03-29",54.26,6.93,-0.00554938956714756,0.0360230547550432
"2005-03-30",53.96,7.18,0.0248802064135643,0.0404040404040404
"2005-03-31",55.31,7.46,0.0361378799110451,0.0153203342618385
"2005-04-01",57.26,7.57,-0.0072319652865666,0.0308310991957104
"2005-04-04",56.86,7.8,-0.0179881243450926,-0.0475561426684279
"2005-04-05",55.83,7.44,0.000879352796341967,0.00256410256410251
"2005-04-06",55.88,7.46,-0.0308078094214581,0.00537634408602151
"2005-04-07",54.16,7.5,-0.0125268432355046,-0.032171581769437
"2005-04-08",53.46,7.26,0.00461595273264402,-0.012
"2005-04-11",53.71,7.17,-0.0405910961466517,0.0234159779614325
"2005-04-12",51.54,7.34,-0.0247626140383541,-0.0376569037656903
"2005-04-13",50.21,7.07,0.0174621653084982,-0.00681198910081754
"2005-04-14",51.11,7.02,-0.00995817566221868,-0.00990099009900981
"2005-04-15",50.61,6.95,-0.00176090784582266,0
"2005-04-18",50.52,6.95,0.0357636830665875,0
"2005-04-19",52.33,6.95,0.0023752969121141,0.0215827338129496
"2005-04-20",52.45,7.1,0.000764379896808698,-0.0244604316546762
"2005-04-21",52.49,6.93,0.0318398474737845,0.0183098591549296
"2005-04-22",54.16,7.06,-0.0190512478567346,0.0303030303030303
"2005-04-25",53.16,7.27,0.021602658788774,-0.0269121813031161
"2005-04-26",54.33,7.08,-0.0556809631301731,0.00275103163686377
"2005-04-27",51.37,7.1,0.0101233204491074,-0.0607344632768361
"2005-04-28",51.92,6.67,-0.0529491921354876,-0.00422535211267609
"2005-04-29",49.2,6.64,0.033513097072419,-0.0209895052473763
"2005-05-02",50.94,6.5,-0.0272357723577235,0.016566265060241
"2005-05-03",49.6,6.61,0.0121711817824892,-0.0184615384615385
"2005-05-04",50.22,6.49,0.0181451612903226,0.0242057488653555
"2005-05-05",51.12,6.65,0.003584229390681,0.00308166409861319
"2005-05-06",51.3,6.67,0.0144757433489828,-0.0165413533834587
"2005-05-09",52.04,6.56,-0.00545808966861601,0.0164917541229386
"2005-05-10",51.76,6.67,-0.0263259031514219,-0.00609756097560976
"2005-05-11",50.39,6.63,-0.0301391035548687,-0.00149925037481256
"2005-05-12",48.83,6.62,-0.00357213732883508,-0.0226244343891403
"2005-05-13",48.65,6.47,-0.000204792135981938,-0.00302114803625371
"2005-05-16",48.64,6.45,0.00678314491264128,-0.00618238021638331
"2005-05-17",48.97,6.41,-0.0407072368421052,0.013953488372093
"2005-05-18",46.99,6.5,0.000204206657136982,-0.0171606864274571
"2005-05-19",47,6.39,0.00532028091083209,-0.00461538461538452
"2005-05-20",47.25,6.36,0.0304255319148936,-0.00469483568075121
"2005-05-23",48.68,6.33,0.00973544973544975,0.0188679245283019
"2005-05-24",49.14,6.45,0.0252670501232538,-0.018957345971564
"2005-05-25",50.37,6.33,0.0105820105820106,-0.00465116279069771
"2005-05-26",50.89,6.3,0.0150883462378399,-0.0126382306477093
"2005-05-27",51.65,6.22,-0.00746708587148743,0.00634920634920636
"2005-05-30",51.27,6.26,0.0156824782187802,0.00803858520900319
"2005-05-31",52.08,6.31,0.0452506338989663,0.00798722044728446
"2005-06-01",54.4,6.36,-0.0180491551459293,0.0427892234548335
"2005-06-02",53.46,6.63,0.0297794117647058,0.00314465408805039
"2005-06-03",55.08,6.65,-0.0115974560419004,0.0603318250377073
"2005-06-06",54.46,7.05,-0.0112563543936092,0.0120300751879699
"2005-06-07",53.84,7.13,-0.0244215938303343,0.0127659574468085
"2005-06-08",52.51,7.22,0.0343610698365528,-0.0238429172510519
"2005-06-09",54.36,7.05,-0.0154256332127214,0.00554016620498615
"2005-06-10",53.55,7.09,0.0353200883002208,-0.00141843971631203
"2005-06-13",55.47,7.08,-0.00821661998132582,0.0338504936530325
"2005-06-14",55.03,7.32,0.00901388137732108,0.00988700564971743
"2005-06-15",55.53,7.39,0.0172633109213156,0.00273224043715853
"2005-06-16",56.48,7.41,0.0345759049162615,0.027063599458728
"2005-06-17",58.4,7.61,0.0139872521246459,0.0256410256410256
"2005-06-20",59.19,7.8,-0.00496575342465752,-0.0446780551905387
"2005-06-21",58.9,7.46,-0.0106436898124682,-0.00897435897435901
"2005-06-22",58.27,7.39,0.0162988115449914,0.0160857908847185
"2005-06-23",59.23,7.51,0.00686459584691961,-0.00811907983761835
"2005-06-24",59.63,7.45,0.00253250042208338,-0.0213049267643143
"2005-06-27",59.78,7.29,-0.0244843199731679,-0.0335570469798658
"2005-06-28",58.32,7.04,-0.0182335229173637,0.00548696844993142
"2005-06-29",57.23,7.08,-0.0102880658436213,-0.00994318181818186
"2005-06-30",56.63,7.01,0.0433339157784378,0
"2005-07-01",59.11,7.01,-0.0218965212784743,0
"2005-07-04",57.87,7.01,0.0311284046692608,0.0527817403708987
"2005-07-05",59.71,7.38,0.0264385692068429,0.044222539229672
"2005-07-06",61.24,7.69,-0.00803885446323905,-0.00948509485094855
"2005-07-07",60.76,7.62,-0.0171456564337034,0.0325097529258778
"2005-07-08",59.71,7.87,-0.00789993416721534,-0.068241469816273
"2005-07-11",59.23,7.35,0.0211019929660024,0.0559085133418044
"2005-07-12",60.49,7.79,-0.00827283471213915,-0.00136054421768705
"2005-07-13",60,7.78,-0.0358736981319227,0.0269576379974326
"2005-07-14",57.83,7.99,0.00883333333333335,0.00385604113110532
"2005-07-15",58.36,8.02,-0.0214421580494553,-0.0312891113892365
"2005-07-18",57.12,7.77,0.00839616175462649,-0.00872817955112212
"2005-07-19",57.61,7.7,-0.015406162464986,0.00643500643500641
"2005-07-20",56.73,7.75,0.0100676965804549,-0.0142857142857143
"2005-07-21",57.31,7.64,0.0077560373699982,-0.0296774193548387
"2005-07-22",57.75,7.41,0.00715407433257715,-0.00392670157068066
"2005-07-25",58.16,7.38,0.0154112554112554,0.00944669365722001
"2005-07-26",59.05,7.45,0.00120357634112793,0.00948509485094843
"2005-07-27",59.12,7.52,0.0133784928027096,0.0228187919463088
"2005-07-28",59.91,7.69,0.0135317997293641,0.00930851063829779
"2005-07-29",60.71,7.76,0.0133533633784009,0.0351105331599479
"2005-08-01",61.51,8.03,0.00592983034096523,0.0451030927835053
"2005-08-02",61.87,8.38,-0.0180458462038693,0.046077210460772
"2005-08-03",60.76,8.75,0.013576854695329,-0.0238663484486873
"2005-08-04",61.6,8.55,0.0138248847926267,0.00571428571428559
"2005-08-05",62.44,8.6,0.0240259740259741,0.0385964912280702
"2005-08-08",63.92,8.93,-0.0126521460602178,-0.0267441860465117
"2005-08-09",63.13,8.7,0.0261264080100124,0.0134378499440091
"2005-08-10",64.8,8.82,0.0137810866466023,0.054022988505747
"2005-08-11",65.67,9.29,0.0160493827160493,0.034013605442177
"2005-08-12",66.71,9.59,-0.0076138267093041,-0.00645855758880522
"2005-08-15",66.21,9.53,-0.00149902563333825,0.0135557872784151
"2005-08-16",66.11,9.66,-0.0425917535115542,0.0346274921301154
"2005-08-17",63.29,9.99,0.00272273483587959,-0.0631469979296066
"2005-08-18",63.47,9.38,0.0322325801864435,-0.0290290290290291
"2005-08-19",65.51,9.09,-0.000787773751378783,0.0373134328358209
"2005-08-22",65.46,9.44,0.00534269577163805,0.0572057205720574
"2005-08-23",65.81,9.96,0.0197066911090741,0.0063559322033897
"2005-08-24",67.1,10.02,0.00288709922504197,-0.0251004016064257
"2005-08-25",67.29,9.77,-0.0184798807749629,0.0089820359281437
"2005-08-26",66.05,9.86,0.020211026898499,0
"2005-08-29",67.41,9.86,0.0378501135503407,0.253549695740365
"2005-08-30",69.91,12.36,-0.0189882806705237,0.0334685598377282
"2005-08-31",68.63,12.69,0.012444571592047,-0.107605177993528
"2005-09-01",69.5,11.36,-0.0377385982806353,0.0307328605200946
"2005-09-02",66.91,11.75,0.0186330935251799,-0.0171654929577465
"2005-09-05",68.205,11.555,-0.0354954416380212,0.000425531914893684
"2005-09-06",65.83,11.56,-0.0212594384575911,-0.0458675897879707
"2005-09-07",64.38,11.03,0.00638006987695582,-0.00951557093425601
"2005-09-08",64.8,10.92,-0.0091643367505437,0.00997280145058925
"2005-09-09",64.21,11.03,-0.0141975308641974,-0.032051282051282
"2005-09-12",63.29,10.68,-0.00171312879613766,0.00271985494106991
"2005-09-13",63.18,10.71,0.031916574498341,0.00842696629213482
"2005-09-14",65.2,10.8,-0.00886356441912001,0.0410830999066293
"2005-09-15",64.64,11.24,-0.0265337423312884,0.000925925925925906
"2005-09-16",62.91,11.25,0.0665222772277227,0.0658362989323844
"2005-09-19",67.21,11.99,-0.0154188523287236,0.0684444444444444
"2005-09-20",66.24,12.76,0.0107126915637554,0.125104253544621
"2005-09-21",66.96,14.26,0.00166062801932366,0.0454545454545455
"2005-09-22",67.07,14.84,-0.0358422939068099,-0.020336605890603
"2005-09-23",64.67,14.55,0.019531832413896,0.00977088948787059
"2005-09-26",65.98,14.695,-0.0160816452760168,-0.00498281786941579
"2005-09-27",64.94,14.6225,0.0215216732343135,0.00246682545083355
"2005-09-28",66.36,14.65875,0.00723744995380349,-0.00123952812446569
"2005-09-29",66.83,14.640625,-0.00934297769740815,0.000618231431738766
"2005-09-30",66.21,14.6496875,-0.0127188388448301,-0.000309498399146294
"2005-10-03",65.36,14.64515625,-0.0244676030811055,0.000154653469570577
"2005-10-04",63.74,14.647421875,-0.0180538555691554,-7.7350659881137e-05
"2005-10-05",62.56,14.6462890625,-0.0117665516159398,3.86693477414386e-05
"2005-10-06",61.81,14.64685546875,0,-0.0666964488124925
"2005-10-07",61.81,13.67,-0.0177964730626112,-0.0259441352999458
"2005-10-10",60.71,13.29,0.0506390551690665,0.027798098024872
"2005-10-11",63.84,13.67,0.00477680777466632,0.00752445447705039
"2005-10-12",64.13,13.77,-0.0169172932330827,-0.0212143379663496
"2005-10-13",63.05,13.48,-0.00686106346483701,-0.0493827160493827
"2005-10-14",62.61,12.8,0.0261697065820778,0.0808605341246291
"2005-10-17",64.26,13.89,-0.0210828941063729,-0.0375
"2005-10-18",62.94,13.41,-0.0129162776221599,0.0079193664506839
"2005-10-19",62.11,13.52,-0.0170003177629488,-0.0208799403430275
"2005-10-20",61.04,13.24,0.000161004669135373,-0.0377218934911242
"2005-10-21",61.05,12.73,-0.00688073394495404,0.0166163141993957
"2005-10-24",60.63,12.95,0.036036036036036,0.0746268656716419
"2005-10-25",62.83,13.9,-0.032657100445324,0.0602316602316602
"2005-10-26",60.85,14.68,0.00286487346808849,-0.056115107913669
"2005-10-27",61.03,13.9,0.0044371405094494,-0.0544959128065396
"2005-10-28",61.3,13.1,-0.0245780763558905,-0.0661870503597122
"2005-10-31",59.8,12.18,0.000815660685155045,-0.105343511450382
"2005-11-01",59.85,10.8,-0.00167224080267561,0.00410509031198678
"2005-11-02",59.75,10.85,0.0325814536340853,-0.0055555555555556
"2005-11-03",61.7,10.79,-0.0184100418410042,-0.103225806451613
"2005-11-04",60.6,9.67,-0.0194489465153971,-0.0834105653382762
"2005-11-07",59.4,8.77,0.00495049504950502,0.0392967942088936
"2005-11-08",59.7,9.15,-0.000841750841750914,0.0182440136830103
"2005-11-09",59.65,9.31,-0.0309882747068677,0.0382513661202185
"2005-11-10",57.8,9.66,-0.00586756077116503,-0.0494092373791623
"2005-11-11",57.45,9.2,0.00259515570934254,-0.00517598343685289
"2005-11-14",57.6,9.15,-0.009573542210618,0.00652173913043484
"2005-11-15",57.05,9.21,0.013888888888889,0.198907103825136
"2005-11-16",57.85,11.03,-0.0289219982471516,0.0966340933767644
"2005-11-17",56.2,11.92,0.00172860847018141,-0.173164097914778
"2005-11-18",56.3,10.01,0.0258007117437723,0.0394295302013423
"2005-11-21",57.75,10.48,0.00976909413854347,0.0669330669330669
"2005-11-22",58.3,11.15,0.00086580086580094,-0.0124045801526718
"2005-11-23",58.35,11.02,-0.000428816466552291,0.00582959641255617
"2005-11-24",58.325,11.085,0.00021422450728356,-0.00294918330308536
"2005-11-25",58.3375,11.0525,-0.0167595370767252,-0.00383400992331984
"2005-11-28",57.36,11.01,-0.0154274694664667,0.014476362813843
"2005-11-29",56.46,11.17,0.0151673640167364,0.0508628519527703
"2005-11-30",57.33,11.73,0.0200141693234149,0.0760966875559534
"2005-12-01",58.46,12.58,0.014826443397872,0.03154305200341
"2005-12-02",59.31,12.95,0.0102634279849469,0.104928457869634
"2005-12-05",59.91,14.27,0.00084302815714052,-0.054054054054054
"2005-12-06",59.96,13.57,-0.0125187781672509,0.0266292922214435
"2005-12-07",59.21,13.95,0.0241827885256837,0.0221075902726603
"2005-12-08",60.66,14.25,-0.0211112987671002,0.0551971326164874
"2005-12-09",59.41,15.02,0.0321463897131553,-0.0140350877192982
"2005-12-12",61.36,14.82,0,0.0379494007989348
"2005-12-13",61.36,15.39,-0.00814863102998696,-0.039136302294197
"2005-12-14",60.86,14.81,-0.0138526727509779,-0.0480831708901884
"2005-12-15",60.01,14.07,-0.0328623069339468,-0.0479405806887239
"2005-12-16",58.01,13.36,-0.0116647225462422,0.0262970859985786
"2005-12-19",57.31,13.73,0.00861920358558869,0.00449101796407176
"2005-12-20",57.81,13.79,0.0130867213400803,-0.0167516387472687
"2005-12-21",58.56,13.56,-0.00830306175402186,-0.0384336475707035
"2005-12-22",58.08,13.03,0,-0.13716814159292
"2005-12-23",58.08,11.17,0,0.0713737528779739
"2005-12-26",58.08,12.1,0.00137741046831953,-0.168307967770815
"2005-12-27",58.16,10.22,0.028409090909091,-0.0264462809917356
"2005-12-28",59.81,9.9,0.00773727647867943,0.0166340508806262
"2005-12-29",60.26,10.07,0.0133756896839994,-0.0555555555555556
"2005-12-30",61.06,9.52,-0.00663790242283448,0.0273088381330686
"2006-01-02",60.66,9.795,0.0401244677366525,0.0110294117647059
"2006-01-03",63.11,9.9,0.00494559841740846,-0.0663603879530373
"2006-01-04",63.41,9.25,-0.00950720963397234,-0.00101010101010099
"2006-01-05",62.81,9.24,0.022078536508437,0.00648648648648654
"2006-01-06",64.21,9.3,-0.0103486705938543,-0.0551948051948054
"2006-01-09",63.56,8.79,-0.00233608472200601,-0.0204301075268817
"2006-01-10",63.41,8.6,0.0078665827564506,-0.00568828213879396
"2006-01-11",63.91,8.55,0.00078851916101568,0.0174418604651161
"2006-01-12",63.96,8.7,-0.00156470035988111,-0.023391812865497
"2006-01-13",63.86,8.5,0.000781738586616591,0.0114942528735632
"2006-01-16",63.91,8.6,0.0383651738177263,0.0258823529411765
"2006-01-17",66.36,8.82,-0.00938820215928641,0.00465116279069758
"2006-01-18",65.76,8.86,0.0165762507534659,-0.0736961451247164
"2006-01-19",66.86,8.21,0.0197688564476885,0.0665914221218962
"2006-01-20",68.16,8.8,-0.0014956625785222,-0.062119366626066
"2006-01-23",68.06,8.29,-0.0180457746478874,-0.00227272727272722
"2006-01-24",66.83,8.27,-0.0180722891566266,0.0277442702050664
"2006-01-25",65.6,8.5,0.00299266796348949,-0.0773881499395405
"2006-01-26",65.8,7.86,0.0306402439024391,0.0388235294117646
"2006-01-27",67.81,8.19,0.00835866261398172,0.0216284987277354
"2006-01-30",68.36,8.36,-0.00737354372511429,0.0451770451770453
"2006-01-31",67.86,8.73,-0.0182855471035693,-0.0023923444976076
"2006-02-01",66.61,8.71,-0.0279988211022695,-0.0801832760595648
"2006-02-02",64.71,8.01,0.0105089325927038,0
"2006-02-03",65.41,8.01,-0.00463606861381544,0.0287141073657928
"2006-02-06",65.11,8.24,-0.0321051826937777,-0.0624219725343321
"2006-02-07",63.01,7.74,-0.00767931193365074,0.0169902912621359
"2006-02-08",62.51,7.88,0.0023805745119822,-0.0426356589147287
"2006-02-09",62.66,7.55,-0.0103983362661974,0.00253807106598991
"2006-02-10",62.01,7.57,-0.0119693584423875,-0.0278145695364238
"2006-02-13",61.26,7.36,-0.0266086115142719,-0.0435931307793923
"2006-02-14",59.61,7.03,-0.0326477309826967,0.0380434782608695
"2006-02-15",57.61,7.31,0.0167757087736957,-0.0213371266002844
"2006-02-16",58.61,7.16,0.0199618121853845,0.0314637482900136
"2006-02-17",59.76,7.39,-0.00981061252346009,-0.0160614525139664
"2006-02-20",59.185,7.275,0.0338855421686747,0.016914749661705
"2006-02-21",61.21,7.4,-0.0368336571766495,0.0206185567010309
"2006-02-22",59.03,7.55,-0.0163371998039536,-0.0432432432432432
"2006-02-23",58.03,7.23,0.0581060477723192,0.0211920529801324
"2006-02-24",61.46,7.39,-0.00775460968464592,-0.0580912863070539
"2006-02-27",61.01,6.97,0.00585746827204685,-0.0378890392422191
"2006-02-28",61.37,6.69,0.0104900835928536,-0.0100430416068867
"2006-03-01",62.01,6.62,0.0219977187550921,0.0104633781763827
"2006-03-02",63.36,6.69,0.00403160780519271,-0.015105740181269
"2006-03-03",63.61,6.59,-0.0181502525252525,-0.0134529147982063
"2006-03-06",62.46,6.5,-0.0149347586857413,0.00455235204855846
"2006-03-07",61.51,6.53,-0.0232148575088056,-0.00923076923076931
"2006-03-08",60.06,6.47,0.00731588359616316,-0.0245022970903522
"2006-03-09",60.51,6.31,-0.00999000999001001,0.0139103554868626
"2006-03-10",59.91,6.4,0.0313997686332839,0.0586370839936607
"2006-03-13",61.81,6.77,0.0200300450676013,0.0593750000000001
"2006-03-14",63.01,7.15,-0.014560750687591,-0.00738552437223053
"2006-03-15",62.11,7.1,0.02142517060784,0.00279720279720286
"2006-03-16",63.46,7.12,-0.0104653034938013,0.00704225352112674
"2006-03-17",62.81,7.17,-0.039394894421683,-0.023876404494382
"2006-03-20",60.31,7,0.00159210316828521,-0.0237099023709902
"2006-03-21",60.41,6.83,-0.0063007793069142,0.0328571428571428
"2006-03-22",60.03,7.06,0.0347624565469293,0.0146412884333822
"2006-03-23",62.13,7.16,0.0294852573713143,0.0382436260623229
"2006-03-24",63.9,7.43,-0.00241429261226458,-0.053072625698324
"2006-03-27",63.75,7.05,0.0297339593114242,0.0134589502018843
"2006-03-28",65.65,7.15,0.00549019607843128,0.00141843971631203
"2006-03-29",66,7.16,0.0106626047220107,0.00419580419580423
"2006-03-30",66.7,7.19,-0.00681818181818186,-0.0293296089385475
"2006-03-31",66.25,6.98,-0.00269865067466277,0.0139082058414464
"2006-04-03",66.07,7.08,-0.00483018867924518,-0.00573065902578797
"2006-04-04",65.75,7.04,0.0152868170122598,-0.0211864406779662
"2006-04-05",66.76,6.89,0.00699619771863108,0.0241477272727273
"2006-04-06",67.22,7.06,-0.00299580587177955,-0.0362844702467344
"2006-04-07",67.02,6.81,0.0188931865516217,0.00283286118980177
"2006-04-10",68.29,6.83,0.0110414801551775,0.0234948604992658
"2006-04-11",69.03,6.99,-0.00732171621027969,-0.0307467057101025
"2006-04-12",68.53,6.78,0.0144864551644213,-0.0200286123032905
"2006-04-13",69.53,6.64,-0.00729607471180505,0.0103244837758113
"2006-04-14",69.03,6.71,0.0182654969078095,0.0768072289156626
"2006-04-17",70.3,7.22,0.0141967260611329,0.0566318926974665
"2006-04-18",71.28,7.6,0.0112375533428164,0.0166204986149585
"2006-04-19",72.07,7.72,-0.0015432098765432,0.0302631578947369
"2006-04-20",71.96,7.95,0.0245594560843626,-0.038860103626943
"2006-04-21",73.73,7.65,-0.0491939966648139,0.010062893081761
"2006-04-24",70.19,7.73,-0.0374338803743387,-0.0470588235294118
"2006-04-25",67.43,7.37,0.0609773472004557,-0.0258732212160414
"2006-04-26",71.71,7.17,-0.0140886845617676,-0.0312075983717774
"2006-04-27",70.76,6.94,0.0145028587365778,-0.0418410041841005
"2006-04-28",71.8,6.64,0.0275579423403053,-0.0158501440922189
"2006-05-01",73.75,6.53,0.0121169916434541,0.0225903614457831
"2006-05-02",74.62,6.68,-0.032,-0.0183767228177642
"2006-05-03",72.26,6.56,-0.0305548110426159,-0.0134730538922155
"2006-05-04",69.98,6.47,0.00152228065319678,0.0503048780487805
"2006-05-05",70.09,6.8,-0.00485853100885972,-0.0401854714064915
"2006-05-08",69.75,6.54,0.0136966757026679,0.00147058823529409
"2006-05-09",70.71,6.55,0.0206451612903228,-0.00764525993883789
"2006-05-10",72.15,6.5,0.0120209305614481,0.0458015267175572
"2006-05-11",73,6.8,-0.0156618156618156,-0.0692307692307693
"2006-05-12",71.87,6.35,-0.0358904109589042,-0.063235294117647
"2006-05-15",69.25,5.92,0.00208710171142348,0.0110236220472441
"2006-05-16",69.4,5.99,-0.0108303249097473,0.0270270270270271
"2006-05-17",68.65,6.15,0.0141210374639768,-0.0601001669449082
"2006-05-18",69.63,5.79,-0.0173343044428259,-0.00325203252032528
"2006-05-19",68.44,5.77,0.0113456843314664,0.0241796200345424
"2006-05-22",69.23,5.91,0.0226475745178258,0.0623916811091853
"2006-05-23",70.78,6.27,-0.0189224324714719,-0.0439932318104907
"2006-05-24",69.47,6.01,0.0204860129980221,-0.025518341307815
"2006-05-25",70.92,5.85,0.00618972218223683,-0.0116472545757071
"2006-05-26",71.35,5.78,-0.00303158488437661,0.00598290598290601
"2006-05-29",71.135,5.815,0.0100210231254378,0.0666089965397924
"2006-05-30",71.85,6.2,-0.00604484431011447,-0.0395528804815134
"2006-05-31",71.42,5.97,-0.0182324286708421,0.0451612903225807
"2006-06-01",70.11,6.25,0.0366844021282555,-0.00335008375209373
"2006-06-02",72.73,6.23,-0.00328055912138074,0.0272
"2006-06-05",72.5,6.4,-0.000962463907603371,-0.0385232744783307
"2006-06-06",72.43,6.16,-0.0211034482758621,-0.053125
"2006-06-07",70.9,5.82,-0.00897418196879754,0.00324675324675318
"2006-06-08",70.25,5.84,0.0193229901269394,0.0446735395189003
"2006-06-09",71.62,6.1,-0.0190747330960855,-0.0136986301369863
"2006-06-12",70.28,6.02,-0.0251326445127059,-0.0114754098360655
"2006-06-13",68.48,5.95,0.0091064314171884,0.021594684385382
"2006-06-14",69.12,6.08,0.00963785046728967,0.0588235294117646
"2006-06-15",69.78,6.43,-0.000434027777777794,0.0986842105263159
"2006-06-16",69.75,7.03,-0.00773860705073096,-0.0497667185069985
"2006-06-19",69.21,6.71,0.00129032258064521,-0.0128022759601707
"2006-06-20",69.3,6.62,0.0111255598901892,-0.0178837555886736
"2006-06-21",70.07,6.5,0.0079365079365081,0.00151057401812686
"2006-06-22",70.62,6.51,-0.00171257314114463,-0.0569230769230769
"2006-06-23",70.5,6.14,0.0160011328235627,-0.0384024577572965
"2006-06-26",71.63,5.89,0.00595744680851066,0.0130293159609121
"2006-06-27",72.05,5.97,0.00139606310205233,0.0118845500848897
"2006-06-28",72.15,6.04,0.018736988202637,0.00837520938023448
"2006-06-29",73.5,6.09,0.00609840609840607,-0.0413907284768212
"2006-06-30",73.94,5.84,-0.00299319727891155,0.0205254515599343
"2006-07-03",73.72,5.965,0.00148769272383012,-0.0107020547945205
"2006-07-04",73.83,5.9025,0.0185838307107977,-0.0339480301760268
"2006-07-05",75.2,5.7,-0.00270892591087638,-0.0711562897077509
"2006-07-06",75,5.28,-0.0164893617021276,-0.0175438596491229
"2006-07-07",73.76,5.18,-0.00346666666666674,0.0265151515151516
"2006-07-10",73.5,5.32,0.0074566160520607,0.0366795366795366
"2006-07-11",74.05,5.51,0.0127891156462585,0.0281954887218046
"2006-07-12",74.99,5.66,0.023092505064146,0.0471869328493648
"2006-07-13",76.7,5.92,0.0013335111348179,0.0636042402826856
"2006-07-14",76.8,6.28,-0.014341590612777,-0.0016891891891893
"2006-07-17",75.7,6.27,-0.023828125,-0.0398089171974522
"2006-07-18",73.87,6.02,-0.0142668428005284,-0.0207336523125997
"2006-07-19",72.79,5.89,0.0163801272505752,0.0415282392026578
"2006-07-20",74,6.14,-0.00659431240555027,-0.0407470288624787
"2006-07-21",73.52,5.9,0.0104054054054055,0.0700325732899022
"2006-07-24",74.29,6.33,-0.0112894450489664,0.076271186440678
"2006-07-25",73.46,6.78,0.00484587427648404,-0.0110584518167457
"2006-07-26",73.82,6.71,0.00925673836101289,0.0471976401179941
"2006-07-27",74.5,7.03,-0.0162557572473585,0.0312965722801788
"2006-07-28",73.3,7.24,0.0169127516778524,0.11379800853485
"2006-07-31",74.56,8.04,0.0050477489768077,0.0856353591160222
"2006-08-01",74.93,8.66,0.0164967811158797,-0.00124378109452734
"2006-08-02",76.16,8.65,-0.00760709995996254,-0.120092378752887
"2006-08-03",75.59,7.61,-0.0106355042016807,-0.0196531791907514
"2006-08-04",74.78,7.44,0.030030427305199,-0.061760840998686
"2006-08-07",77.05,6.97,-0.0101631452259961,0.0120967741935484
"2006-08-08",76.29,7.06,-0.000129785853342052,0.0774748923959828
"2006-08-09",76.28,7.6,-0.0276576222309608,0.0495750708215298
"2006-08-10",74.17,7.95,0.00275301520713154,-0.0513157894736843
"2006-08-11",74.38,7.56,-0.0141566671160846,-0.0842767295597484
"2006-08-14",73.33,6.89,-0.00510890024200048,0.00132275132275141
"2006-08-15",72.95,6.9,-0.0178644483840175,0.0159651669085631
"2006-08-16",71.64,7.01,-0.0208361891706648,-0.0405797101449274
"2006-08-17",70.12,6.73,0.0113065326633166,-0.00998573466476466
"2006-08-18",70.93,6.66,0.0216771249286936,0.00891530460624065
"2006-08-21",72.45,6.72,0.00140984068800218,0.0210210210210211
"2006-08-22",72.55,6.86,-0.0151828847481021,0.0491071428571429
"2006-08-23",71.45,7.19,0.0078566505858028,0.0043731778425655
"2006-08-24",72.02,7.22,0.00153953813855842,0.0361613351877609
"2006-08-25",72.13,7.48,-0.0230491530130519,-0.134349030470914
"2006-08-28",70.47,6.51,-0.0101206155552475,-0.0360962566844919
"2006-08-29",69.74,6.24,0.00652760039733231,0.0245775729646698
"2006-08-30",70.2,6.4,0.00258101519931162,-0.0961538461538462
"2006-08-31",70.38,5.8,-0.0162393162393162,-0.0874999999999999
"2006-09-01",69.24,5.24,0.00809889173060539,0.0482758620689654
"2006-09-04",69.81,5.52,-0.0160311958405546,-0.0133587786259541
"2006-09-05",68.7,5.45,-0.0136083655636729,0.0452898550724638
"2006-09-06",67.75,5.7,-0.0055312954876273,-0.0110091743119267
"2006-09-07",67.37,5.64,-0.0157933579335794,-0.0578947368421053
"2006-09-08",66.3,5.31,-0.0130621938548315,-0.00354609929078007
"2006-09-11",65.42,5.29,-0.0242835595776772,0.0527306967984935
"2006-09-12",63.81,5.57,0.00428003668602875,-0.0321361058601134
"2006-09-13",64.09,5.4,-0.0128506503682808,-0.0556552962298026
"2006-09-14",63.27,5.09,0.000468091745982119,-0.127777777777778
"2006-09-15",63.3,4.4,0.0085348506401139,0.12180746561886
"2006-09-18",63.84,5.02,-0.0327014218009479,-0.00681818181818167
"2006-09-19",61.77,4.99,-0.0277255639097745,-0.0239043824701195
"2006-09-20",60,4.87,0.0262263234579893,-0.0440881763527054
"2006-09-21",61.62,4.65,-0.0305,-0.0369609856262835
"2006-09-22",59.79,4.47,0.0154170723790977,-0.0344086021505377
"2006-09-25",60.74,4.31,-0.00183977253721357,0.0111856823266221
"2006-09-26",60.63,4.36,0.0383602239051695,-0.00232018561484934
"2006-09-27",62.96,4.35,-0.008246742536698,-0.0458715596330274
"2006-09-28",62.46,4.15,0.0069885641677255,-0.11264367816092
"2006-09-29",62.9,3.66,-0.0310598783221261,0.108433734939759
"2006-10-02",60.96,4.11,-0.0368839427662957,-0.0273224043715848
"2006-10-03",58.64,4.01,0.0145997375328084,0.0900243309002433
"2006-10-04",59.53,4.38,0.00835607094133701,0.0773067331670824
"2006-10-05",60.02,4.69,-0.00571140601377462,-0.0639269406392695
"2006-10-06",59.68,4.41,0.00416527824058647,0.138592750533049
"2006-10-09",59.93,5.06,-0.0239611260053619,0.0226757369614514
"2006-10-10",58.5,5.16,-0.0156849657934256,0.0988142292490119
"2006-10-11",57.56,5.66,0.0114529914529914,-0.0949612403100776
"2006-10-12",58.23,5.17,0.00799166087560808,-0.153710247349823
"2006-10-13",58.69,4.3,0.0209513996221879,0.160541586073501
"2006-10-16",59.91,5.13,-0.0170386777986028,0.262790697674419
"2006-10-17",58.91,6.26,-0.0208646302787515,-0.0370370370370369
"2006-10-18",57.66,6.07,0.0151077915464268,0.111821086261981
"2006-10-19",58.55,6.77,-0.0208116545265348,0.0181219110378913
"2006-10-20",57.35,6.88,-0.0104184457728437,0.0605612998522895
"2006-10-23",56.74,7.29,0.0141238012205753,-0.0232558139534884
"2006-10-24",57.55,7.13,0.0271413464927742,0.00960219478738001
"2006-10-25",59.09,7.2,0.020503909643788,0.0995792426367461
"2006-10-26",60.27,7.91,0.00812320189541372,-0.0694444444444444
"2006-10-27",60.75,7.41,-0.0388252862120458,-0.0530973451327434
"2006-10-30",58.41,6.99,0.00510288065843625,-0.0472334682860999
"2006-10-31",58.72,6.64,-0.00136962848827253,0.072961373390558
"2006-11-01",58.64,7.15,-0.0131130790190736,0.0256024096385542
"2006-11-02",57.87,7.32,0.021487039563438,0.0153846153846153
"2006-11-03",59.13,7.43,0.0169345083808536,-0.0969945355191257
"2006-11-06",60.11,6.72,-0.0197869101978691,-0.0174966352624495
"2006-11-07",58.94,6.59,0.0164698053568458,0.119047619047619
"2006-11-08",59.93,7.39,0.0212080081438751,-0.00606980273141123
"2006-11-09",61.18,7.35,-0.0253629234106458,-0.0257104194857915
"2006-11-10",59.66,7.16,-0.0174893756129453,0.0136054421768707
"2006-11-13",58.59,7.26,-0.0051961112973517,0.0223463687150838
"2006-11-14",58.28,7.42,0.00870455709165383,0.00413223140495871
"2006-11-15",58.79,7.45,-0.0439258750857928,0.0188679245283018
"2006-11-16",56.23,7.59,-0.0056131995237285,-0.0483221476510066
"2006-11-17",55.9,7.23,0.00924773252712081,0.0737812911725955
"2006-11-20",56.42,7.79,0.0284436493738819,-0.0304287690179806
"2006-11-21",58.01,7.57,-0.0129386742289968,-0.0192554557124519
"2006-11-22",57.28,7.42,0.00629201861747978,0.00990752972258919
"2006-11-23",57.645,7.495,-0.00318610335195539,-0.00505390835579522
"2006-11-24",57.4625,7.4575,0.0492236967646803,0.0163442294863243
"2006-11-27",60.3,7.58,0.0116597781161627,0.004022795843111
"2006-11-28",60.97,7.61,0.0245439469320067,0.0171503957783641
"2006-11-29",62.45,7.74,0.00852878464818757,0.076215505913272
"2006-11-30",62.97,8.32,0.00736589271417135,0.0129198966408268
"2006-12-01",63.43,8.42,-0.0165158011751628,-0.0697115384615385
"2006-12-04",62.39,7.84,0.000157654106889453,-0.0617577197149643
"2006-12-05",62.4,7.32,-0.00320564192979637,0
"2006-12-06",62.2,7.32,0.00544871794871789,0.0396174863387978
"2006-12-07",62.54,7.61,-0.00771704180064304,-0.0218579234972678
"2006-12-08",62.06,7.45,-0.0127918132395268,-0.0840998685939554
"2006-12-11",61.26,6.81,-0.00322268772155971,0.0161073825503356
"2006-12-12",61.06,6.93,0.00457068233757756,0.0411160058737152
"2006-12-13",61.34,7.21,0.0186701604978708,0.00721500721500719
"2006-12-14",62.48,7.26,0.0149983697424193,-0.0610263522884881
"2006-12-15",63.4,6.82,-0.0193661971830986,-0.0275482093663912
"2006-12-18",62.19,6.62,0.0107255520504732,-0.0513196480938417
"2006-12-19",62.87,6.27,0.00337674867342018,0.0241691842900302
"2006-12-20",63.08,6.43,-0.0163830125656116,-0.0542264752791068
"2006-12-21",62.05,6.09,-0.00380469245402655,-0.0326594090202177
"2006-12-22",61.81,5.88,0.00193392425463332,0.0172413793103449
"2006-12-25",61.93,5.985,-0.013913606212587,-0.0450680272108845
"2006-12-26",61.07,5.72,-0.0122719199095753,-0.0300751879699248
"2006-12-27",60.31,5.54,0.00130997216309151,0.0157342657342657
"2006-12-28",60.39,5.63,0.00762725916100151,-0.0234657039711191
"2006-12-29",60.85,5.5,-0.00380857757906945,0.0115452930728242
"2007-01-01",60.62,5.565,0.00246507806080535,-0.03
"2007-01-02",60.77,5.4,-0.0405806664467173,0.0125786163522011
"2007-01-03",58.31,5.47,-0.0437715978278757,0.0240740740740741
"2007-01-04",55.65,5.6,0.0109758188989882,-0.0146252285191956
"2007-01-05",56.29,5.52,-0.00377358490566039,0.0892857142857143
"2007-01-08",56.08,6.02,-0.0076390122579499,0.0235507246376813
"2007-01-09",55.65,6.15,-0.0303138373751782,0.0448504983388704
"2007-01-10",53.95,6.42,-0.0366576819407009,-0.0536585365853659
"2007-01-11",51.91,6.09,0.0194624652455979,-0.0186915887850467
"2007-01-12",52.96,5.97,-0.0101136582546715,0.00985221674876855
"2007-01-15",52.435,6.03,-0.0227530211480364,0.132328308207705
"2007-01-16",51.23,6.82,0.0204062172213216,-0.0414593698175788
"2007-01-17",52.3,6.57,-0.0349404645715401,-0.0410557184750733
"2007-01-18",50.51,6.29,0.0281070745697897,0.0167427701674277
"2007-01-19",51.98,6.4,-0.0172243120174222,0.127186009538951
"2007-01-22",51.11,7.2,0.0480954213158907,0.0515625
"2007-01-23",53.61,7.53,0.0123263549207592,0.00694444444444442
"2007-01-24",54.24,7.58,-0.0139899272523783,-0.053120849933599
"2007-01-25",53.49,7.18,0.0348451327433628,-0.0303430079155672
"2007-01-26",55.38,6.95,-0.0256122639745748,0.0557103064066852
"2007-01-29",54.01,7.35,0.054532322137956,-0.00431654676258984
"2007-01-30",57.03,7.32,0.0211072023699315,0.0598639455782312
"2007-01-31",58.17,7.76,-0.0143783973347361,0.023224043715847
"2007-02-01",57.35,7.93,0.028537046587588,0.0309278350515464
"2007-02-02",59.01,8.17,-0.00557977332170881,0.122320302648172
"2007-02-05",58.69,9.14,0.00372818166412471,-0.104039167686659
"2007-02-06",58.91,8.29,-0.0197648662463792,-0.0426695842450764
"2007-02-07",57.75,7.9,0.0341198438295705,0.0193003618817853
"2007-02-08",59.76,8.06,0.00173160173160176,0.0126582278481012
"2007-02-09",59.86,8.16,-0.035140562248996,-0.0471464019851116
"2007-02-12",57.76,7.78,0.0203808887403942,0.0379901960784313
"2007-02-13",58.98,8.09,-0.01696675900277,0.104113110539846
"2007-02-14",58,8.9,-0.00135639199728719,0.00123609394313965
"2007-02-15",57.92,8.91,0.0251724137931035,-0.0516853932584271
"2007-02-16",59.38,8.45,-0.0126035911602211,0.0258136924803592
"2007-02-19",58.65,8.68,-0.00555742674301109,-0.158579881656805
"2007-02-20",58.32,7.34,0.0184143222506394,0.0195852534562212
"2007-02-21",59.4,7.51,0.0150891632373114,-0.00544959128065396
"2007-02-22",60.28,7.47,0,0.00798934753661791
"2007-02-23",60.28,7.53,0.0187458526874585,0.0267737617135208
"2007-02-26",61.41,7.73,0.000829462508294696,-0.0385126162018592
"2007-02-27",61.46,7.44,0.00521087770721381,-0.0271668822768435
"2007-02-28",61.78,7.23,0.00309144158802469,-0.021505376344086
"2007-03-01",61.97,7.07,-0.00631272256393656,0.0207468879668049
"2007-03-02",61.58,7.22,-0.024689365822172,0.0198019801980199
"2007-03-05",60.05,7.36,0.0099058135758363,0.0263157894736841
"2007-03-06",60.66,7.55,0.0198168193172357,-0.00679347826086954
"2007-03-07",61.85,7.5,-0.00362677217276622,-0.0476821192052981
"2007-03-08",61.63,7.14,-0.0253839935327405,-0.012
"2007-03-09",60.06,7.05,-0.0181729677105307,-0.0336134453781513
"2007-03-12",58.94,6.81,-0.0151515151515151,-0.00425531914893608
"2007-03-13",58.03,6.78,0.00203596878181197,0.0117474302496329
"2007-03-14",58.15,6.86,-0.0108564535585041,0.0235988200589969
"2007-03-15",57.52,7.02,-0.00791057609630268,-0.0262390670553935
"2007-03-16",57.06,6.84,-0.00712795549374137,-0.0199430199430199
"2007-03-19",56.65,6.7,-0.00420609884332285,0.0160818713450292
"2007-03-20",56.41,6.81,0.0100617828773169,0.00149253731343294
"2007-03-21",56.98,6.82,0.0572593511788691,0.0367107195301028
"2007-03-22",60.21,7.07,0.0150930150930151,0.0131964809384164
"2007-03-23",61.07,7.16,0.0116259757515363,-0.00141442715700138
"2007-03-26",61.77,7.15,0.0198133289667594,0
"2007-03-27",62.98,7.15,0.0182936700663753,0.0447552447552447
"2007-03-28",64.11,7.47,0.0315973324865036,-0.0181818181818182
"2007-03-29",66.1,7.34,-0.00249571049758223,0.0214190093708166
"2007-03-30",65.94,7.5,0.0013615733736763,0.0163487738419619
"2007-04-02",66.03,7.62,-0.021838034576888,-0.00666666666666664
"2007-04-03",64.59,7.57,-0.00287747993336359,-0.0144356955380578
"2007-04-04",64.4,7.46,-0.00216751819167055,0.00924702774108326
"2007-04-05",64.26,7.53,0.00108695652173902,-0.00469168900804291
"2007-04-06",64.33,7.495,-0.0438842203548086,0.0205843293492696
"2007-04-09",61.51,7.65,0.00637338722213592,0
"2007-04-10",61.92,7.65,0.000975451146155018,0.041830065359477
"2007-04-11",61.98,7.97,0.0305232558139535,-0.00261437908496726
"2007-04-12",63.87,7.95,-0.00387221684414319,-0.00250941028858224
"2007-04-13",63.63,7.93,0,-0.0339622641509433
"2007-04-16",63.63,7.66,-0.00770077007700773,-0.0201765447667087
"2007-04-17",63.14,7.5,0,0.00522193211488251
"2007-04-18",63.14,7.54,-0.0210643015521064,0
"2007-04-19",61.81,7.54,0.0277161862527716,-0.0291777188328912
"2007-04-20",63.56,7.32,0.0286361430189289,-0.0106100795755968
"2007-04-23",65.33,7.24,-0.0193517935808685,0.0450819672131148
"2007-04-24",64.1,7.57,0.0188274911985306,0.00414364640883969
"2007-04-25",65.33,7.6,-0.00390015600624025,-0.00528401585204756
"2007-04-26",65.08,7.56,0.0209704576764121,-0.0157894736842104
"2007-04-27",66.45,7.44,-0.0102950215119853,0.0357142857142857
"2007-04-30",65.78,7.71,-0.020316027088036,-0.00940860215053767
"2007-05-01",64.43,7.64,-0.00988142292490127,0
"2007-05-02",63.78,7.64,-0.00853639608877859,-0.00785340314136121
"2007-05-03",63.23,7.58,-0.0210097209156475,0.0314136125654451
"2007-05-04",61.89,7.82,-0.00648426379882973,-0.0171503957783641
"2007-05-07",61.48,7.69,0.0126030053320407,-0.0242966751918159
"2007-05-08",62.26,7.5,-0.0117111255692908,-0.00520156046814045
"2007-05-09",61.54,7.46,0.00497911982010926,0.0226666666666667
"2007-05-10",61.85,7.63,0.008124796880078,-0.0134048257372654
"2007-05-11",62.35,7.53,0.00323362974939363,0.0419397116644822
"2007-05-14",62.55,7.85,0.00978348035284682,-0.0225763612217795
"2007-05-15",63.16,7.68,-0.00943245403677053,-0.00764331210191078
"2007-05-16",62.57,7.62,0.0357821405953135,0.00911458333333337
"2007-05-17",64.83,7.69,0.00159821000479477,0.0236220472440944
"2007-05-18",64.93,7.87,0.0203609440074039,-0.0273081924577373
"2007-05-21",66.25,7.66,-0.0206376097335593,-0.00762388818297338
"2007-05-22",64.91,7.6,0.00286792452830185,-0.0117493472584856
"2007-05-23",65.1,7.51,-0.0228008011092281,0.00657894736842103
"2007-05-24",63.62,7.56,0.0149001536098311,-0.0119840213049267
"2007-05-25",64.59,7.47,-0.00762338887142407,0.00595238095238094
"2007-05-28",64.105,7.515,-0.0141662796098468,-0.000669344042838005
"2007-05-29",63.19,7.51,0.00436783402230717,0.0266134397870925
"2007-05-30",63.47,7.71,0.0087039088463364,0.0119840213049267
"2007-05-31",64.02,7.8,0.0168583582795022,-0.0298313878080414
"2007-06-01",65.09,7.57,0.0168697282099344,0.0205128205128205
"2007-06-04",66.17,7.73,-0.00829620525426342,0.0132100396301188
"2007-06-05",65.63,7.83,0.00513828018739615,0
"2007-06-06",65.97,7.83,0.0146274569556606,0.0076628352490421
"2007-06-07",66.93,7.89,-0.0325905714718812,-0.0472541507024266
"2007-06-08",64.78,7.52,0.0171821305841925,-0.0126742712294043
"2007-06-11",65.93,7.42,-0.00879901204075343,0.00398936170212769
"2007-06-12",65.36,7.45,0.01228575762172,0.0202156334231805
"2007-06-13",66.17,7.6,0.0221848225214199,-0.0161073825503355
"2007-06-14",67.62,7.48,0.00634728729031286,0.0131578947368421
"2007-06-15",68.04,7.58,0.0150842945874001,0.0147058823529412
"2007-06-18",69.06,7.69,0.00132275132275137,-0.0303430079155673
"2007-06-19",69.15,7.46,-0.00941210541558074,-0.00910273081924581
"2007-06-20",68.5,7.39,-0.00216919739696321,-0.0201072386058981
"2007-06-21",68.35,7.24,0.0072992700729927,-0.027063599458728
"2007-06-22",68.85,7.04,-0.000292611558156489,-0.0372928176795581
"2007-06-25",68.83,6.77,-0.0152505446623093,0.0113636363636364
"2007-06-26",67.78,6.85,0.0174342583175941,-0.0162481536189069
"2007-06-27",68.98,6.74,0.00929477722041894,0.00729927007299268
"2007-06-28",69.61,6.79,0.0124673818498115,-0.0578635014836795
"2007-06-29",70.47,6.4,0.00919408131015659,-0.0235640648011782
"2007-07-02",71.11,6.24,0.00425713069391226,0.0203125
"2007-07-03",71.41,6.37,-0.00210940795949925,-0.0104166666666667
"2007-07-04",71.26,6.305,0.00770200252065533,-0.000784929356357911
"2007-07-05",71.81,6.3,0.0138927869772663,-0.0237906423473433
"2007-07-06",72.8,6.15,-0.00919092048461212,0.038095238095238
"2007-07-09",72.14,6.39,0.00906593406593402,0.00813008130081312
"2007-07-10",72.8,6.44,-0.00304962572775158,0.0344287949921752
"2007-07-11",72.58,6.66,-0.000412087912087928,-0.0621118012422361
"2007-07-12",72.55,6.26,0.018462386332323,0.00150150150150147
"2007-07-13",73.89,6.27,0.00303239145416952,0.00798722044728446
"2007-07-16",74.11,6.32,-0.00108269048585733,0.00318979266347681
"2007-07-17",74.03,6.34,0.0134934556739981,-0.0174050632911391
"2007-07-18",75.03,6.23,0.0117519924354992,0.0425867507886435
"2007-07-19",75.9,6.5,-0.00493136078901779,-0.00642054574638845
"2007-07-20",75.53,6.46,-0.0115942028985507,-0.0707692307692308
"2007-07-23",74.65,6,-0.0168145107904145,-0.0526315789473684
"2007-07-24",73.38,5.66,0.0316141995981246,-0.0166666666666668
"2007-07-25",75.74,5.56,-0.0106295993458708,0.0477031802120142
"2007-07-26",74.96,5.83,0.0273303406390284,-0.0107913669064749
"2007-07-27",77.03,5.77,-0.00280149413020288,0.0926243567753002
"2007-07-30",76.82,6.31,0.017915098013761,0.0381282495667246
"2007-07-31",78.2,6.53,-0.0222598281697476,-0.0538827258320127
"2007-08-01",76.49,6.19,0.00447570332480829,0.0229709035222051
"2007-08-02",76.84,6.34,-0.0186952542816055,-0.0371567043618739
"2007-08-03",75.41,6.11,-0.0439875065070275,-0.00157728706624616
"2007-08-06",72.03,6.1,0.00291738496220659,0.0458265139116203
"2007-08-07",72.25,6.38,-0.000277662085242205,-0.0229508196721311
"2007-08-08",72.23,6.24,-0.00844290657439446,0.0329153605015674
"2007-08-09",71.62,6.45,-0.00179980617471978,0.0192307692307692
"2007-08-10",71.49,6.57,0.00153588383133202,0.0899224806201551
"2007-08-13",71.6,7.15,0.0111903762764025,-0.0441400304414003
"2007-08-14",72.4,6.86,0.0134078212290502,0.0615384615384615
"2007-08-15",73.36,7.3,-0.0327348066298343,-0.0495626822157434
"2007-08-16",70.99,6.96,0.0124045801526719,0.0246575342465753
"2007-08-17",71.9,7.14,-0.010987463022961,-0.0962643678160919
"2007-08-20",71.12,6.47,-0.0226703755215579,-0.0770308123249299
"2007-08-21",69.49,5.92,-0.0026715410573678,-0.0123647604327666
"2007-08-22",69.3,5.84,0.00805871348395456,-0.018581081081081
"2007-08-23",69.86,5.73,0.0189033189033189,-0.00684931506849316
"2007-08-24",71.17,5.69,0.0115946178070427,-0.0610820244328099
"2007-08-27",71.98,5.34,-0.00266966418434731,0.0386643233743409
"2007-08-28",71.79,5.56,0.024034454015004,0.0149812734082397
"2007-08-29",73.52,5.64,-0.00208942749686574,-0.0179856115107913
"2007-08-30",73.37,5.54,0.00829706202393906,-0.00886524822695032
"2007-08-31",73.98,5.49,-0.00415701240288956,0.00451263537906128
"2007-09-03",73.675,5.515,0.0188564476885644,-0.0391621129326047
"2007-09-04",75.07,5.3,0.00909399389209368,0.0906618313689937
"2007-09-05",75.74,5.8,0.00799254029572411,0.0415094339622641
"2007-09-06",76.34,6.02,0.00475310271983099,-0.0844827586206895
"2007-09-07",76.7,5.53,0.0108724128897039,0.00498338870431883
"2007-09-10",77.53,5.56,0.0082138200782268,0.0759493670886077
"2007-09-11",78.16,5.98,0.0217980136721269,0.026978417266187
"2007-09-12",79.85,6.13,0.0025588536335722,0.0234113712374581
"2007-09-13",80.05,6.27,-0.0113963681903569,-0.00652528548123966
"2007-09-14",79.14,6.23,0.0176139912554653,0.0239234449760765
"2007-09-17",80.55,6.38,0.0121304018195604,0.00642054574638845
"2007-09-18",81.51,6.42,0.00595903165735555,-0.0266457680250784
"2007-09-19",81.99,6.25,0.0228192859771807,-0.0358255451713396
"2007-09-20",83.85,6.02,-0.00573240639102328,-0.00959999999999994
"2007-09-21",83.38,5.96,-0.010375670840787,0.026578073089701
"2007-09-24",82.51,6.12,-0.0157112017270329,0.0704697986577181
"2007-09-25",81.2,6.54,-0.0107865713246879,-0.0114379084967321
"2007-09-26",80.31,6.47,0.0314039408866995,-0.0137614678899082
"2007-09-27",82.86,6.38,-0.0151911343543768,-0.035548686244204
"2007-09-28",81.64,6.15,-0.0160511706492879,-0.0125391849529781
"2007-10-01",80.31,6.07,-0.00379715825575701,0.0780487804878048
"2007-10-02",80,6.55,-0.000373552484124034,0.0675453047775948
"2007-10-03",79.97,6.96,0.0188750000000001,-0.00763358778625951
"2007-10-04",81.48,6.91,-0.00350131299237215,-0.0201149425287357
"2007-10-05",81.2,6.77,-0.0273686794305351,-0.0115774240231547
"2007-10-08",78.97,6.69,0.0155172413793104,-0.00886262924667659
"2007-10-09",80.23,6.63,0.013549449157908,0.023916292974589
"2007-10-10",81.3,6.79,0.0218122896672068,0.00904977375565605
"2007-10-11",83.05,6.85,0.00836408364083649,-0.0574374079528718
"2007-10-12",83.73,6.46,0.0296207104154123,0.091970802919708
"2007-10-15",86.19,7.09,0.0166009793383495,0.0309597523219815
"2007-10-16",87.58,7.29,-0.00452488687782806,-0.0239774330042313
"2007-10-17",87.19,7.12,0.0261475222653575,-0.00137174211248282
"2007-10-18",89.48,7.11,-0.0103222846656727,-0.0280898876404495
"2007-10-19",88.58,6.91,-0.0109521680822531,-0.039381153305204
"2007-10-22",87.6,6.63,-0.0129826145856852,-0.0477568740955138
"2007-10-23",86.45,6.3,0.0211187214611872,-0.0286576168929109
"2007-10-24",88.3,6.11,0.0438403701561597,0.0603174603174603
"2007-10-25",92.09,6.49,-0.00407701019252548,-0.00981996726677586
"2007-10-26",91.73,6.43,0.0186773808231078,0.0354391371340525
"2007-10-29",93.45,6.66,-0.0340128638395291,0.0513219284603422
"2007-10-30",90.33,6.99,0.0409844836811129,0.0435435435435435
"2007-10-31",94.16,7.28,-0.00697442710063097,-0.0271816881258942
"2007-11-01",93.53,7.09,0.024214103653356,-0.0631868131868132
"2007-11-02",95.81,6.63,-0.0187105741473324,0.0112834978843442
"2007-11-05",94.06,6.71,0.0270326688237136,0.0739064856711916
"2007-11-06",96.65,7.2,-0.00201998724218597,0.0327868852459016
"2007-11-07",96.46,7.42,-0.00982928091050169,-0.0847222222222223
"2007-11-08",95.51,6.81,0.00881194277420687,-0.0296495956873315
"2007-11-09",96.36,6.59,-0.020521411370537,0.0352422907488987
"2007-11-12",94.4,6.83,-0.0334163553341635,0.0591805766312594
"2007-11-13",91.18,7.22,0.0300847457627117,0.00878477306002936
"2007-11-14",94.02,7.28,-0.00712875630620741,0.00969529085872568
"2007-11-15",93.37,7.35,0.01531589023612,-0.00824175824175819
"2007-11-16",94.81,7.29,0.0100674734925565,0.0122448979591837
"2007-11-19",95.75,7.38,0.0359666701824702,-0.0781893004115227
"2007-11-20",99.16,6.81,-0.00616187989556139,-0.018970189701897
"2007-11-21",98.57,6.67,0.00297498991528844,0.0102790014684288
"2007-11-22",98.865,6.74,-0.00634067160393629,-0.0104947526236882
"2007-11-23",98.24,6.67,-0.00586658574824254,0.12759643916914
"2007-11-26",97.66,7.53,-0.0332858306188925,-0.0164917541229386
"2007-11-27",94.39,7.42,-0.0376817530206841,0.0119521912350597
"2007-11-28",90.71,7.51,0.00286047250768101,-0.00808625336927218
"2007-11-29",90.98,7.45,-0.0262374600374822,-0.0213049267643143
"2007-11-30",88.6,7.29,0.00758408441415709,-0.0429530201342282
"2007-12-03",89.29,6.97,-0.0110609480812642,0.0411522633744856
"2007-12-04",88.31,7.27,-0.00963153768619106,-0.0329985652797704
"2007-12-05",87.45,7.04,0.0317064885063979,0.0343878954607978
"2007-12-06",90.25,7.29,-0.0230989136649514,-0.0355113636363636
"2007-12-07",88.23,7.04,-0.00565096952908593,-0.00823045267489707
"2007-12-10",87.72,6.98,0.0272016320979259,0.0198863636363636
"2007-12-11",90.12,7.12,0.0489056087551299,0.0143266475644699
"2007-12-12",94.41,7.22,-0.0228584110075455,0.0337078651685394
"2007-12-13",92.35,7.46,-0.011015782226459,-0.0512465373961219
"2007-12-14",91.31,7.09,-0.00671358960476453,-0.00402144772117966
"2007-12-17",90.69,7.06,-0.00832329427225924,0.0141043723554303
"2007-12-18",89.93,7.16,0.0130113573712647,0.00283286118980164
"2007-12-19",91.11,7.18,-0.00255754475703329,0.00139664804469283
"2007-12-20",90.88,7.19,0.0253539677313138,-0.0222841225626741
"2007-12-21",93.19,7.03,0.00891285211267608,0
"2007-12-24",94,7.03,-0.00434595986693853,0
"2007-12-25",93.595,7.03,0.0244148936170213,-0.0128022759601707
"2007-12-26",95.89,6.94,0.00790640525669101,-0.0199146514935989
"2007-12-27",96.63,6.8,-0.00625716967358426,0.0446685878962537
"2007-12-28",96.03,7.11,-0.000827900238021301,0
"2007-12-31",95.95,7.11,0.000416536499010643,0
"2008-01-01",95.99,7.11,0.0380406461698802,0.10126582278481
"2008-01-02",99.64,7.83,-0.00489634336910094,0.00140646976090011
"2008-01-03",99.17,7.84,-0.012745885186672,-0.0421455938697318
"2008-01-04",97.9,7.51,-0.028436018957346,0.0127551020408164
"2008-01-07",95.08,7.61,0.0137895812053116,-0.00266311584553934
"2008-01-08",96.43,7.59,-0.00830879259570894,0.0394218134034165
"2008-01-09",95.64,7.89,-0.0178367727885513,0.00922266139657448
"2008-01-10",93.92,7.96,-0.0123379339188625,0.0215462610899874
"2008-01-11",92.74,8.13,0.0158645655877343,0.0402010050251254
"2008-01-14",94.23,8.45,-0.0254474875997412,-0.00246002460024595
"2008-01-15",91.87,8.43,-0.0113551947362836,-0.0236686390532544
"2008-01-16",90.8,8.23,-0.0075106128224665,-0.0154211150652433
"2008-01-17",90.11,8.1,0.00484581497797354,0.0388821385176185
"2008-01-18",90.55,8.42,-0.00244146043724336,-0.0197530864197531
"2008-01-21",90.33,8.26,-0.00762009939260075,-0.0344418052256532
"2008-01-22",89.64,7.97,-0.0220303332226281,-0.0157384987893462
"2008-01-23",87.65,7.84,0.0259928603302097,0.00125470514429106
"2008-01-24",89.98,7.85,0.00444951511694239,-0.00637755102040814
"2008-01-25",90.37,7.8,0.00689042009335397,0.00891719745222934
"2008-01-28",90.99,7.87,0.00741396481133121,0.0294871794871794
"2008-01-29",91.66,8.1,0.0074733487196396,0.00889453621346891
"2008-01-30",92.34,8.17,-0.00730962251800133,-0.00864197530864201
"2008-01-31",91.67,8.1,-0.0285899935022742,-0.0269277845777233
"2008-02-01",89.03,7.88,0.0113450419984727,-0.0395061728395062
"2008-02-04",90.07,7.56,-0.0196562956306863,0.0304568527918782
"2008-02-05",88.32,7.8,-0.0128788719884534,0.0185185185185186
"2008-02-06",87.16,7.94,0.0103034420289855,0.00641025641025639
"2008-02-07",88.07,7.99,0.0424506654428637,0.00881612090680104
"2008-02-08",91.77,8.06,0.0203247416827524,0.0400500625782228
"2008-02-11",93.56,8.38,-0.0080636373542553,-0.00124069478908208
"2008-02-12",92.82,8.37,0.0049166310389056,-0.00238663484486868
"2008-02-13",93.28,8.35,0.0230553759965525,0.0179211469534051
"2008-02-14",95.42,8.5,0.00160806174957109,0.0275449101796408
"2008-02-15",95.57,8.73,-0.000785998742401893,-0.0135294117647059
"2008-02-18",95.495,8.615,0.0470335879460081,0.0337915234822451
"2008-02-19",99.99,8.91,0.0091104246295618,0.0197330237957052
"2008-02-20",100.86,9.08,-0.022902290229023,-0.0202020202020202
"2008-02-21",98.57,8.9,0.0045607773150903,-0.0275330396475771
"2008-02-22",99.03,8.65,0.00375367758953033,0.0561797752808989
"2008-02-25",99.4,9.15,0.0144400686660607,0.00693641618497116
"2008-02-26",100.83,9.21,-0.0124748490945674,0
"2008-02-27",99.59,9.21,0.0298522265198849,-0.0108577633007602
"2008-02-28",102.6,9.11,-0.0082337584094788,-0.00108577633007598
"2008-02-29",101.78,9.1,0.00623781676413256,-0.00329308452250267
"2008-03-03",102.42,9.07,-0.0265278050697583,0.0153846153846154
"2008-03-04",99.72,9.21,0.0461823862526851,0.0176405733186327
"2008-03-05",104.45,9.37,0.0106297633373446,0.0358306188925081
"2008-03-06",105.51,9.7,-0.00373384394447104,0.0128068303094985
"2008-03-07",105.12,9.82,0.0263482134394844,-0.0237113402061856
"2008-03-10",107.9,9.59,0.00789573820395737,0.0264765784114053
"2008-03-11",108.73,9.85,0.0104726598702502,-0.0166840458811262
"2008-03-12",109.86,9.69,0.00321898280143469,0.00507614213197977
"2008-03-13",110.21,9.74,-0.00163844893500812,0.0103199174406604
"2008-03-14",110.03,9.84,-0.0389256873241993,-0.0256673511293634
"2008-03-17",105.74,9.59,0.0348086885394892,-0.0497967479674797
"2008-03-18",109.57,9.1,-0.0597692453187062,0.00104275286757036
"2008-03-19",103.25,9.11,-0.00620607830610575,-0.0626373626373627
"2008-03-20",102.57,8.54,0.00329297820823248,0.0312843029637761
"2008-03-21",102.91,8.825,-0.0117968216827532,0.019320843091335
"2008-03-24",101.7,8.99,0.000777378291711187,0.0328611898016996
"2008-03-25",101.78,9.28,0.0398230088495575,-0.00333704115684086
"2008-03-26",105.83,9.25,0.016997445470623,0.00538793103448284
"2008-03-27",107.56,9.3,-0.0186147595199849,0.00648648648648635
"2008-03-28",105.59,9.36,-0.0376534027519524,0.053763440860215
"2008-03-31",101.54,9.86,-0.00587176815986367,0.00641025641025646
"2008-04-01",100.92,9.92,0.0385069923182982,-0.0324543610547668
"2008-04-02",104.83,9.6,-0.00901704320253663,0.00806451612903226
"2008-04-03",103.92,9.68,0.0207001812458266,-0.0333333333333334
"2008-04-04",106.09,9.36,0.027136258660508,0.0123966942148761
"2008-04-07",108.91,9.48,-0.0034876048637948,0.0320512820512819
"2008-04-08",108.54,9.78,0.0215774492700394,0.0105485232067512
"2008-04-09",110.89,9.88,-0.0075548185000922,0.0306748466257668
"2008-04-10",110.07,10.18,0.000631256199837744,-0.0111336032388663
"2008-04-11",110.14,10.07,0.0142636504042881,-0.00392927308447946
"2008-04-14",111.71,10.03,0.0187034683130561,0.0129096325719961
"2008-04-15",113.77,10.16,0.00922030256915228,-0.00498504486540386
"2008-04-16",114.8,10.11,0,0.015748031496063
"2008-04-17",114.8,10.27,0.0153310104529617,-0.0187932739861523
"2008-04-18",116.56,10.08,0.00801393728222998,0.0408958130477118
"2008-04-21",117.48,10.5,0.0144989704873027,0.005952380952381
"2008-04-22",119.17,10.56,0.000936329588014976,-0.0219047619047619
"2008-04-23",119.28,10.33,-0.0182931945959554,0.0236742424242424
"2008-04-24",117.1,10.58,0.0212944332662643,0.0135527589545015
"2008-04-25",119.64,10.72,-0.00734415029888983,0.0217391304347825
"2008-04-28",118.78,10.95,-0.0259946506185222,-0.000932835820895502
"2008-04-29",115.67,10.94,-0.0165852837177976,-0.0118721461187214
"2008-04-30",113.7,10.81,-0.00950981239733733,-0.0137111517367459
"2008-05-01",112.6,10.66,0.0330694810905893,-0.026827012025902
"2008-05-02",116.36,10.37,0.0317939609236234,0.0375234521575985
"2008-05-05",119.94,10.77,0.0161567548985905,0.0308582449373192
"2008-05-06",121.82,11.09,0.0145072536268135,-0.000928505106778068
"2008-05-07",123.56,11.08,0.00172385486783774,0.0225428313796213
"2008-05-08",123.77,11.33,0.0175623179022337,-0.00361010830324918
"2008-05-09",125.94,11.29,-0.0155126444211037,0.00794351279788187
"2008-05-12",124.02,11.38,0.0143719231380022,-0.0177147918511958
"2008-05-13",125.83,11.18,-0.0130624092888244,0.0298769771528998
"2008-05-14",124.21,11.52,0.00031788921560841,-0.00983899821109118
"2008-05-15",124.25,11.41,0.0181144835359472,-0.00868055555555552
"2008-05-16",126.5,11.31,0.00523138832997993,-0.0184049079754602
"2008-05-19",127.15,11.1,0.0140711462450593,-0.0141467727674624
"2008-05-20",128.93,10.94,0.0319307904050334,0.0414414414414415
"2008-05-21",132.99,11.4,-0.0228806329015746,0.0155393053016453
"2008-05-22",130.04,11.57,0.0115798180314311,-0.000877192982456122
"2008-05-23",131.58,11.56,-0.00592125499846209,0.00043215211754529
"2008-05-26",130.81,11.565,-0.0151998784009728,0.0246539792387543
"2008-05-27",128.81,11.85,0.0167418393089213,-0.0216169476869866
"2008-05-28",131,11.6,-0.0333825013585901,0.0177215189873418
"2008-05-29",126.7,11.81,0.00496183206106864,-0.0327586206896552
"2008-05-30",127.35,11.43,0.00315706393054464,0.031329381879763
"2008-06-02",127.75,11.8,-0.0268551236749117,0.0411198600174977
"2008-06-03",124.33,12.27,-0.0158904109589041,-0.00847457627118641
"2008-06-04",122.3,12.17,0.0452827153542991,0.026079869600652
"2008-06-05",127.93,12.49,0.0865085854456254,0.018077239112572
"2008-06-06",138.51,12.71,-0.0318142734307824,0
"2008-06-09",134.44,12.71,-0.0220922677063028,0.000786782061368984
"2008-06-10",131.38,12.72,0.0375632252305862,-0.0180959874114871
"2008-06-11",136.43,12.49,0.00365352412848219,0.00157232704402512
"2008-06-12",136.91,12.51,-0.0151726159935498,0
"2008-06-13",134.84,12.51,-0.00233730187714552,0.0175859312549961
"2008-06-16",134.52,12.73,-0.00393058439632157,0.0111910471622701
"2008-06-17",133.99,12.87,0.0189562890276538,0.00471327572663005
"2008-06-18",136.54,12.93,-0.0347787148294649,0.0124320124320124
"2008-06-19",131.88,13.09,0.0212391973048191,-0.0255220417633411
"2008-06-20",134.78,12.76,0.00909918107370328,0.0122230710466005
"2008-06-23",135.98,12.92,0.00378394420537186,0.00313479623824459
"2008-06-24",136.49,12.96,-0.0188998382115019,-0.0154798761609908
"2008-06-25",133.92,12.76,0.0365594549051213,-0.00462962962962967
"2008-06-26",138.91,12.7,0.00582437275985664,0.0313479623824452
"2008-06-27",139.69,13.1,0.00194370455690742,0.00708661417322834
"2008-06-30",139.96,13.19,0.00787457942587153,0.00687022900763358
"2008-07-01",141.06,13.28,0.0191483280937411,0.00227445034116764
"2008-07-02",143.74,13.31,0.0111300155962002,-0.0233433734939759
"2008-07-03",145.31,13,-0.00546124947822455,0.0116453794139744
"2008-07-04",144.525,13.155,-0.0216433831119676,-0.0149999999999999
"2008-07-07",141.38,12.96,-0.0368102404428299,-0.0372481946028126
"2008-07-08",136.06,12.47,-0.00127316452114873,-0.0285493827160495
"2008-07-09",135.88,12.1,0.0410848155225636,-0.0216519647153167
"2008-07-10",141.47,11.83,0.025684427435973,0.0264462809917356
"2008-07-11",144.96,12.15,0.00141372729200529,-0.0481825866441251
"2008-07-14",145.16,11.58,-0.0447019867549668,0.0172839506172839
"2008-07-15",138.68,11.79,-0.0279002480022045,-0.0552677029360966
"2008-07-16",134.63,11.15,-0.0374963945774444,0.0237489397794741
"2008-07-17",129.43,11.43,-0.00363960484290284,-0.0798206278026906
"2008-07-18",128.94,10.54,0.0192381982538825,0.00349956255468075
"2008-07-21",131.43,10.58,-0.0324181789979836,-0.0398481973434535
"2008-07-22",127.25,10.16,-0.0267823175835045,-0.0264650283553875
"2008-07-23",123.73,9.88,0.00699410609037329,-0.017716535433071
"2008-07-24",124.62,9.7,-0.0164066919906248,-0.0364372469635627
"2008-07-25",122.59,9.34,0.0170919595570534,-0.00824742268041238
"2008-07-28",124.72,9.26,-0.0204747532425157,-0.00963597430406851
"2008-07-29",122.21,9.17,0.0363213598460552,-0.0172786177105832
"2008-07-30",126.74,9.01,-0.0210293756648392,0.0272628135223555
"2008-07-31",124.17,9.26,0.0067855452106675,-0.0233074361820199
"2008-08-01",125.03,9.05,-0.0288314407666908,0.0161987041036716
"2008-08-04",121.45,9.2,-0.0219147404622891,-0.0596685082872927
"2008-08-05",118.71,8.66,-0.00115273775216139,0.00434782608695643
"2008-08-06",118.57,8.7,0.01069834049364,0.00808314087759819
"2008-08-07",119.84,8.77,-0.0372775575609345,-0.0632183908045976
"2008-08-08",115.42,8.22,-0.00817757009345798,-0.00456100342075267
"2008-08-11",114.44,8.18,-0.0116097730029458,0.00608272506082734
"2008-08-12",113.1,8.23,0.0249912617965746,-0.0146699266503669
"2008-08-13",115.96,8.11,-0.00804597701149422,0.00486026731470242
"2008-08-14",115.05,8.15,-0.0137116246981718,-0.0406905055487053
"2008-08-15",113.46,7.82,-0.00469361147327242,-0.00981595092024541
"2008-08-18",112.92,7.74,0.0129561078794289,-0.0012787723785166
"2008-08-19",114.39,7.73,0.00965285157633726,0.0374677002583978
"2008-08-20",115.48,8.02,0.0502666316985751,0.00258732212160408
"2008-08-21",121.23,8.04,-0.0584516799445791,-0.00748129675810458
"2008-08-22",114.48,7.98,0.00305204982265108,-0.0435323383084578
"2008-08-25",114.85,7.63,0.012753319357093,0.0488721804511278
"2008-08-26",116.31,8.02,0.0161950370047889,0.0681520314547837
"2008-08-27",118.17,8.54,-0.0222680766916001,-0.0224438902743142
"2008-08-28",115.58,8.36,-0.000253871541000263,-0.0140515222482435
"2008-08-29",115.55,8.24,0.000129780238795644,0.00717703349282303
"2008-09-01",115.565,8.3,-0.0513630463003029,-0.00728155339805831
"2008-09-02",109.63,8.24,-0.00216328473153637,-0.118072289156627
"2008-09-03",109.38,7.26,-0.0126790112195567,-0.00242718446601937
"2008-09-04",107.99,7.24,-0.0138965075882245,0.022038567493113
"2008-09-05",106.47,7.4,-0.00111121400129646,0.0386740331491712
"2008-09-08",106.35,7.68,-0.0293040293040292,-0.054054054054054
"2008-09-09",103.23,7.28,-0.00535966149506354,0.0481770833333333
"2008-09-10",102.66,7.65,-0.016564952048823,0.0247252747252747
"2008-09-11",100.95,7.83,0.00233781414377552,0.0248366013071895
"2008-09-12",101.19,8.02,-0.0561664190193165,0
"2008-09-15",95.52,8.02,-0.0398260697697401,-0.0324189526184538
"2008-09-16",91.49,7.76,0.0617671691792295,-0.00498753117206983
"2008-09-17",97.39,7.72,0.00120231719313586,0.0695876288659794
"2008-09-18",97.5,8.26,0.0672553650272102,-0.060880829015544
"2008-09-19",104.05,7.79,0.190358974358974,-0.0157384987893462
"2008-09-22",122.61,7.66,-0.141854877462758,0.0231065468549422
"2008-09-23",107.85,7.84,-0.00823750101949263,0.0404699738903395
"2008-09-24",106.84,8.15,0.0435790449698656,-0.066326530612245
"2008-09-25",111.54,7.63,-0.0446461999251218,-0.0257668711656442
"2008-09-26",106.77,7.42,-0.0939573247265554,-0.0380078636959371
"2008-09-29",96.29,7.13,0.0413037370047766,0.00539083557951483
"2008-09-30",100.7,7.17,-0.0256516772250493,0.0336605890603086
"2008-10-01",98.23,7.41,-0.0435948361469712,0.0320781032078103
"2008-10-02",93.84,7.64,0.000712613254606466,-0.0647773279352226
"2008-10-03",93.91,7.16,-0.0613810741687979,-0.0379581151832461
"2008-10-06",88.15,6.87,0.0216164412735598,-0.0181564245810056
"2008-10-07",90.18,6.74,-0.0140669313669882,-0.0232896652110626
"2008-10-08",88.94,6.58,-0.0270569971168773,0.0163204747774481
"2008-10-09",86.5,6.69,-0.101866426804587,-0.0258358662613983
"2008-10-10",77.44,6.52,0.043121387283237,0.0149476831091182
"2008-10-13",81.17,6.62,-0.0320247933884298,0.0184049079754601
"2008-10-14",78.69,6.74,-0.0530984353825305,-0.015105740181269
"2008-10-15",74.38,6.64,-0.0580759944084381,0.00148367952522265
"2008-10-16",69.81,6.65,0.028098951331003,0.0165662650602409
"2008-10-17",71.9,6.76,0.0312276178197965,0.0330827067669174
"2008-10-20",74.08,6.98,-0.0388038942976355,-0.0325443786982249
"2008-10-21",71.29,6.76,-0.0589902807775379,0.0257879656160459
"2008-10-22",66.92,6.94,0.00350680319820452,-0.025147928994083
"2008-10-23",67.17,6.77,-0.0572325164375373,-0.0691642651296829
"2008-10-24",63.34,6.29,-0.0211403900550841,-0.00295420974889224
"2008-10-27",61.92,6.27,0.0138932743921692,0.0206677265500796
"2008-10-28",62.8,6.4,0.0750968992248063,0.0287081339712918
"2008-10-29",67.45,6.58,-0.0264331210191082,0.0265625
"2008-10-30",65.79,6.75,0.0342475908080058,-0.0866261398176292
"2008-10-31",68.1,6.18,-0.0633834929320565,0.0400000000000001
"2008-11-03",63.93,6.45,0.0951541850220264,0.0550161812297734
"2008-11-04",70.41,6.79,-0.0782105427811669,0.0232558139534884
"2008-11-05",65.41,6.94,-0.0666098565544667,0.0147275405007363
"2008-11-06",60.72,7.04,0.00519798195994501,-0.0634005763688761
"2008-11-07",61.06,6.6,0.0186100131752305,0.0667613636363637
"2008-11-10",62.19,7.07,-0.0460203078938748,-0.00757575757575768
"2008-11-11",59.38,7.02,-0.0551535616658627,-0.0523338048090522
"2008-11-12",55.95,6.65,0.0397440215560795,-0.0484330484330485
"2008-11-13",58.31,6.31,-0.0201966041108133,0.00300751879699255
"2008-11-14",57.18,6.33,-0.0349854227405248,0.0348652931854199
"2008-11-17",55.14,6.55,-0.012591815320042,0.0300157977883097
"2008-11-18",54.42,6.74,-0.014145810663765,0.00305343511450375
"2008-11-19",53.64,6.76,-0.0878353546490261,0
"2008-11-20",48.86,6.76,0.00671140939597314,-0.0295857988165681
"2008-11-21",49.22,6.56,0.0902578796561605,0.0428994082840237
"2008-11-24",53.63,6.85,-0.0733441690369768,-0.0213414634146341
"2008-11-25",50.02,6.71,0.0779414506805892,-0.0408759124087592
"2008-11-26",54.2,6.43,-0.0417832866853259,0.0208643815201193
"2008-11-27",52.11,6.57,0.0571955719557196,-0.0217729393468119
"2008-11-28",55.21,6.43,-0.112646325081558,0.00761035007610361
"2008-12-01",49.34,6.48,-0.041477993117189,0.0311041990668739
"2008-12-02",47.05,6.68,-0.00526955816781512,-0.0308641975308641
"2008-12-03",46.79,6.48,-0.0635494155154092,0.0104790419161676
"2008-12-04",43.8,6.55,-0.0596281256678777,-0.0864197530864197
"2008-12-05",41.01,5.99,0.0611872146118721,-0.0396946564885496
"2008-12-08",43.69,5.73,-0.041209461107047,-0.0267111853088481
"2008-12-09",42,5.57,0.0251773861295491,0.0174520069808027
"2008-12-10",43.1,5.67,0.111190476190476,0.0341113105924597
"2008-12-11",47.77,5.86,-0.0348027842227378,-0.052910052910053
"2008-12-12",46.27,5.56,-0.0347498429976974,0.0324232081911263
"2008-12-15",44.61,5.75,-0.0166414523449318,0
"2008-12-16",43.84,5.75,-0.0822685496525443,0.00695652173913044
"2008-12-17",40.17,5.79,-0.0784671532846716,-0.0278260869565218
"2008-12-18",36.73,5.63,-0.088623350759273,0.00518134715025911
"2008-12-19",33.17,5.66,-0.0563572011979309,-0.0479573712255773
"2008-12-22",31.1,5.39,-0.0247211335544166,-0.00353356890459356
"2008-12-23",30.28,5.37,0.0855305466237941,0.012987012987013
"2008-12-24",32.94,5.44,-0.0439233817701453,-0.0065176908752328
"2008-12-25",31.61,5.405,0.181238615664845,0.00643382352941179
"2008-12-26",37.58,5.44,0.0730781398291681,0.06845513413506
"2008-12-29",39.89,5.81,-0.0250133049494411,-0.0183823529411764
"2008-12-30",38.95,5.71,0.141639508648784,-0.0137693631669535
"2008-12-31",44.6,5.63,-0.0725288831835687,0.00700525394045535
"2009-01-01",41.775,5.67,0.0985426008968611,-0.0461811722912966
"2009-01-02",46.17,5.41,0.0584081388390185,0.0740740740740741
"2009-01-05",48.61,5.83,-0.00108295429932851,0.0499075785582254
"2009-01-06",48.56,6.1,-0.119522731948159,-0.0360205831903945
"2009-01-07",42.75,5.89,-0.0220345963756178,0.0114754098360656
"2009-01-08",41.68,5.96,-0.0231578947368422,-0.0611205432937182
"2009-01-09",40.69,5.6,-0.072936660268714,-0.00167785234899325
"2009-01-12",37.65,5.59,0.00294912754976664,0.0196428571428572
"2009-01-13",37.77,5.7,-0.00903054448871191,-0.041144901610018
"2009-01-14",37.43,5.47,-0.0534815991527668,-0.0350877192982456
"2009-01-15",35.41,5.27,-0.000801496126101898,-0.0329067641681901
"2009-01-16",35.38,5.09,0.000423609149957655,0.01707779886148
"2009-01-19",35.395,5.18,0.0897399660825324,-0.0628683693516698
"2009-01-20",38.57,4.86,0.11272778641051,0.00193050193050189
"2009-01-21",42.56,4.87,-0.00596318382162313,-0.0308641975308643
"2009-01-22",42.33,4.72,0.0655545112781955,0.00616016427104728
"2009-01-23",45.12,4.75,0.0326009922041106,-0.0275423728813559
"2009-01-26",46.5,4.62,-0.107047872340425,0.0294736842105262
"2009-01-27",41.67,4.76,0.00795698924731177,0.0173160173160173
"2009-01-28",42.04,4.84,-0.0110391168706504,-0.0273109243697479
"2009-01-29",41.58,4.71,0.00356803044719312,0.012396694214876
"2009-01-30",41.73,4.77,-0.00913900913900903,-0.0615711252653926
"2009-02-02",41.35,4.48,-0.0115025161754135,0.117400419287212
"2009-02-03",40.87,5.04,-0.0145102781136637,-0.00669642857142863
"2009-02-04",40.27,5.01,0.0215316858331293,-0.0337301587301587
"2009-02-05",41.15,4.84,-0.0225974670970945,-0.0339321357285429
"2009-02-06",40.24,4.67,-0.0160388821385177,0.018595041322314
"2009-02-09",39.58,4.76,-0.0506958250497018,0.0171306209850107
"2009-02-10",37.54,4.84,-0.040677109651339,-0.0336134453781513
"2009-02-11",35.93,4.68,-0.0506126798082045,0.0103305785123968
"2009-02-12",34.03,4.73,0.100194823267465,-0.0277777777777779
"2009-02-13",37.63,4.6,-0.0528945048486631,0.0137420718816068
"2009-02-16",35.83,4.665,-0.023119851182567,-0.0684782608695653
"2009-02-17",34.96,4.35,-0.00809377616522465,0
"2009-02-18",34.67,4.35,0.141018306636156,0.0252873563218392
"2009-02-19",39.6,4.46,-0.00721084511104701,-0.0574712643678161
"2009-02-20",39.35,4.21,-0.0426767676767678,0.00448430493273553
"2009-02-23",37.66,4.23,0.0304955527318933,-0.00475059382422814
"2009-02-24",38.86,4.21,0.0738183749336166,-0.00236406619385338
"2009-02-25",41.64,4.2,0.0396294390118373,-0.0285035629453682
"2009-02-26",43.18,4.08,0.0232949087415946,-0.00952380952380953
"2009-02-27",44.15,4.04,-0.0944881889763779,0.0784313725490197
"2009-03-02",40.07,4.36,0.0339750849377123,0.0173267326732672
"2009-03-03",41.57,4.43,0.0925879710506614,-0.0458715596330274
"2009-03-04",45.28,4.23,-0.0418571084917008,-0.00225733634311528
"2009-03-05",43.54,4.22,0.0417402826855124,-0.0685579196217493
"2009-03-06",45.43,3.93,0.0362884703720716,-0.0165876777251186
"2009-03-09",47.01,3.86,-0.0292758089368258,0.00508905852417303
"2009-03-10",45.68,3.88,-0.0684960646670921,0.0103626943005181
"2009-03-11",42.46,3.92,0.097416812609457,-0.0128865979381443
"2009-03-12",46.91,3.87,-0.0162505887894488,0.00765306122448975
"2009-03-13",46.22,3.9,0.0236623321253464,-0.0310077519379845
"2009-03-16",47.33,3.78,0.0354824751189961,0
"2009-03-17",48.97,3.78,-0.0179590111979717,-0.00793650793650789
"2009-03-18",48.12,3.75,0.0682050234837656,-0.0185185185185185
"2009-03-19",51.46,3.68,0.00187032418952611,0.0826666666666667
"2009-03-20",51.55,3.99,0.0291488534784298,0.0489130434782608
"2009-03-23",53.05,4.17,0.00601357904946658,-0.0100250626566416
"2009-03-24",53.36,4.13,-0.0211121583411875,0
"2009-03-25",52.24,4.13,0.0305472263868065,0.00726392251815987
"2009-03-26",53.87,4.16,-0.027947932618683,-0.104116222760291
"2009-03-27",52.41,3.73,-0.072767774271394,-0.0240384615384616
"2009-03-30",48.49,3.63,0.0219423774088914,-0.0134048257372654
"2009-03-31",49.64,3.58,-0.0243349144153434,-0.00550964187327824
"2009-04-01",48.46,3.56,0.0836019339242546,0.0363128491620111
"2009-04-02",52.61,3.69,-0.00185720181593059,-0.00842696629213478
"2009-04-03",52.52,3.66,-0.0269910663371983,0.021680216802168
"2009-04-06",51.1,3.74,-0.0375095201827875,-0.0382513661202186
"2009-04-07",49.13,3.6,0.00469667318982377,-0.0267379679144385
"2009-04-08",49.37,3.5,0.0584164461632405,0.025
"2009-04-09",52.24,3.59,-0.0290662345553981,-0.0128571428571428
"2009-04-10",50.805,3.545,-0.0111983154670751,-0.0236768802228412
"2009-04-13",50.22,3.46,-0.0139750024603878,0.0366713681241184
"2009-04-14",49.51,3.59,-0.00497809637594584,0.00289017341040469
"2009-04-15",49.26,3.6,0.014340537265199,-0.0167130919220056
"2009-04-16",49.97,3.54,0.00791717417783192,-0.0194444444444444
"2009-04-17",50.36,3.47,-0.0908545127076246,0.0225988700564971
"2009-04-20",45.82,3.55,0.0164813343923749,-0.0345821325648414
"2009-04-21",46.65,3.43,0.0165866433871671,0.0140845070422535
"2009-04-22",47.41,3.48,0.0225080385852091,-0.00583090379008747
"2009-04-23",48.46,3.46,0.0461927863319974,-0.043103448275862
"2009-04-24",50.65,3.31,-0.0280643829962856,-0.0346820809248555
"2009-04-27",49.29,3.19,-0.00552813425468906,0.0302114803625378
"2009-04-28",49.01,3.29,0.0239399472509637,0.0438871473354232
"2009-04-29",50.19,3.43,0.00326463986941448,-0.054711246200608
"2009-04-30",50.35,3.25,0.0364614465032875,0.0145772594752186
"2009-05-01",52.18,3.3,0.0450844091360477,0.0523076923076924
"2009-05-04",54.45,3.47,-0.0122652357224991,0.0454545454545454
"2009-05-05",53.81,3.62,0.0455463728191,0.0144092219020172
"2009-05-06",56.29,3.67,0.00706188440810263,0.0801104972375691
"2009-05-07",56.67,3.96,0.0339314265411262,0.0544959128065396
"2009-05-08",58.58,4.16,-0.0139403564496206,0.0202020202020202
"2009-05-11",57.79,4.24,0.0174120860361899,0.0408653846153846
"2009-05-12",58.81,4.41,-0.0140162657899291,0.00235849056603769
"2009-05-13",58,4.42,0.00986226832171396,-0.072562358276644
"2009-05-14",58.58,4.1,-0.0355172413793103,-0.0113122171945701
"2009-05-15",56.52,4.05,0.0421645612837146,-0.00731707317073177
"2009-05-18",58.99,4.02,0.00937721160651099,-0.00740740740740725
"2009-05-19",59.52,3.99,0.0327174097304628,-0.0597014925373135
"2009-05-20",61.45,3.75,-0.0161290322580645,0.00501253132832081
"2009-05-21",60.49,3.77,0.010740439381611,-0.096
"2009-05-22",61.15,3.41,-0.00545544718135226,0.0477453580901856
"2009-05-25",60.82,3.59,0.0271463614063777,-0.0703812316715542
"2009-05-26",62.48,3.35,0.0152910226899046,0.0389972144846797
"2009-05-27",63.41,3.49,0.0268886043533932,0.0179104477611939
"2009-05-28",65.09,3.55,0.0192398675287809,0.106017191977077
"2009-05-29",66.31,3.92,0.0350284221846674,-0.0169014084507042
"2009-06-01",68.59,3.86,-0.000150806816468181,0.048469387755102
"2009-06-02",68.58,4.05,-0.035573698789911,-0.0621761658031088
"2009-06-03",66.14,3.81,0.0387868183143773,-0.0567901234567901
"2009-06-04",68.8,3.58,-0.00559419413365574,-0.0183727034120736
"2009-06-05",68.43,3.51,-0.00552325581395363,0.00558659217877095
"2009-06-08",68.05,3.53,0.0287885430366798,0
"2009-06-09",70.02,3.53,0.0199853049228508,0.00849858356940517
"2009-06-10",71.38,3.56,0.0187089403027707,-0.0141643059490086
"2009-06-11",72.69,3.51,-0.00784533482768286,0.0084269662921349
"2009-06-12",72.13,3.54,-0.0218737102765166,0.074074074074074
"2009-06-15",70.54,3.8,-0.00097046998474986,0.101694915254237
"2009-06-16",70.47,4.16,0.00850581230507505,-0.0447368421052631
"2009-06-17",71.07,3.99,0.00496665247623114,0.0480769230769231
"2009-06-18",71.42,4.19,-0.0256085549458282,-0.0375939849624061
"2009-06-19",69.6,4.04,-0.0351442173060766,-0.00715990453460626
"2009-06-22",67.09,4.01,0.0247126436781609,-0.0247524752475247
"2009-06-23",68.81,3.91,-0.00998658518408111,-0.0274314214463841
"2009-06-24",68.14,3.8,0.0226711233832292,0.0051150895140665
"2009-06-25",69.7,3.82,-0.00792486058115653,-0.00263157894736837
"2009-06-26",69.16,3.81,0.033142037302726,0.0183246073298429
"2009-06-29",71.47,3.88,-0.0238577212261424,-0.0419947506561679
"2009-06-30",69.82,3.72,-0.00699594235343501,-0.0231958762886599
"2009-07-01",69.32,3.63,-0.0378115153251216,-0.0376344086021504
"2009-07-02",66.68,3.49,0.0190421234852855,0.0192837465564738
"2009-07-03",68,3.56,-0.0590881823635273,-0.0916905444126074
"2009-07-06",64.06,3.24,-0.0173529411764706,0.0168539325842696
"2009-07-07",62.88,3.3,-0.042616297221355,-0.0246913580246912
"2009-07-08",60.15,3.22,0.00333969465648856,0.0424242424242423
"2009-07-09",60.36,3.36,-0.00714879467996675,-0.0372670807453415
"2009-07-10",59.93,3.24,-0.00397614314115311,-0.0208333333333334
"2009-07-13",59.69,3.17,-0.00116802936759553,0.0370370370370371
"2009-07-14",59.62,3.29,0.0313285307421679,0.0252365930599369
"2009-07-15",61.49,3.37,0.0097282791009728,-0.0486322188449848
"2009-07-16",62.07,3.21,0.0242315823711173,0.0534124629080119
"2009-07-17",63.56,3.39,0.00596101176091505,0.0311526479750779
"2009-07-20",63.93,3.49,0.0138451856513531,-0.0029498525073747
"2009-07-21",64.81,3.48,-0.00359768496793374,0.00286532951289405
"2009-07-22",64.58,3.49,0.0234531708069742,0.0488505747126437
"2009-07-23",66.1,3.66,0.0133168163518117,-0.0830945558739255
"2009-07-24",66.96,3.37,0.0208774583963693,0.0245901639344262
"2009-07-27",68.34,3.46,-0.0164277180406214,0.00890207715133538
"2009-07-28",67.24,3.49,-0.0558969856599355,-0.023121387283237
"2009-07-29",63.42,3.41,0.0517549077929804,-0.020057306590258
"2009-07-30",66.9,3.34,0.0372122358877326,0
"2009-07-31",69.26,3.34,0.0348281016442451,0.0269461077844312
"2009-08-03",71.59,3.43,-0.00274328616806234,0.0299401197604789
"2009-08-04",71.4,3.53,0.00796200586674107,0.0233236151603499
"2009-08-05",71.97,3.61,-0.000140056022409035,0.0481586402266289
"2009-08-06",71.96,3.78,-0.0137557315548144,-0.0581717451523546
"2009-08-07",70.97,3.57,-0.00528071150639238,-0.0052910052910053
"2009-08-10",70.59,3.55,-0.0159222206566156,-0.00280112044817921
"2009-08-11",69.46,3.54,0.00878311375548951,-0.0507042253521127
"2009-08-12",70.08,3.36,0.0070544198099625,-0.0056497175141243
"2009-08-13",70.57,3.34,-0.0436643835616437,-0.0476190476190475
"2009-08-14",67.51,3.18,-0.0111945585943036,-0.0209580838323354
"2009-08-17",66.72,3.11,0.0370315508813509,0.00314465408805039
"2009-08-18",69.22,3.12,0.0497601918465229,-0.0289389067524117
"2009-08-19",72.54,3.03,-0.00202253683906386,0
"2009-08-20",72.4,3.03,0.00992555831265507,-0.0825082508250825
"2009-08-21",73.12,2.78,0.00773480662983428,-0.0297029702970297
"2009-08-24",73.68,2.69,-0.0284463894967179,0.0575539568345324
"2009-08-25",71.6,2.85,-0.002985884907709,-0.0334572490706321
"2009-08-26",71.38,2.76,0.0155027932960894,0
"2009-08-27",72.49,2.76,0.00322219108994122,-0.0869565217391304
"2009-08-28",72.72,2.52,-0.0379362670713202,-0.0362318840579711
"2009-08-31",69.97,2.42,-0.0255775577557756,-0.0238095238095238
"2009-09-01",68.11,2.36,-0.00114334714877802,-0.0454545454545454
"2009-09-02",68.03,2.25,-0.00190867713992065,-0.0805084745762712
"2009-09-03",67.9,2.06,0.000734969866235443,-0.102222222222222
"2009-09-04",67.95,1.83,-0.000368188512518493,0.0558252427184466
"2009-09-07",67.925,1.945,0.0464311994113319,0.265027322404372
"2009-09-08",71.08,2.43,0.00279720279720276,0.149100257069409
"2009-09-09",71.27,2.72,0.00956668542487348,-0.0164609053497943
"2009-09-10",71.95,2.68,-0.0366212992844114,0.0955882352941176
"2009-09-11",69.34,2.94,-0.00667129951355113,-0.0373134328358209
"2009-09-14",68.86,2.84,0.0281222959330834,0.125850340136054
"2009-09-15",70.81,3.21,0.0245425501016555,0.0246478873239436
"2009-09-16",72.5,3.28,-0.000282445982205847,0.0685358255451714
"2009-09-17",72.48,3.5,-0.00731034482758622,-0.0884146341463415
"2009-09-18",71.95,3.21,-0.0304911699779251,0.04
"2009-09-21",69.74,3.35,0.0244614315496874,0.00623052959501558
"2009-09-22",71.5,3.37,-0.0395755663894466,0.017910447761194
"2009-09-23",68.74,3.43,-0.041958041958042,0.0385756676557863
"2009-09-24",65.74,3.56,0.00247308699447195,0.0145772594752186
"2009-09-25",65.91,3.61,0.0118649224216611,-0.0196629213483146
"2009-09-28",66.69,3.54,-0.00197238658777113,-0.0664819944598339
"2009-09-29",66.56,3.3,0.0584795321637426,-0.0141242937853107
"2009-09-30",70.46,3.25,0.0031550480769232,-0.103030303030303
"2009-10-01",70.67,2.91,-0.0123474311666194,-0.181538461538462
"2009-10-02",69.8,2.32,0.00650912692797521,0.195876288659794
"2009-10-05",70.26,2.89,0.0064469914040113,0.146551724137931
"2009-10-06",70.71,3.23,-0.015798462852263,0.162629757785467
"2009-10-07",69.6,3.7,0.0295573469099138,0.1671826625387
"2009-10-08",71.69,4.24,0.000862068965517274,-0.0864864864864866
"2009-10-09",71.75,3.92,0.0207839308132235,0.00943396226415095
"2009-10-12",73.24,3.96,0.01198606271777,0.0178571428571429
"2009-10-13",74.1,4.03,0.0150191152375752,-0.0530303030303031
"2009-10-14",75.2,3.82,0.0317139001349527,0.0148883374689826
"2009-10-15",77.55,3.88,0.0131648936170214,0.0157068062827225
"2009-10-16",78.54,3.94,0.0119922630560927,0.0721649484536082
"2009-10-19",79.47,4.22,-0.00763941940412521,0.0964467005076142
"2009-10-20",78.87,4.6,0.0271800679501698,0.04739336492891
"2009-10-21",81.03,4.8,-0.00266260935717013,0.0391304347826088
"2009-10-22",80.82,4.98,-0.00876218684437855,-0.0208333333333334
"2009-10-23",80.11,4.88,-0.0185597624350408,-0.0722891566265061
"2009-10-26",78.61,4.52,0.0104855823243041,0
"2009-10-27",79.45,4.52,-0.0262053173896451,0.0154867256637169
"2009-10-28",77.39,4.59,0.0308370044052864,-0.106194690265487
"2009-10-29",79.84,4.11,-0.0361803850626696,0
"2009-10-30",77.04,4.11,0.0130260521042083,0.0510948905109489
"2009-11-02",78.08,4.32,0.0194704049844237,0.00243309002433085
"2009-11-03",79.58,4.33,0.00922131147540982,0.0370370370370371
"2009-11-04",80.3,4.49,-0.00829354109072627,-0.0438799076212472
"2009-11-05",79.64,4.3,-0.0278953922789539,-0.0779510022271714
"2009-11-06",77.4,3.95,0.0256152687091913,-0.0395348837209303
"2009-11-09",79.44,3.78,-0.00555555555555546,-0.00506329113924051
"2009-11-10",79.01,3.76,0.0018882175226585,-0.044973544973545
"2009-11-11",79.16,3.59,-0.0241741551702316,-0.0930851063829786
"2009-11-12",77.25,3.24,-0.0114957049014653,-0.203342618384401
"2009-11-13",76.34,2.51,0.0332686084142394,0.0432098765432099
"2009-11-16",78.91,2.65,0.0022268797484936,0.326693227091634
"2009-11-17",79.08,3.47,0.00595615257888733,0.10188679245283
"2009-11-18",79.55,3.74,-0.026302478502782,-0.0489913544668589
"2009-11-19",77.47,3.57,-0.00804525455688247,-0.128342245989305
"2009-11-20",76.83,3.09,-0.00438879566283727,0.196078431372549
"2009-11-23",76.49,3.79,-0.0209553559807367,-0.051779935275081
"2009-11-24",74.88,3.63,0.0309844424107727,-0.0817941952506596
"2009-11-25",77.25,3.32,-0.0158253205128205,0.0426997245179064
"2009-11-26",76.065,3.475,-0.00148867313915851,-0.0466867469879519
"2009-11-27",75.95,3.32,0.0163018471044501,0.313669064748201
"2009-11-30",77.19,4.41,0.0157998683344306,-0.033132530120482
"2009-12-01",78.39,4.3,-0.0229304314030314,0.0839002267573696
"2009-12-02",76.62,4.67,-0.00255134583492796,-0.0232558139534883
"2009-12-03",76.42,4.57,-0.0131819368311147,-0.00856531049250536
"2009-12-04",75.41,4.53,-0.019890081130594,0.0547045951859956
"2009-12-07",73.89,4.78,-0.0172390929584935,0.0706401766004414
"2009-12-08",72.59,5.1,-0.0259845716605766,0.0355648535564853
"2009-12-09",70.67,5.27,-0.00179088028654078,-0.0490196078431373
"2009-12-10",70.54,5.02,-0.00962218763265893,0.0360531309297914
"2009-12-11",69.86,5.21,-0.00538701445988085,0.0398406374501992
"2009-12-14",69.48,5.41,0.0163183509876897,0.0230326295585413
"2009-12-15",70.62,5.53,0.0290731145653425,0.00739371534195934
"2009-12-16",72.64,5.57,-0.000849617672047611,0.0144665461121157
"2009-12-17",72.58,5.65,0.00991189427312774,0.0394973070017953
"2009-12-18",73.3,5.87,-0.00812896114632135,-0.0141592920353982
"2009-12-21",72.71,5.79,0.0105047748976809,-0.0391822827938672
"2009-12-22",73.48,5.56,0.0350708293219639,-0.00172711571675299
"2009-12-23",76.03,5.55,0.0108873162765378,0.0359712230215828
"2009-12-24",76.83,5.75,-0.00526108115217666,-0.018018018018018
"2009-12-25",76.43,5.65,0.0291552778862423,0.0452173913043478
"2009-12-28",78.67,5.91,0.00261677351825203,0.0176991150442477
"2009-12-29",78.87,6.01,0.00610143637981428,-0.0389170896785109
"2009-12-30",79.35,5.78,0.000507163687080084,0.00665557404326124
"2009-12-31",79.39,5.82,-0.000252047889098879,-0.00346020761245683
"2010-01-01",79.37,5.8,0.0270814964101271,0.0498281786941581
"2010-01-04",81.52,6.09,0.00277182814665489,0.0172413793103449
"2010-01-05",81.74,6.19,0.0169283611383711,0.0459770114942528
"2010-01-06",83.12,6.47,-0.00636163445069746,0.168012924071082
"2010-01-07",82.6,7.51,0.00168431183830607,-0.146831530139104
"2010-01-08",82.74,6.56,-0.00242130750605313,-0.105193075898802
"2010-01-11",82.54,5.77,-0.0211505922165821,-0.0304878048780487
"2010-01-12",80.79,5.57,-0.0136903319602618,0.00693240901213172
"2010-01-13",79.66,5.61,-0.00383710855303877,0.0287253141831237
"2010-01-14",79.35,5.77,-0.0174491589254331,-0.0196078431372548
"2010-01-15",77.96,5.66,0.00875866414618787,0.00953206239168106
"2010-01-18",78.655,5.715,0.004168804515136,-0.0362190812720848
"2010-01-19",78.98,5.51,-0.019833449876041,0.00524934383202104
"2010-01-20",77.42,5.54,-0.0200050645733097,-0.00362976406533584
"2010-01-21",75.84,5.52,-0.0205373288555929,0.0270758122743683
"2010-01-22",74.25,5.67,0.00857067510548531,0.0163043478260869
"2010-01-25",74.9,5.76,-0.00309764309764315,-0.0264550264550264
"2010-01-26",74.67,5.61,-0.0137516688918558,-0.0329861111111112
"2010-01-27",73.64,5.42,-0.000267845185482738,-0.0178253119429589
"2010-01-28",73.62,5.32,-0.0104562737642587,-0.0110701107011071
"2010-01-29",72.85,5.26,0.0211898940505298,0.00751879699248121
"2010-02-01",74.41,5.3,0.0384351407000686,0.032319391634981
"2010-02-02",77.21,5.47,-0.00335976347265153,0.00754716981132076
"2010-02-03",76.96,5.51,-0.0496049734490351,-0.00731261425959781
"2010-02-04",73.13,5.47,-0.0257276507276506,0.0254083484573504
"2010-02-05",71.15,5.61,0.00984548065089565,0.0219378427787934
"2010-02-08",71.87,5.73,0.02586085734364,-0.0338680926916222
"2010-02-09",73.71,5.54,0.0107137887853069,-0.0104712041884816
"2010-02-10",74.48,5.48,0.0101750101750102,0.00902527075812271
"2010-02-11",75.23,5.53,-0.0150375939849625,-0.00912408759124084
"2010-02-12",74.11,5.48,0.00744383889405825,0.00452079566003607
"2010-02-15",74.67,5.505,0.0311698826069357,0.0264598540145986
"2010-02-16",76.98,5.65,0.00388375518950036,-0.0326975476839238
"2010-02-17",77.27,5.47,0.0220836580930112,-0.0123893805309733
"2010-02-18",78.97,5.4,0.0103533065872913,-0.0548446069469837
"2010-02-19",79.77,5.1,0.00341901988096759,-0.0333333333333333
"2010-02-22",80.04,4.92,-0.0179265387990473,-0.00196078431372545
"2010-02-23",78.61,4.91,0.0142428785607196,0
"2010-02-24",79.75,4.91,-0.0223890090319298,-0.0142566191446029
"2010-02-25",77.99,4.84,0.0216927899686521,-0.0162932790224033
"2010-02-26",79.72,4.76,-0.0129503782536223,0.0144628099173554
"2010-03-01",78.71,4.83,0.0114149523331662,-0.0105042016806722
"2010-03-02",79.62,4.78,0.0163892770931266,-0.0041407867494825
"2010-03-03",80.91,4.76,-0.00879176086410453,0.00418410041841014
"2010-03-04",80.21,4.78,0.0159436410826845,-0.0462184873949581
"2010-03-05",81.5,4.56,0.00436354569255697,-0.0188284518828452
"2010-03-08",81.85,4.47,-0.00429447852760729,0.00877192982456141
"2010-03-09",81.5,4.51,0.00696395846059857,-0.0156599552572706
"2010-03-10",82.07,4.44,0.000368098159509216,0.00665188470066505
"2010-03-11",82.1,4.47,-0.0102351651029608,-0.027027027027027
"2010-03-12",81.26,4.35,-0.017904993909866,-0.0134228187919462
"2010-03-15",79.79,4.29,0.0241201082943637,0.0206896551724138
"2010-03-16",81.75,4.38,0.0147888206542174,-0.0256410256410257
"2010-03-17",82.93,4.27,-0.00941896024464844,-0.0182648401826482
"2010-03-18",82.16,4.19,-0.019052212709514,-0.0421545667447308
"2010-03-19",80.58,4.01,0.00827653359298937,0.00238663484486868
"2010-03-22",81.26,4.02,0.00521221146686525,0.0149625935162096
"2010-03-23",81.68,4.08,-0.0171055870046764,-0.0149253731343285
"2010-03-24",80.29,4.02,-0.000489715964740527,-0.00245098039215681
"2010-03-25",80.25,4.01,-0.00622742558226429,-0.0223880597014925
"2010-03-26",79.75,3.92,0.0270404984423676,-0.0224438902743142
"2010-03-29",81.92,3.83,0.00275862068965516,-0.0102040816326531
"2010-03-30",82.14,3.79,0.0159912109375,0.0365535248041776
"2010-03-31",83.45,3.93,0.0131482834185537,-0.0554089709762533
"2010-04-01",84.53,3.72,-0.00647094068304381,0.0267175572519084
"2010-04-02",83.99,3.825,0.0280373831775701,0.0282258064516129
"2010-04-05",86.36,3.93,0.00214311227527095,0.0601307189542484
"2010-04-06",86.54,4.16,-0.0104214914312182,-0.0203562340966921
"2010-04-07",85.64,4.08,-0.00543101455974115,-0.0384615384615385
"2010-04-08",85.17,3.92,-0.00665576833255497,-0.00490196078431373
"2010-04-09",84.6,3.9,-0.00622284842080546,0.0357142857142857
"2010-04-12",84.07,4.04,-0.00319148936170208,-0.0179487179487179
"2010-04-13",83.8,3.97,0.0216486261448794,0.0445544554455446
"2010-04-14",85.62,4.15,-0.00441527446300721,0.00251889168765738
"2010-04-15",85.25,4.16,-0.0266292922214436,-0.0457831325301205
"2010-04-16",82.97,3.97,-0.017008797653959,0.0120192307692306
"2010-04-19",81.52,4.02,0.0175967217066411,-0.0226700251889167
"2010-04-20",82.98,3.93,-0.00245338567222771,0.00746268656716413
"2010-04-21",82.78,3.96,0.00132562063147746,-0.00254452926208646
"2010-04-22",82.89,3.95,0.0175163082870259,0.0303030303030303
"2010-04-23",84.34,4.07,-0.00168898540234046,0.0405063291139241
"2010-04-26",84.2,4.23,-0.0209864832819539,-0.0122850122850125
"2010-04-27",82.43,4.18,0.00938242280285026,0.00236406619385359
"2010-04-28",83.22,4.19,0.0236564357636783,0.0119617224880382
"2010-04-29",85.17,4.24,0.0108147080028838,-0.0715990453460621
"2010-04-30",86.07,3.94,0.00140894681225789,-0.0188679245283019
"2010-05-03",86.19,3.86,-0.0401998373416985,0.0253807106598985
"2010-05-04",82.73,3.96,-0.0316742081447964,0.0103626943005181
"2010-05-05",80,4,-0.0340867883476368,-0.00757575757575753
"2010-05-06",77.18,3.97,-0.0260000000000002,-0.015
"2010-05-07",75.1,3.91,0.023192536926665,0.0428211586901763
"2010-05-10",76.89,4.08,-0.00692410119840208,0.0179028132992328
"2010-05-11",76.37,4.15,-0.00936402653140849,0.00735294117647043
"2010-05-12",75.65,4.18,-0.0166295665837372,0.019277108433735
"2010-05-13",74.38,4.26,-0.0366159947124917,0.0023923444976076
"2010-05-14",71.61,4.27,-0.0205700457112127,0.0164319248826292
"2010-05-17",70.08,4.34,-0.00977517106549369,0.0187353629976581
"2010-05-18",69.38,4.42,0.00756278538812787,-0.032258064516129
"2010-05-19",69.91,4.28,-0.0234938022484865,-0.0361990950226245
"2010-05-20",68.28,4.12,-0.00357602631955371,0
"2010-05-21",68.03,4.12,0.00292911540714708,-0.00970873786407768
"2010-05-24",68.23,4.08,-0.0507129207702485,0
"2010-05-25",64.78,4.08,0.0987835263080755,0.0269607843137256
"2010-05-26",71.52,4.19,0.0469280642173511,0.00735294117647043
"2010-05-27",74.56,4.22,-0.00782997762863538,0.0214797136038186
"2010-05-28",74,4.31,0.00375536480686697,-0.0106635071090047
"2010-05-31",74.28,4.265,-0.0213513513513513,0.0290023201856149
"2010-06-01",72.7,4.39,0.0024232633279482,-0.0164126611957795
"2010-06-02",72.88,4.32,0.0239339752407154,0.0318906605922551
"2010-06-03",74.62,4.46,-0.0437705817782656,0.0324074074074073
"2010-06-04",71.43,4.6,0.00160814794961123,0.0156950672645741
"2010-06-07",71.55,4.67,0.00461990760184794,0.0478260869565217
"2010-06-08",71.88,4.89,0.0349406009783368,-0.0299785867237687
"2010-06-09",74.38,4.75,0.015303283249861,-0.0143149284253579
"2010-06-10",75.48,4.68,-0.021376714170476,0
"2010-06-11",73.89,4.68,0.014573396926338,0.0555555555555557
"2010-06-14",74.99,4.94,0.0250372174854515,0.0363247863247863
"2010-06-15",76.84,5.11,0.0110681424189892,0.00404858299595133
"2010-06-16",77.67,5.13,-0.011061946902655,0.00195694716242657
"2010-06-17",76.82,5.14,0.00463499420625742,0.00584795321637432
"2010-06-18",77.18,5.17,0.00859151262692003,-0.0038910505836575
"2010-06-21",77.84,5.15,-0.008940139932625,-0.0541586073500968
"2010-06-22",77.15,4.87,-0.0160585817060637,0.00582524271844665
"2010-06-23",75.9,4.9,0.000777705767984291,-0.00410677618069825
"2010-06-24",75.96,4.88,0.0328063241106721,-0.00816326530612245
"2010-06-25",78.45,4.84,-0.00250131648235911,0.00204918032786881
"2010-06-28",78.26,4.85,-0.0297004461440408,-0.0351239669421487
"2010-06-29",75.93,4.68,-0.00434449271658578,-0.0309278350515463
"2010-06-30",75.59,4.53,-0.0347688660608455,0.00213675213675209
"2010-07-01",72.95,4.54,-0.0117740441857389,0.0397350993377483
"2010-07-02",72.06,4.72,0.00610006854009586,-0.0198237885462555
"2010-07-05",72.505,4.63,-0.00756314182625592,0.0466101694915254
"2010-07-06",71.96,4.85,0.0288255982346046,-0.019438444924406
"2010-07-07",74.05,4.76,0.0195942190105614,-0.0309278350515463
"2010-07-08",75.46,4.61,0.00837272113436873,-0.0525210084033613
"2010-07-09",76.08,4.36,-0.0152398621786376,0.0130151843817787
"2010-07-12",74.93,4.42,0.0293112513144058,0.00917431192660551
"2010-07-13",77.16,4.46,-0.00186841051648206,-0.0158371040723983
"2010-07-14",77.02,4.39,-0.00453602903058572,0.00896860986547086
"2010-07-15",76.67,4.43,-0.00921838483510787,0.0569476082004556
"2010-07-16",75.96,4.68,0.00743445937133178,-0.0270880361173815
"2010-07-19",76.53,4.56,0.0104002106371774,0.00641025641025646
"2010-07-20",77.32,4.59,-0.013720109760878,0.0241228070175439
"2010-07-21",76.27,4.7,0.0354371443352303,-0.00653594771241835
"2010-07-22",79.01,4.67,-0.00432673397141731,0.00425531914893627
"2010-07-23",78.68,4.69,0.00316415643589419,-0.00856531049250536
"2010-07-26",78.93,4.65,-0.0186832740213525,0.0149253731343282
"2010-07-27",77.46,4.72,-0.00506778157861385,0.00645161290322586
"2010-07-28",77.06,4.75,0.0160082623289439,0.010593220338983
"2010-07-29",78.3,4.8,0.00713729561380739,0.00210526315789469
"2010-07-30",78.85,4.81,0.0306513409961687,0.0270833333333335
"2010-08-02",81.25,4.94,0.0161065313887127,-0.0332640332640333
"2010-08-03",82.52,4.78,-0.000369230769230783,-0.00202429149797585
"2010-08-04",82.49,4.77,-0.00593795443528835,0.0146443514644352
"2010-08-05",82,4.84,-0.0161231664444175,-0.0356394129979036
"2010-08-06",80.67,4.67,0.00963414634146332,-0.0309917355371902
"2010-08-09",81.46,4.52,-0.0151233420106607,-0.019271948608137
"2010-08-10",80.24,4.43,-0.0263933218757671,-0.0110619469026548
"2010-08-11",78.09,4.38,-0.0300348953140578,0.0090293453724605
"2010-08-12",75.68,4.42,-0.00371366372134724,-0.0159817351598174
"2010-08-13",75.39,4.35,-0.00290697674418603,0.00452488687782816
"2010-08-16",75.17,4.37,0.00782597161427249,-0.0206896551724138
"2010-08-17",75.76,4.28,-0.0049221764001597,0.0160183066361555
"2010-08-18",75.39,4.35,-0.0124076029567054,-0.014018691588785
"2010-08-19",74.45,4.29,-0.0132643586682584,-0.0229885057471264
"2010-08-20",73.45,4.19,-0.00993955674949643,-0.0163170163170164
"2010-08-23",72.71,4.12,-0.0200136147038802,-0.0119331742243436
"2010-08-24",71.24,4.07,0.0114152111126392,-0.0194174757281554
"2010-08-25",72.07,3.99,0.0181078046041551,-0.0343980343980344
"2010-08-26",73.36,3.85,0.0251144720410712,-0.025062656641604
"2010-08-27",75.17,3.75,-0.00654307524536538,0.0051948051948052
"2010-08-30",74.69,3.77,-0.0367167753092988,0.00799999999999995
"2010-08-31",71.93,3.8,0.0273128932922746,-0.0185676392572944
"2010-09-01",73.97,3.73,0.0141804532184067,0.00263157894736848
"2010-09-02",74.99,3.74,-0.00635392726781126,0
"2010-09-03",74.52,3.74,0.00313375116682224,0
"2010-09-06",74.755,3.74,-0.0103998926462693,0.0213903743315507
"2010-09-07",73.98,3.82,0.0089626111965755,-0.00267379679144379
"2010-09-08",74.65,3.81,-0.00540686672073541,-0.00523560209424084
"2010-09-09",74.25,3.79,0.0288010716677831,0
"2010-09-10",76.4,3.79,0.0103703703703703,0.0105540897097625
"2010-09-13",77.17,3.83,-0.00510471204188482,0.0395778364116095
"2010-09-14",76.78,3.98,-0.0111442270312297,0.0208877284595299
"2010-09-15",75.92,4.06,-0.0174524615785361,0.00753768844221112
"2010-09-16",74.58,4.09,-0.0125131717597471,0.00492610837438435
"2010-09-17",73.63,4.11,0.0158219361759186,-0.0244498777506114
"2010-09-20",74.81,4.01,-0.0251256281407036,-0.0145985401459853
"2010-09-21",72.96,3.95,0.000267343937976343,0.0174563591022442
"2010-09-22",72.98,4.02,0.00575657894736845,0.0151898734177216
"2010-09-23",73.4,4.08,0.0168539325842695,-0.027363184079602
"2010-09-24",74.63,3.97,0.0256130790190737,-0.0416666666666668
"2010-09-27",76.51,3.8,-0.00482379740050917,0
"2010-09-28",76.15,3.8,0.0222193177362435,0.00263157894736848
"2010-09-29",77.85,3.81,0.0275771503611295,0.0105263157894737
"2010-09-30",79.95,3.85,0.0208092485549132,-0.047244094488189
"2010-10-01",81.57,3.67,-0.00175109443402109,-0.0285714285714285
"2010-10-04",81.43,3.56,0.0171631727350741,-0.013623978201635
"2010-10-05",82.83,3.51,0.0046665847967579,0.0140449438202248
"2010-10-06",83.21,3.56,-0.0225763612217794,0.0170940170940171
"2010-10-07",81.34,3.62,0.015863477947362,-0.0730337078651686
"2010-10-08",82.66,3.36,-0.00590115564297996,0.0193370165745857
"2010-10-11",82.18,3.43,-0.00616985240745228,-0.0089285714285715
"2010-10-12",81.67,3.4,0.0165490386955464,0.0524781341107872
"2010-10-13",83.03,3.58,-0.00391820742010539,0
"2010-10-14",82.71,3.58,-0.017824882572564,-0.0307262569832402
"2010-10-15",81.23,3.47,0.0221254987305042,-0.0307262569832403
"2010-10-18",83.06,3.36,-0.0429644220115722,0
"2010-10-19",79.57,3.36,0.0284131952805203,0.0297619047619048
"2010-10-20",81.93,3.46,-0.0238783461103432,0
"2010-10-21",80.03,3.46,0.0136702062736483,-0.0780346820809249
"2010-10-22",81.15,3.19,0.0106210171185805,-0.00289017341040456
"2010-10-25",82,3.18,0.00739371534195926,0.031347962382445
"2010-10-26",82.6,3.28,-0.00853658536585352,0.0283018867924529
"2010-10-27",81.9,3.37,0.00363196125907987,-0.00304878048780495
"2010-10-28",82.2,3.36,-0.00915750915750916,0
"2010-10-29",81.45,3.36,0.0181265206812651,0.0178571428571429
"2010-11-01",82.94,3.42,0.0119091467157765,-0.0654761904761904
"2010-11-02",83.91,3.2,0.00651073064866176,0.043859649122807
"2010-11-03",84.45,3.35,0.0243117626027886,0.0562499999999999
"2010-11-04",86.49,3.53,0.00426287744227353,-0.0179104477611939
"2010-11-05",86.85,3.47,0.00254364666435425,0.0056657223796034
"2010-11-08",87.07,3.49,-0.000345423143350454,0.0778097982708932
"2010-11-09",87.04,3.76,0.00838405880326163,0.0687679083094556
"2010-11-10",87.77,4,0,-0.0718085106382979
"2010-11-11",87.77,3.73,-0.0328130340663096,-0.0575
"2010-11-12",84.89,3.5,-0.000113934146063634,0.0160857908847185
"2010-11-15",84.88,3.56,-0.0300388738367299,0.0285714285714286
"2010-11-16",82.33,3.66,-0.0223845428840715,0.0308988764044943
"2010-11-17",80.43,3.77,0.0176120490708124,0.0327868852459017
"2010-11-18",81.88,3.89,-0.00285962949148315,-0.0265251989389921
"2010-11-19",81.65,3.79,-0.0050073277967759,0.0591259640102827
"2010-11-22",81.24,4.02,-0.0055113288426208,-0.0237467018469655
"2010-11-23",80.79,3.93,0.0297882816346626,-0.0273631840796021
"2010-11-24",83.21,3.82,-0.0149771011263769,0.0139949109414759
"2010-11-25",82,3.875,0.0224732604254297,-0.0143979057591623
"2010-11-26",83.87,3.82,0.0226829268292683,0.0774193548387098
"2010-11-29",85.73,4.12,-0.0191963753427924,0.0104712041884817
"2010-11-30",84.12,4.16,0.0306777090866674,0.012135922330097
"2010-12-01",86.75,4.21,0.0146219686162625,0.0168269230769231
"2010-12-02",87.98,4.28,0.0138328530259366,-0.01187648456057
"2010-12-03",89.18,4.23,0.00170493293930429,0.05607476635514
"2010-12-06",89.33,4.47,-0.00717649697241535,0.00236406619385359
"2010-12-07",88.69,4.48,-0.00436583454606516,-0.00223713646532454
"2010-12-08",88.3,4.47,0.000563761416168645,0.0111607142857142
"2010-12-09",88.35,4.52,-0.00611551528878813,-0.0335570469798657
"2010-12-10",87.81,4.37,0.00916808149405775,0.0398230088495575
"2010-12-13",88.62,4.55,-0.00330258512697877,-0.0457665903890161
"2010-12-14",88.33,4.35,0.00372376438727148,-0.0285714285714285
"2010-12-15",88.66,4.22,-0.010755122834824,-0.00689655172413778
"2010-12-16",87.71,4.19,0.00349650349650352,-0.04739336492891
"2010-12-17",88.02,3.99,0.00752479762854875,0.0262529832935559
"2010-12-20",88.68,4.1,0.00704385366962043,0.0175438596491229
"2010-12-21",89.3,4.17,0.00597654488046911,-0.0390243902439025
"2010-12-22",89.83,4.01,0.0113101903695409,0.0167865707434053
"2010-12-23",90.84,4.08,-0.00562172993432049,-0.00872817955112223
"2010-12-24",90.335,4.045,0.00721047996477324,0.00122549019607841
"2010-12-27",90.99,4.05,0.00542425416505241,0.0123609394313967
"2010-12-28",91.48,4.1,-0.00384657654687338,0.0222222222222224
"2010-12-29",91.13,4.19,-0.0139921294271972,0.00731707317073155
"2010-12-30",89.85,4.22,0.0167892022385603,0
"2010-12-31",91.38,4.22,0.0023372287145243,0.075829383886256
"2011-01-03",91.59,4.54,-0.0240752899978114,0.0165876777251186
"2011-01-04",89.39,4.61,0.00993558248717105,-0.0198237885462557
"2011-01-05",90.3,4.52,-0.0215907819666629,-0.00650759219088923
"2011-01-06",88.37,4.49,-0.00332225913621275,-0.0154867256637169
"2011-01-07",88.07,4.42,0.0132397872581193,0.0155902004454344
"2011-01-10",89.24,4.49,0.0212331100261156,-0.0158371040723983
"2011-01-11",91.11,4.42,0.00829224562976238,0.0289532293986637
"2011-01-12",91.85,4.55,-0.00504884205904943,-0.0158371040723981
"2011-01-13",91.39,4.48,0.0015242242787153,-0.0219780219780221
"2011-01-14",91.53,4.38,-0.000765948134369268,0.0111607142857142
"2011-01-17",91.46,4.43,-0.000874030372555428,0.0205479452054794
"2011-01-18",91.38,4.52,-0.00579488300896568,-0.00902934537246031
"2011-01-19",90.85,4.48,-0.0250601882249944,0.0199115044247787
"2011-01-20",88.56,4.57,-0.0037424325811778,0.0334821428571427
"2011-01-21",88.22,4.72,-0.0167118337850046,0
"2011-01-24",86.74,4.72,-0.0188165948764452,-0.0550847457627118
"2011-01-25",85.08,4.46,0.0123357159326724,-0.0127118644067796
"2011-01-26",86.15,4.4,-0.0199811941701928,0.00224215246636767
"2011-01-27",84.45,4.41,0.0429483459082995,-0.0318181818181819
"2011-01-28",88.15,4.27,0.0336293664890466,0.034013605442177
"2011-01-31",90.99,4.42,-0.0164492342597843,0
"2011-02-01",89.54,4.42,0.00263765248928448,0.0294117647058823
"2011-02-02",89.78,4.55,-0.00402054947509492,0.0316742081447965
"2011-02-03",89.42,4.69,-0.0172644241479171,-0.0461538461538461
"2011-02-04",87.87,4.48,-0.0175575933795572,-0.0341151385927506
"2011-02-07",86.3,4.32,-0.00512120177534998,-0.0178571428571429
"2011-02-08",85.85,4.24,-0.0030127462340671,-0.00462962962962974
"2011-02-09",85.59,4.22,-0.00174723354688417,-0.025943396226415
"2011-02-10",85.44,4.11,-0.0122677882930249,-0.0355450236966826
"2011-02-11",84.39,3.96,-0.00854400749063675,-0.0170316301703163
"2011-02-14",83.66,3.89,-0.00628036497215311,0.00757575757575753
"2011-02-15",83.13,3.92,0.00800860626344731,0.00257069408740366
"2011-02-16",83.8,3.93,0.0150366895224347,-0.00765306122448986
"2011-02-17",85.05,3.9,-0.000238663484486826,-0.0152671755725191
"2011-02-18",85.03,3.84,0.000117577895355733,0.00769230769230776
"2011-02-21",85.04,3.87,0.0894978242973068,0.00520833333333334
"2011-02-22",92.65,3.89,0.0398635936030104,-0.0155038759689923
"2011-02-23",96.04,3.83,-0.00226659471127909,0
"2011-02-24",95.83,3.83,0.00718450645564346,-0.00522193211488251
"2011-02-25",96.52,3.81,0.00605238443076279,0.0313315926892951
"2011-02-28",97.1,3.93,0.0262121840033154,0
"2011-03-01",99.63,3.93,0.0271884654994851,-0.0356234096692112
"2011-03-02",102.27,3.79,-0.00351299809294384,-0.0101781170483461
"2011-03-03",101.92,3.75,0.0236628532316418,-0.0131926121372031
"2011-03-04",104.34,3.7,0.0101059654631083,0.00799999999999995
"2011-03-07",105.37,3.73,-0.00297105616254555,0.027027027027027
"2011-03-08",105.06,3.83,-0.00635854607573315,-0.00536193029490617
"2011-03-09",104.39,3.81,-0.0158004949552636,0.0156657963446475
"2011-03-10",102.73,3.87,-0.0152313439984673,-0.0236220472440946
"2011-03-11",101.14,3.78,0.000584055290567529,0.0310077519379845
"2011-03-14",101.2,3.9,-0.0392525212576626,-0.0238095238095238
"2011-03-15",97.23,3.81,0.00750988142292481,0.0128205128205128
"2011-03-16",97.99,3.86,0.0357914224004937,-0.00262467191601044
"2011-03-17",101.47,3.85,-0.00418410041841001,0.0336787564766839
"2011-03-18",101.06,3.98,0.0128116684734404,0.00259740259740266
"2011-03-21",102.36,3.99,0.0214723926380368,0.015075376884422
"2011-03-22",104.53,4.05,0.00664322000781548,0.0325814536340852
"2011-03-23",105.21,4.18,-0.00162632737013286,0.0222222222222222
"2011-03-24",105.04,4.27,-0.00142571998859429,-0.0334928229665071
"2011-03-25",104.89,4.13,-0.0128522467631378,0.0515222482435597
"2011-03-28",103.54,4.35,0.0076270378491753,-0.0193704600484262
"2011-03-29",104.34,4.27,-0.00521537570021254,-0.00459770114942519
"2011-03-30",103.8,4.25,0.0229058846080123,0.0163934426229509
"2011-03-31",106.19,4.32,0.013102119460501,0
"2011-04-01",107.55,4.32,0.00555607872681047,-0.025462962962963
"2011-04-04",108.14,4.21,-0.0029753602975361,0.00231481481481477
"2011-04-05",107.82,4.22,0.00517847235065658,-0.01187648456057
"2011-04-06",108.38,4.17,0.013355592654424,-0.0118483412322274
"2011-04-07",109.82,4.12,0.0226056467983023,-0.0167865707434053
"2011-04-08",112.27,4.05,-0.0252230923329084,0
"2011-04-11",109.5,4.05,-0.0334016210920103,0.00740740740740747
"2011-04-12",105.75,4.08,0.00776255707762552,0.0148148148148147
"2011-04-13",106.6,4.14,0.0106855791962176,-0.00490196078431362
"2011-04-14",107.73,4.12,0.0135084427767354,0.0217391304347826
"2011-04-15",109.17,4.21,-0.0229276895943562,0.00485436893203895
"2011-04-18",106.7,4.23,0.00439681231107451,-0.00950118764845607
"2011-04-19",107.18,4.19,0.0343017806935332,0.0330969267139479
"2011-04-20",110.84,4.33,0.00821048703116249,0
"2011-04-21",111.72,4.33,-0.00396968603392275,0
"2011-04-22",111.28,4.33,0.0035803795202292,0.00923787528868361
"2011-04-25",111.68,4.37,0.000359453630481596,-0.0115473441108545
"2011-04-26",111.72,4.32,0.00528295128939831,0.00686498855835226
"2011-04-27",112.31,4.35,0.000626566416040039,0.0069444444444445
"2011-04-28",112.38,4.38,0.00899296589796105,0.0298850574712643
"2011-04-29",113.39,4.51,-0.00320341697810998,0.0205479452054794
"2011-05-02",113.03,4.6,-0.0214304612399683,0
"2011-05-03",110.6,4.6,-0.0160134477572325,-0.00217391304347821
"2011-05-04",108.79,4.59,-0.0804701627486438,-0.0217391304347825
"2011-05-05",99.89,4.49,-0.0277599044029782,-0.0544662309368192
"2011-05-06",96.87,4.24,0.03453799179097,0.00890868596881961
"2011-05-09",100.32,4.28,0.0316919582946217,-0.0212264150943396
"2011-05-10",103.39,4.19,-0.0549242424242425,0.00934579439252337
"2011-05-11",97.88,4.23,0.00628687493954933,-0.0310262529832937
"2011-05-12",98.53,4.1,0.00694728238659576,-0.00236406619385338
"2011-05-13",99.21,4.09,-0.0233431442200345,0.0292682926829269
"2011-05-16",96.91,4.21,-0.00514061082552153,0.00977995110024451
"2011-05-17",96.4,4.25,0.032194819936023,-0.0237529691211401
"2011-05-18",99.52,4.15,-0.0158713692946058,-0.0117647058823531
"2011-05-19",97.99,4.1,0.0116559485530548,-0.0120481927710843
"2011-05-20",99.15,4.05,-0.0213287070109195,0.0536585365853658
"2011-05-23",97.06,4.27,0.0208774583963691,0.0246913580246915
"2011-05-24",99.13,4.37,0.0169997939418917,-0.00234192037470721
"2011-05-25",100.78,4.36,-0.00605265812569348,0.00228832951945075
"2011-05-26",100.18,4.37,0.00396904147648334,-0.00229357798165133
"2011-05-27",100.58,4.36,-0.00199640646835699,0.00114416475972538
"2011-05-30",100.38,4.365,0.0230662159475045,0.0607798165137614
"2011-05-31",102.7,4.63,-0.0239091452480574,-0.00229095074455894
"2011-06-01",100.3,4.62,0.00107108081791626,0.0043196544276457
"2011-06-02",100.41,4.64,-0.00129611166500494,0.0173160173160173
"2011-06-03",100.28,4.72,-0.0120505925704612,0.0237068965517242
"2011-06-06",99.07,4.83,0.00109692859992036,0
"2011-06-07",99.18,4.83,0.016049258100333,0
"2011-06-08",100.77,4.83,0.0118975599919339,0.0186335403726708
"2011-06-09",101.95,4.92,-0.0262975091793193,-0.0414078674948241
"2011-06-10",99.3,4.72,-0.0205983325159391,0.00609756097560981
"2011-06-13",97.2,4.75,0.021852970795569,-0.0338983050847458
"2011-06-14",99.37,4.59,-0.0467078189300412,-0.0126315789473683
"2011-06-15",94.83,4.53,0.00120760792995879,0.00217864923747272
"2011-06-16",94.95,4.54,-0.0203522092164927,-0.033112582781457
"2011-06-17",93.02,4.39,0.00221169036334921,-0.0132158590308369
"2011-06-20",93.23,4.33,0.00505267684368952,0.0091116173120729
"2011-06-21",93.7,4.37,0.0135149629947441,0.0115473441108545
"2011-06-22",94.96,4.42,-0.0454642475987192,-0.0251716247139589
"2011-06-23",90.7,4.31,0.00200084245998313,-0.0248868778280542
"2011-06-24",90.89,4.2,-0.00264608599779487,0.0116009280742459
"2011-06-27",90.65,4.25,0.0247551985917043,0.0214285714285714
"2011-06-28",92.9,4.34,0.0215113072255928,0.0141176470588236
"2011-06-29",94.85,4.4,0.00484391819160391,-0.0276497695852535
"2011-06-30",95.3,4.28,-0.00516605166051655,0.0113636363636363
"2011-07-01",94.81,4.33,0.00257082896117528,-0.00584112149532719
"2011-07-04",95.055,4.305,0.0196709207889463,0.0219399538106237
"2011-07-05",96.92,4.4,-0.00263005628320446,-0.0139372822299653
"2011-07-06",96.67,4.34,0.0209451093685514,-0.0204545454545454
"2011-07-07",98.7,4.25,-0.0258611772007862,-0.0138248847926266
"2011-07-08",96.2,4.19,-0.0105369807497468,0.0376470588235292
"2011-07-11",95.16,4.35,0.0233887733887734,0.00715990453460626
"2011-07-12",97.41,4.38,0.00662042875157639,0.0114942528735632
"2011-07-13",98.04,4.43,-0.0235088799917874,-0.002283105022831
"2011-07-14",95.75,4.42,0.0151978784169726,0.0158013544018059
"2011-07-15",97.24,4.49,-0.0135770234986945,0.0248868778280542
"2011-07-18",95.94,4.6,0.0159399424105306,0
"2011-07-19",97.49,4.6,0.0064623723160309,0.00869565217391305
"2011-07-20",98.11,4.64,0.00871884295825207,-0.0130434782608695
"2011-07-21",98.96,4.58,0.00580980532055863,-0.0258620689655173
"2011-07-22",99.53,4.46,-0.00565885206143899,-0.00218340611353707
"2011-07-25",98.97,4.45,0.00643022204360495,-0.00448430493273553
"2011-07-26",99.61,4.43,-0.0223299989895927,0.00674157303370792
"2011-07-27",97.4,4.46,0.000803132215640983,-0.0112866817155756
"2011-07-28",97.48,4.41,-0.0184804928131417,-0.0336322869955158
"2011-07-29",95.68,4.26,-0.00718096019696351,0.00680272108843543
"2011-08-01",94.98,4.29,-0.0125418060200669,0.00234741784037554
"2011-08-02",93.78,4.3,-0.0201094967361549,-0.00932400932400933
"2011-08-03",91.87,4.26,-0.054595862657283,-0.0139534883720929
"2011-08-04",86.75,4.2,0.00152389245673235,-0.0469483568075118
"2011-08-05",86.89,4,-0.0647838616714698,0
"2011-08-08",81.27,4,-0.022442168258718,0.0149999999999999
"2011-08-09",79.32,4.06,0.0458963947336041,0.00750000000000006
"2011-08-10",83.05,4.09,0.0306354009077157,-0.00738916256157642
"2011-08-11",85.48,4.06,-0.00349187236604463,0.0268948655256725
"2011-08-12",85.19,4.17,0.0314693495554515,-0.0295566502463054
"2011-08-15",87.88,4.05,-0.014438314356145,-0.00479616306954426
"2011-08-16",86.65,4.03,0.0105826126536185,-0.0123456790123457
"2011-08-17",87.58,3.98,-0.0600115406809002,0
"2011-08-18",82.38,3.98,-0.00057090659968026,0.00251256281407041
"2011-08-19",82.33,3.99,0.025370235494052,-0.00502512562814071
"2011-08-22",84.42,3.97,0.0112960038867969,0.0100250626566415
"2011-08-23",85.35,4.01,-0.00426439232409381,0.0226700251889168
"2011-08-24",84.99,4.1,0.00187463386057423,-0.0224438902743142
"2011-08-25",85.15,4.01,0.00258853982821507,-0.0121951219512195
"2011-08-26",85.37,3.96,0.022313564298297,-0.00748129675810469
"2011-08-29",87.27,3.93,0.0190933583225959,-0.0202020202020202
"2011-08-30",88.9,3.85,-0.00103128222756965,0.0305343511450382
"2011-08-31",88.81,3.97,0.00134983127109116,0.0545454545454544
"2011-09-01",88.93,4.18,-0.0279247832451301,-0.0151133501259445
"2011-09-02",86.45,4.12,0.0139435511076127,0.00717703349282303
"2011-09-05",87.69,4.15,-0.0196645459803355,-0.0533980582524272
"2011-09-06",85.99,3.93,0.0382027597217472,0.00722891566265055
"2011-09-07",89.34,3.96,-0.00337248517269457,0.00763358778625961
"2011-09-08",89.05,3.99,-0.0202596821132752,-0.00757575757575764
"2011-09-09",87.24,3.96,0.0106681639528355,-0.0100250626566416
"2011-09-12",88.19,3.92,0.0231545162769371,0.0101010101010101
"2011-09-13",90.21,3.96,-0.0147409003288354,0.0127551020408163
"2011-09-14",88.91,4.01,0.00543177031371255,0.00757575757575764
"2011-09-15",89.4,4.04,-0.0161961534135644,-0.0498753117206983
"2011-09-16",87.96,3.84,-0.0252796420581654,-0.0148514851485149
"2011-09-19",85.7,3.78,0.0138699408822192,0.015625
"2011-09-20",86.92,3.84,-0.0134189031505252,-0.0158730158730159
"2011-09-21",85.77,3.78,-0.0630464795213989,-0.0156249999999999
"2011-09-22",80.29,3.72,-0.00827795266410176,0.0052910052910053
"2011-09-23",79.58,3.74,0.00485739195416615,0.0161290322580644
"2011-09-26",79.97,3.8,0.0529027393817543,0.0320855614973262
"2011-09-27",84.18,3.92,-0.0405151931974492,-0.0105263157894737
"2011-09-28",80.94,3.88,0.0110477548111191,-0.0280612244897959
"2011-09-29",81.87,3.77,-0.0363232023721275,-0.0231958762886598
"2011-09-30",78.93,3.68,-0.0194210333455479,-0.0291777188328913
"2011-10-03",77.34,3.57,-0.0245787406562777,-0.00271739130434777
"2011-10-04",75.4,3.56,0.051848978536333,0.0196078431372549
"2011-10-05",79.41,3.63,0.0385941644562334,-0.0393258426966291
"2011-10-06",82.32,3.49,0.00478529152499697,-0.0247933884297522
"2011-10-07",82.7,3.4,0.0296404275996112,0.00286532951289405
"2011-10-10",85.14,3.41,0.00483675937122135,0.0323529411764705
"2011-10-11",85.54,3.52,-0.00281888653981688,0.00586510263929619
"2011-10-12",85.3,3.54,-0.0156651858779519,-0.0340909090909091
"2011-10-13",83.96,3.42,0.0332942555685815,0.0197740112994351
"2011-10-14",86.8,3.49,-0.00500238208670798,0.0672514619883041
"2011-10-17",86.38,3.72,0.0225806451612904,-0.0257879656160459
"2011-10-18",88.34,3.63,-0.025816161148414,-0.010752688172043
"2011-10-19",86.11,3.59,-0.000452796015395135,0.00550964187327824
"2011-10-20",86.07,3.61,0.0130066194402509,-0.0194986072423398
"2011-10-21",87.19,3.54,0.0456605088881144,0.0193905817174515
"2011-10-24",91.12,3.61,0.0213327216423902,0.00282485875706221
"2011-10-25",92.98,3.62,-0.0305092186128183,0.00831024930747917
"2011-10-26",90.2,3.65,0.0404388040438803,-0.0165745856353591
"2011-10-27",93.96,3.59,-0.00709534368070954,0.0109589041095891
"2011-10-28",93.32,3.63,-0.00138356747552145,0.00835654596100286
"2011-10-31",93.19,3.66,-0.0107158165452207,-0.046831955922865
"2011-11-01",92.19,3.49,0.00343384483313668,-0.0273224043715847
"2011-11-02",92.51,3.39,0.0169215750081352,0
"2011-11-03",94.07,3.39,0.00205383201816033,0.0147492625368731
"2011-11-04",94.26,3.44,0.0133942808546826,-0.0265486725663716
"2011-11-07",95.52,3.35,0.013579461065139,0.0203488372093023
"2011-11-08",96.8,3.42,-0.0110971524288107,0.0388059701492537
"2011-11-09",95.74,3.55,0.0210743801652893,-0.0204678362573099
"2011-11-10",97.78,3.48,0.0126383956548986,-0.0535211267605634
"2011-11-11",98.99,3.29,-0.00869298425035789,-0.0344827586206897
"2011-11-14",98.14,3.17,0.0124254975250026,-0.0151975683890577
"2011-11-15",99.37,3.12,0.0328102710413695,-0.00315457413249219
"2011-11-16",102.59,3.11,-0.0379390157995372,0
"2011-11-17",98.82,3.11,-0.0112096695584364,-0.0321543408360129
"2011-11-18",97.67,3.01,-0.00951224448492206,-0.022508038585209
"2011-11-21",96.73,2.94,0.010545715163305,0.0398671096345515
"2011-11-22",97.76,3.06,-0.0165408870050657,-0.0748299319727892
"2011-11-23",96.16,2.84,0.00818330605564645,0.0359477124183008
"2011-11-24",96.96,2.95,-0.000519966722129754,-0.0387323943661973
"2011-11-25",96.91,2.84,0.0134075907590759,0.0847457627118644
"2011-11-28",98.21,3.09,0.0163037870188836,0.105633802816902
"2011-11-29",99.79,3.39,0.00580388962427445,0.0453074433656957
"2011-11-30",100.36,3.53,-0.00160336707084875,-0.0117994100294984
"2011-12-01",100.2,3.49,0.00767237943403743,-0.0396600566572238
"2011-12-02",100.97,3.35,-0.000299401197604802,0.00859598853868189
"2011-12-05",100.94,3.38,0.00307021887689415,0.0149253731343284
"2011-12-06",101.25,3.43,-0.00792550029720623,0.00591715976331361
"2011-12-07",100.45,3.45,-0.0207407407407408,-0.00874635568513127
"2011-12-08",98.35,3.42,0.010452961672474,-0.0376811594202898
"2011-12-09",99.4,3.29,-0.0165734621250636,-0.0467836257309942
"2011-12-12",97.77,3.13,0.0248490945674044,-0.00303951367781149
"2011-12-13",100.24,3.12,-0.0544134192492584,-0.012779552715655
"2011-12-14",94.92,3.08,-0.0107741420590582,-0.00961538461538469
"2011-12-15",93.84,3.05,-0.00305520438263808,-0.012987012987013
"2011-12-16",93.55,3.01,0.00330349531116797,0.00655737704918033
"2011-12-19",93.86,3.03,0.0352752538749332,0.00996677740863796
"2011-12-20",97.16,3.06,0.014702748774771,-0.00330033003300338
"2011-12-21",98.54,3.05,0.00905722519555368,0.00980392156862753
"2011-12-22",99.42,3.08,0.00304444895473916,-0.0360655737704918
"2011-12-23",99.72,2.97,-0.00150875075437543,0.0178571428571428
"2011-12-26",99.57,3.025,0.0172482952266347,0.0218855218855219
"2011-12-27",101.29,3.09,-0.0185798935422317,-0.00661157024793389
"2011-12-28",99.44,3.07,0.00236943429756155,-0.0129449838187702
"2011-12-29",99.68,3.03,-0.00854786806114248,-0.01628664495114
"2011-12-30",98.83,2.98,0.00426364365971105,0.00825082508250822
"2012-01-02",99.255,3.005,0.037488616816756,-0.0117449664429529
"2012-01-03",102.96,2.97,0.00261951538965297,-0.00332778702163069
"2012-01-04",103.22,2.96,-0.0136946386946387,-0.0168350168350168
"2012-01-05",101.81,2.91,-0.00242201123813215,-0.0202702702702703
"2012-01-06",101.56,2.85,-0.00245555446419802,0.013745704467354
"2012-01-09",101.31,2.89,0.00915714848365491,0.0280701754385965
"2012-01-10",102.24,2.97,-0.0133254367782055,-0.055363321799308
"2012-01-11",100.89,2.81,-0.0181924882629108,-0.037037037037037
"2012-01-12",99.03,2.7,-0.00337000693824961,-0.01067615658363
"2012-01-13",98.69,2.67,0.00171665151974151,0.0055555555555556
"2012-01-16",98.86,2.685,0.0186442395379471,-0.0655430711610488
"2012-01-17",100.7,2.51,-0.000910378312765561,-0.00744878957169444
"2012-01-18",100.61,2.49,-0.00287984111221456,-0.0517928286852591
"2012-01-19",100.32,2.36,-0.0215684325613755,-0.0522088353413654
"2012-01-20",98.15,2.23,0.013157894736842,0.0677966101694916
"2012-01-23",99.47,2.39,-0.00641874681609776,0.0941704035874439
"2012-01-24",98.84,2.6,0.00392078013471399,0.00418410041840995
"2012-01-25",99.23,2.61,0.00536220153783894,0.026923076923077
"2012-01-26",99.76,2.68,-0.00292250327521925,-0.0344827586206898
"2012-01-27",99.47,2.59,-0.00721732157177224,0.0447761194029851
"2012-01-30",98.75,2.71,-0.00291545189504379,-0.0772200772200773
"2012-01-31",98.46,2.51,-0.00840506329113922,-0.0701107011070111
"2012-02-01",97.63,2.32,-0.012898639041235,-0.00796812749003985
"2012-02-02",96.36,2.3,0.0147495646829868,0.0431034482758621
"2012-02-03",97.8,2.4,-0.00944375259443749,0.0260869565217392
"2012-02-06",96.89,2.46,0.0169734151329243,0.0583333333333334
"2012-02-07",98.55,2.6,0.00258024563938487,-0.0487804878048781
"2012-02-08",98.8,2.48,0.010958904109589,0.0076923076923077
"2012-02-09",99.88,2.5,-0.0121457489878541,0.00403225806451604
"2012-02-10",98.68,2.51,0.0171205446535842,-0.0359999999999999
"2012-02-13",100.39,2.42,0.00435751925415477,0.0239043824701195
"2012-02-14",100.82,2.48,0.00996115150911445,0.0247933884297521
"2012-02-15",101.82,2.54,0.00505852013489392,-0.0282258064516128
"2012-02-16",102.33,2.47,0.00923197800039283,0.0787401574803148
"2012-02-17",103.27,2.67,-0.00459298348480405,-0.0404858299595142
"2012-02-20",102.8,2.57,0.0298247312869178,0.0224719101123596
"2012-02-21",105.88,2.63,0.00107003891050583,-0.0116731517509727
"2012-02-22",105.99,2.6,0.013694748772195,0.0304182509505704
"2012-02-23",107.44,2.68,0.0183979620718936,-0.0307692307692308
"2012-02-24",109.39,2.6,-0.0083767684288906,-0.0186567164179105
"2012-02-27",108.49,2.55,-0.0173690465307614,-0.0423076923076923
"2012-02-28",106.59,2.44,0.00451654530371458,0
"2012-02-29",107.08,2.44,0.015761328454827,0.0040983606557378
"2012-03-01",108.76,2.45,-0.019424729174449,-0.0286885245901641
"2012-03-02",106.68,2.38,0.000183891136447187,-0.0285714285714285
"2012-03-05",106.7,2.31,-0.0186539182602176,-0.004201680672269
"2012-03-06",104.71,2.3,0.013589503280225,-0.0259740259740258
"2012-03-07",106.16,2.24,0.0046795912520295,0
"2012-03-08",106.65,2.24,0.00706480783722683,-0.0133928571428573
"2012-03-09",107.4,2.21,-0.00993905297702768,-0.0178571428571429
"2012-03-12",106.34,2.17,0.00335195530726256,-0.00904977375565612
"2012-03-13",106.7,2.15,-0.0113785969531692,-0.00921658986175116
"2012-03-14",105.49,2.13,-0.00281162136832237,-0.0279069767441861
"2012-03-15",105.19,2.07,0.0174424116029956,-0.0281690140845071
"2012-03-16",107.03,2.01,0.0100770035174446,0.0628019323671499
"2012-03-19",108.09,2.14,-0.0225170512940297,0.0248756218905472
"2012-03-20",105.68,2.19,0.0110093440651309,0.00934579439252337
"2012-03-21",106.87,2.21,-0.017884178652536,-0.00913242009132421
"2012-03-22",104.98,2.19,0.0135678862168991,-0.0542986425339367
"2012-03-23",106.43,2.07,0.00609639931415495,0.041095890410959
"2012-03-26",107.07,2.16,0.00234896175890257,-0.0338164251207731
"2012-03-27",107.32,2.09,-0.0179321938918463,-0.0185185185185185
"2012-03-28",105.4,2.05,-0.0243197912784197,-0.0143540669856458
"2012-03-29",102.79,2.02,0.00227703984819729,-0.00975609756097562
"2012-03-30",103.03,2,0.0215974316567759,-0.0594059405940595
"2012-04-02",105.25,1.88,-0.0119382704066777,0.03
"2012-04-03",104.02,1.94,-0.0236579572446555,0.0638297872340426
"2012-04-04",101.53,2.06,0.0169198231109403,-0.0412371134020619
"2012-04-05",103.29,1.98,-0.00866738894907918,0.0194174757281554
"2012-04-06",102.41,2.02,0.000387259173201726,-0.0151515151515152
"2012-04-09",102.45,1.99,-0.012987012987013,0
"2012-04-10",101.12,1.99,0.0150317227916056,-0.0402010050251257
"2012-04-11",102.66,1.91,0.010185917721519,-0.0201005025125627
"2012-04-12",103.69,1.87,-0.00827975842587175,0
"2012-04-13",102.84,1.87,0.000771530523676327,0.00534759358288759
"2012-04-16",102.92,1.88,0.0127382341501362,0.0053475935828877
"2012-04-17",104.23,1.89,-0.0153517294986397,-0.0106382978723403
"2012-04-18",102.65,1.87,-0.00259042502158697,-0.0105820105820106
"2012-04-19",102.38,1.85,0.011690209449586,-0.0160427807486631
"2012-04-20",103.58,1.82,-0.00879077944911107,0.0378378378378377
"2012-04-23",102.68,1.89,0.00405483684108889,0.043956043956044
"2012-04-24",103.1,1.97,0.00603817686014808,0.0105820105820106
"2012-04-25",103.72,1.99,0.00814742967992244,0.0558375634517767
"2012-04-26",104.56,2.1,0.00289240262244502,-0.0251256281407037
"2012-04-27",104.86,2.05,0.000286916602907432,0.0238095238095239
"2012-04-30",104.89,2.1,0.0122067518596224,0.0926829268292683
"2012-05-01",106.17,2.29,-0.00877109352655164,0.00952380952380953
"2012-05-02",105.25,2.31,-0.0253367241216916,-0.00873362445414848
"2012-05-03",102.56,2.29,-0.0386698337292162,0.00432900432900424
"2012-05-04",98.49,2.3,-0.00614274570982835,0
"2012-05-07",97.86,2.3,-0.00741191999187739,-0.0130434782608695
"2012-05-08",97.13,2.27,-0.00337216431637031,0.0391304347826086
"2012-05-09",96.8,2.36,0.00308864408524655,0
"2012-05-10",97.1,2.36,-0.0110537190082644,0.00423728813559332
"2012-05-11",96.03,2.37,-0.0131822863027807,0.0169491525423729
"2012-05-14",94.75,2.41,-0.00812246173070916,-0.0126582278481014
"2012-05-15",93.97,2.38,-0.0125593667546174,0.049792531120332
"2012-05-16",92.78,2.5,-0.00266042353942748,0.0420168067226891
"2012-05-17",92.53,2.6,-0.0109937486527268,-0.016
"2012-05-18",91.51,2.56,0.011455744083,0.0153846153846154
"2012-05-21",92.57,2.6,-0.0123483772265326,-0.0195312500000001
"2012-05-22",91.44,2.55,-0.0220373771200172,0.0192307692307693
"2012-05-23",89.4,2.6,0.0104986876640419,0.0235294117647059
"2012-05-24",90.36,2.66,0.00313199105145415,-0.0384615384615385
"2012-05-25",90.64,2.56,-0.00154935812306331,0.0187969924812029
"2012-05-28",90.5,2.61,0.00275816416593116,-0.04296875
"2012-05-29",90.75,2.5,-0.0327071823204419,-0.0421455938697318
"2012-05-30",87.79,2.39,-0.0139944903581268,-0.0200000000000001
"2012-05-31",86.52,2.34,-0.0381592436496183,-0.0418410041841003
"2012-06-01",83.17,2.24,0.00901525658807214,0.034188034188034
"2012-06-04",83.95,2.32,0.00432848382830347,0.0312500000000001
"2012-06-05",84.31,2.39,0.0088147706968433,0.00862068965517242
"2012-06-06",85.05,2.41,-0.0032024670857549,-0.0334728033472804
"2012-06-07",84.78,2.33,-0.00823045267489715,-0.0456431535269709
"2012-06-08",84.08,2.22,-0.0176928520877565,0
"2012-06-11",82.58,2.22,0.00915794481446237,-0.0225225225225226
"2012-06-12",83.35,2.17,-0.00956648098813262,0.00450450450450461
"2012-06-13",82.56,2.18,0.0152369526094781,0.00921658986175116
"2012-06-14",83.83,2.2,0.00242248062015507,0.110091743119266
"2012-06-15",84.03,2.44,-0.00918525587498504,0.00454545454545465
"2012-06-18",83.26,2.45,0.00868737355706283,0.0573770491803277
"2012-06-19",83.99,2.59,-0.0351909680518856,0.00408163265306132
"2012-06-20",81.06,2.6,-0.0375044648172402,-0.0463320463320464
"2012-06-21",77.91,2.48,0.0175178879842092,0.0076923076923077
"2012-06-22",79.33,2.5,-0.00731613400077003,0.0806451612903226
"2012-06-25",78.76,2.7,0.00731123156435142,0
"2012-06-26",79.34,2.7,0.0118080243778567,0.0629629629629629
"2012-06-27",80.27,2.87,-0.0321401562893874,-0.0222222222222222
"2012-06-28",77.72,2.81,0.0911922262364521,-0.024390243902439
"2012-06-29",85.04,2.74,-0.0169840452907875,-0.00355871886121005
"2012-07-02",83.72,2.73,0.0472718720602069,0.0182481751824817
"2012-07-03",87.74,2.78,-0.0240086000955565,-0.00915750915750912
"2012-07-04",85.73,2.755,0.0157282881240027,0.052158273381295
"2012-07-05",87.11,2.9,-0.0319608071853493,0.014519056261343
"2012-07-06",84.37,2.94,0.0179083916886695,-0.0517241379310345
"2012-07-09",85.93,2.79,-0.0238236339931256,0.0272108843537415
"2012-07-10",83.92,2.87,0.0228092633538926,-0.053763440860215
"2012-07-11",85.88,2.72,0.00166825548141087,0.0383275261324041
"2012-07-12",86.02,2.83,0.0131578947368422,0.0183823529411764
"2012-07-13",87.15,2.88,0.0146477563357358,0.0141342756183746
"2012-07-16",88.41,2.92,0.0075731497418244,-0.03125
"2012-07-17",89.07,2.83,0.00916185951815408,0.0034246575342465
"2012-07-18",89.88,2.84,0.0325586617267319,0.0530035335689047
"2012-07-19",92.78,2.99,-0.0135736537605696,0.0140845070422534
"2012-07-20",91.56,3.03,-0.040849320974348,0.00668896321070235
"2012-07-23",87.77,3.05,0.00557011795543911,0.0363036303630364
"2012-07-24",88.28,3.16,0.00592457559530587,0.00983606557377043
"2012-07-25",88.8,3.19,0.00679655641141831,-0.0189873417721519
"2012-07-26",89.4,3.13,0.00822072072072061,-0.00940438871473348
"2012-07-27",90.13,3.1,-0.00369127516778522,0.012779552715655
"2012-07-30",89.8,3.14,-0.0190835459891268,0.0193548387096774
"2012-07-31",88.08,3.2,0.0101336302895323,0
"2012-08-01",88.99,3.2,-0.0200953678474114,-0.0125
"2012-08-02",87.22,3.16,0.0469715698393079,-0.078125
"2012-08-03",91.4,2.91,0.010318734235267,-0.00316455696202539
"2012-08-06",92.3,2.9,0.0150984682713349,0.0309278350515465
"2012-08-07",93.68,2.99,-0.00314192849404124,-0.00689655172413794
"2012-08-08",93.39,2.97,0,-0.0267558528428094
"2012-08-09",93.39,2.89,-0.00481850305171863,-0.0168350168350169
"2012-08-10",92.94,2.84,-0.00192740122068736,-0.0242214532871972
"2012-08-13",92.76,2.77,0.00688616311598882,0.00704225352112677
"2012-08-14",93.4,2.79,0.0102414833980163,0.0108303249097472
"2012-08-15",94.35,2.82,0.0140256959314775,-0.014336917562724
"2012-08-16",95.66,2.78,0.00360360360360364,-0.028368794326241
"2012-08-17",96,2.7,0.000313610704578728,0.0179856115107913
"2012-08-20",96.03,2.75,0.00541666666666663,0.0185185185185185
"2012-08-21",96.55,2.8,0.0035405602415912,0
"2012-08-22",96.89,2.8,-0.0105644743656136,0.00357142857142865
"2012-08-23",95.87,2.81,-0.000928888430178588,0
"2012-08-24",95.78,2.81,-0.0025033900073015,-0.00355871886121005
"2012-08-27",95.54,2.8,0.00793485069951964,-0.0320284697508896
"2012-08-28",96.3,2.71,-0.00837345614402342,-0.0249999999999999
"2012-08-29",95.5,2.64,-0.00924195223260644,0.0295202952029521
"2012-08-30",94.61,2.72,0.0194764397905759,0
"2012-08-31",96.47,2.72,-0.00982982771377225,0
"2012-09-03",95.54,2.72,-0.00207318337306938,0.0330882352941176
"2012-09-04",95.34,2.81,0.000314004605400891,0.0220588235294118
"2012-09-05",95.37,2.87,0.0022026431718061,-0.00711743772241994
"2012-09-06",95.58,2.85,0.00870294641920938,-0.0418118466898955
"2012-09-07",96.41,2.73,0.00115086838250679,-0.0245614035087719
"2012-09-10",96.52,2.66,0.00528990768592475,0.0586080586080585
"2012-09-11",97.03,2.82,-0.000103605470368888,0.0526315789473685
"2012-09-12",97.02,2.96,0.0131917963516438,0.0177304964539006
"2012-09-13",98.3,3.01,0.00659657802514946,-0.0236486486486486
"2012-09-14",98.94,2.94,-0.0247202441505594,-0.0365448504983388
"2012-09-17",96.51,2.83,-0.012734990903578,-0.0306122448979591
"2012-09-18",95.25,2.74,-0.033986115428453,-0.0141342756183746
"2012-09-19",91.97,2.7,0.00178477690288716,0.021897810218978
"2012-09-20",92.14,2.76,0.00543655539849951,0
"2012-09-21",92.64,2.76,-0.0104189277186889,0.0217391304347826
"2012-09-24",91.68,2.82,-0.00658462867012104,0.00724637681159421
"2012-09-25",91.07,2.84,-0.0125436300174519,0.0283687943262412
"2012-09-26",89.92,2.92,0.0216317118699901,0.0316901408450704
"2012-09-27",91.89,3.01,0.0032250889679716,0.0239726027397261
"2012-09-28",92.18,3.08,0.00282947001850028,0.0365448504983388
"2012-10-01",92.44,3.19,-0.00607507051421135,0.0064935064935065
"2012-10-02",91.88,3.21,-0.0399177845088706,0
"2012-10-03",88.19,3.21,0.0380931649978232,0.00623052959501558
"2012-10-04",91.69,3.23,-0.0206372604603696,0.0093457943925233
"2012-10-05",89.87,3.26,-0.00479877849274728,-0.024767801857585
"2012-10-08",89.43,3.18,0.0332702792923111,0
"2012-10-09",92.42,3.18,-0.0131946774013195,0.0251572327044024
"2012-10-10",91.24,3.26,0.0102791603549016,0.00628930817610063
"2012-10-11",92.19,3.28,-0.00394563787812362,0.0306748466257669
"2012-10-12",91.83,3.38,0.00010847163466759,-0.00914634146341457
"2012-10-15",91.84,3.35,0.00250462811717293,-0.0236686390532545
"2012-10-16",92.07,3.27,-0.000326655052264666,-0.00895522388059696
"2012-10-17",92.04,3.24,-0.000434452047355341,0.0122324159021405
"2012-10-18",92,3.28,-0.0217296827466319,0.0462962962962964
"2012-10-19",90,3.43,-0.0184782608695652,0.0182926829268293
"2012-10-22",88.3,3.49,-0.0183333333333332,-0.0437317784256561
"2012-10-23",86.65,3.34,-0.0142695356738392,0.0257879656160459
"2012-10-24",85.39,3.43,0.00230813618003465,-0.0119760479041916
"2012-10-25",85.59,3.39,0.00292774329546785,-0.0029154518950438
"2012-10-26",85.84,3.38,-0.00373875452739815,0.00589970501474927
"2012-10-29",85.52,3.4,0.00151444547996283,0.00591715976331361
"2012-10-30",85.65,3.42,0.00678203928905517,0.0235294117647059
"2012-10-31",86.23,3.5,0.00957384705195555,0
"2012-11-01",87.05,3.5,-0.0249333178708105,-0.0285714285714286
"2012-11-02",84.9,3.4,0.0085008615738081,-0.0171428571428572
"2012-11-05",85.64,3.34,0.0351001177856302,0.0205882352941177
"2012-11-06",88.62,3.41,-0.0481083605791687,0.0179640718562874
"2012-11-07",84.5,3.47,0.00643195666892342,-0.00586510263929619
"2012-11-08",85.07,3.45,0.0119526627218936,-0.0345821325648415
"2012-11-09",86.08,3.33,-0.00611261314211821,0.0202898550724637
"2012-11-12",85.56,3.4,-0.00209107806691458,0.051051051051051
"2012-11-13",85.38,3.57,0.0109864422627396,0.0264705882352942
"2012-11-14",86.32,3.66,-0.0101897399859451,-0.00840336134453789
"2012-11-15",85.45,3.63,0.0135542168674699,-0.046448087431694
"2012-11-16",86.62,3.46,0.0284376828554709,0.046831955922865
"2012-11-19",89.05,3.63,-0.0299007157700301,-0.00289017341040456
"2012-11-20",86.46,3.62,0.00696238068500847,-0.00826446280991742
"2012-11-21",87.08,3.59,-0.00358547305112193,0.00414364640883981
"2012-11-22",86.77,3.605,0.00275608635737264,-0.00417827298050143
"2012-11-23",87.01,3.59,0.00311167454189231,0.0443828016643551
"2012-11-26",87.28,3.75,-0.00540167796804964,0.00557103064066853
"2012-11-27",86.81,3.77,-0.00813473877176911,-0.016
"2012-11-28",86.1,3.71,0.0177398917175441,-0.0265251989389921
"2012-11-29",87.64,3.61,0.0104529616724739,-0.0404312668463612
"2012-11-30",88.54,3.46,0.00171154723870369,-0.00554016620498615
"2012-12-03",88.69,3.44,-0.00734131466004056,-0.0173410404624278
"2012-12-04",88.04,3.38,-0.00766715525989409,0.00872093023255821
"2012-12-05",87.36,3.41,-0.0214675147660155,0.0207100591715976
"2012-12-06",85.47,3.48,-0.000228937728937683,-0.0439882697947214
"2012-12-07",85.45,3.33,-0.00362700362700365,0.00574712643678161
"2012-12-10",85.14,3.35,0.00257460503218255,0.012012012012012
"2012-12-11",85.36,3.39,0.0116279069767441,-0.017910447761194
"2012-12-12",86.35,3.33,-0.0112464854732895,-0.0176991150442478
"2012-12-13",85.39,3.27,0.010770121598147,-0.0360360360360361
"2012-12-14",86.32,3.15,0.00456727954092986,0.0152905198776759
"2012-12-17",86.71,3.2,0.00868860055607044,0.0285714285714285
"2012-12-18",87.46,3.29,0.0187982931611119,-0.0125
"2012-12-19",89.09,3.25,0.00766064486622458,0.0303951367781155
"2012-12-20",89.76,3.35,-0.0175103827590078,0.0215384615384615
"2012-12-21",88.2,3.42,0.00100267379679148,-0.0358208955223881
"2012-12-24",88.29,3.3,-0.000510204081632672,0.0175438596491228
"2012-12-25",88.245,3.36,0.0279193566655339,-0.00303030303030297
"2012-12-26",90.71,3.35,0.00226641736075702,-0.0119047619047619
"2012-12-27",90.91,3.31,-0.00275603571822291,0.026865671641791
"2012-12-28",90.66,3.4,0.012869871301287,0.0090634441087614
"2012-12-31",91.83,3.43,-0.00645268034414288,-0.00441176470588239
"2013-01-01",91.245,3.415,0.0206359577480126,-0.033527696793003
"2013-01-02",93.14,3.3,-0.00186311578716644,-0.0322108345534407
"2013-01-03",92.97,3.19,0.00161047884904451,0.0030303030303031
"2013-01-04",93.12,3.2,0.00086049263203182,0.031347962382445
"2013-01-07",93.2,3.3,0.000107388316151105,-0.028125
"2013-01-08",93.21,3.21,-0.00139484978540768,-0.0212121212121212
"2013-01-09",93.08,3.14,0.00783177770625474,-0.0186915887850467
"2013-01-10",93.81,3.08,-0.00225612376450374,0.0318471337579618
"2013-01-11",93.6,3.18,0.00714209572540243,0.0681818181818182
"2013-01-14",94.27,3.39,-0.0107905982905982,0.00314465408805025
"2013-01-15",93.26,3.4,0.0108199851490399,0.00884955752212397
"2013-01-16",94.28,3.43,0.0129744799485309,0.00294117647058817
"2013-01-17",95.49,3.44,0.00127280441238868,0.0291545189504373
"2013-01-18",95.61,3.54,-0.000628338045868701,-0.0145348837209302
"2013-01-21",95.55,3.49,0.00564794477565115,0.03954802259887
"2013-01-22",96.09,3.63,-0.0107796964939822,-0.0286532951289399
"2013-01-23",95.06,3.53,0.00301800395462579,0.00826446280991742
"2013-01-24",95.35,3.56,-0.00210393435724793,-0.0396600566572238
"2013-01-25",95.15,3.42,0.00839014158363919,-0.047752808988764
"2013-01-28",95.95,3.25,0.0175512348922754,-0.0321637426900584
"2013-01-29",97.62,3.14,0.00375195414278269,0.0307692307692308
"2013-01-30",97.98,3.24,-0.00338045482483096,0.0286624203821656
"2013-01-31",97.65,3.33,-0.00193917125944082,0.00308641975308635
"2013-02-01",97.46,3.34,-0.0128008192524322,-0.021021021021021
"2013-02-04",96.21,3.27,0.00482249127847335,0.0209580838323353
"2013-02-05",96.68,3.34,-0.00249454318677902,0.0214067278287463
"2013-02-06",96.44,3.41,-0.00620604054613151,-0.00598802395209581
"2013-02-07",95.84,3.39,-0.00134798838656169,-0.0381231671554253
"2013-02-08",95.71,3.26,0.0135642737896495,-0.0176991150442477
"2013-02-11",97.01,3.2,0.0049106676418347,0.0306748466257668
"2013-02-12",97.48,3.3,-0.00463869704154214,-0.00312499999999993
"2013-02-13",97.03,3.29,0.00276979893311444,0.00303030303030297
"2013-02-14",97.3,3.3,-0.0139132227146243,-0.033434650455927
"2013-02-15",95.95,3.19,0.0069373072970195,0.0166666666666667
"2013-02-18",96.625,3.245,0.000677436164669075,-0.00470219435736681
"2013-02-19",96.69,3.23,-0.0183182406209573,0.0338983050847457
"2013-02-20",94.92,3.34,-0.0220291653738752,-0.0154798761609907
"2013-02-21",92.79,3.29,0.00347661188369151,-0.00598802395209581
"2013-02-22",93.12,3.27,-0.00409526888673359,0.0455927051671732
"2013-02-25",92.74,3.42,-0.00118127147766322,0.0122324159021407
"2013-02-26",92.63,3.46,0.00226439508302791,0.00877192982456148
"2013-02-27",92.84,3.49,-0.00874446723523699,-0.00289017341040469
"2013-02-28",92.03,3.48,-0.0142180094786731,0.0171919770773639
"2013-03-01",90.71,3.54,-0.0063022927306313,-0.00287356321839087
"2013-03-04",90.13,3.53,0.00826810715466872,0.0282485875706215
"2013-03-05",90.88,3.63,-0.00454898479973368,-0.0169971671388102
"2013-03-06",90.47,3.57,0.0116637323943662,-0.0082644628099173
"2013-03-07",91.53,3.54,0.0053056261744225,0.00840336134453776
"2013-03-08",92.01,3.57,0.000655522779416454,0.0197740112994351
"2013-03-11",92.07,3.64,0.00402130203238783,0.0196078431372549
"2013-03-12",92.44,3.71,0.000325839035516467,0.00274725274725281
"2013-03-13",92.47,3.72,0.0060579835569018,0.00539083557951483
"2013-03-14",93.03,3.74,0.00497458635233042,0.0403225806451613
"2013-03-15",93.49,3.89,0.00236482854993012,0.0240641711229946
"2013-03-18",93.71,3.98,-0.013584340571184,-0.0051413881748072
"2013-03-19",92.44,3.96,0.00821683918471877,0.00251256281407041
"2013-03-20",93.21,3.97,-0.00811337083513631,0.01010101010101
"2013-03-21",92.46,4.01,0.0101920394807424,0
"2013-03-22",93.41,4.01,0.0123296560674887,0.0174563591022445
"2013-03-25",94.55,4.08,0.0154159083609892,-0.0224438902743142
"2013-03-26",95.99,3.99,0.00571126388154422,0.0220588235294117
"2013-03-27",96.53,4.08,0.00739660381289711,-0.012531328320802
"2013-03-28",97.24,4.03,-0.00367761317725049,0.00612745098039203
"2013-03-29",96.885,4.055,0.00221102426984769,-0.0210918114143919
"2013-04-01",97.1,3.97,0.00134179697579615,0.0246609124537608
"2013-04-02",97.23,4.07,-0.0227600411946448,-0.0176322418136021
"2013-04-03",95.02,4,-0.0181014090301346,-0.0147420147420148
"2013-04-04",93.26,3.94,-0.0052620500947169,0.01
"2013-04-05",92.76,3.98,0.00643362642075911,0.0507614213197969
"2013-04-08",93.36,4.18,0.00884001724881422,-0.0251256281407034
"2013-04-09",94.18,4.08,0.00439160239931444,-0.0023923444976076
"2013-04-10",94.59,4.07,-0.0122106604374602,0.00980392156862746
"2013-04-11",93.44,4.11,-0.023363991965324,0.0245700245700245
"2013-04-12",91.23,4.21,-0.026541095890411,0.00486618004866191
"2013-04-15",88.75,4.23,-0.000219226131754862,-0.00950118764845607
"2013-04-16",88.73,4.19,-0.0234366197183098,0.0118203309692671
"2013-04-17",86.65,4.24,0.013298771554153,-0.00238663484486868
"2013-04-18",87.83,4.23,0.00242354298903644,0.0353773584905659
"2013-04-19",88.04,4.38,0.00876693612660817,-0.0118203309692671
"2013-04-22",88.81,4.33,0.00454338936846878,-0.0136986301369864
"2013-04-23",89.21,4.27,0.0209435874338475,-0.0046189376443417
"2013-04-24",91.07,4.25,0.0246609124537608,-0.0140515222482435
"2013-04-25",93.27,4.19,-0.00702756121664654,-0.00705882352941182
"2013-04-26",92.63,4.16,0.0156534791465638,0.0286396181384248
"2013-04-29",94.09,4.28,-0.00939220554895827,0.0048076923076922
"2013-04-30",93.22,4.3,-0.0263577425868849,0.00233644859813079
"2013-05-01",90.74,4.31,0.03175284273761,-0.00697674418604636
"2013-05-02",93.7,4.28,0.0170817720960987,-0.0696055684454757
"2013-05-03",95.25,3.98,0.00586979722518674,-0.0116822429906542
"2013-05-06",95.8,3.93,-0.0054593175853018,-0.0125628140703518
"2013-05-07",95.28,3.88,0.0100208768267223,-0.00508905852417303
"2013-05-08",96.24,3.86,-0.0015743073047858,0.00257731958762893
"2013-05-09",96.09,3.87,-0.00290939318370741,0.00777202072538855
"2013-05-10",95.81,3.9,-0.0109272556977833,-0.00775193798449607
"2013-05-13",94.76,3.87,-0.00834985909612787,0.0153846153846154
"2013-05-14",93.96,3.93,-0.000105529759392053,0.0258397932816538
"2013-05-15",93.95,4.03,0.00957854406130259,-0.00508905852417315
"2013-05-16",94.85,4.01,0.00926024481106977,-0.0297766749379652
"2013-05-17",95.72,3.89,0.00600948866631531,0.052369077306733
"2013-05-20",96.29,4.1,-0.00773088173840377,0.00771208226221086
"2013-05-21",95.55,4.13,-0.0163049122442621,0.00731707317073177
"2013-05-22",93.98,4.16,0.00146520146520147,-0.00242130750605322
"2013-05-23",94.12,4.15,-0.00297935731006598,0
"2013-05-24",93.84,4.15,0.00148746281342967,0
"2013-05-27",93.98,4.15,0.00713981244671784,0.00963855421686748
"2013-05-28",94.65,4.19,-0.0161736539689297,-0.00963855421686748
"2013-05-29",93.13,4.15,0.00464870575805597,-0.00715990453460626
"2013-05-30",93.57,4.12,-0.0176097927628045,-0.0240963855421688
"2013-05-31",91.93,4.02,0.0158170353745858,-0.00485436893203873
"2013-06-03",93.41,4,-0.000543892091808954,0
"2013-06-04",93.36,4,0.00321164757520605,-0.00249999999999995
"2013-06-05",93.66,3.99,0.0112467866323907,-0.015
"2013-06-06",94.71,3.93,0.0149476831091181,-0.0350877192982456
"2013-06-07",96.11,3.79,-0.00306197867173484,0.0152671755725191
"2013-06-10",95.82,3.85,-0.00332951826032664,-0.0211081794195251
"2013-06-11",95.5,3.77,0.00500939261114594,-0.00779220779220774
"2013-06-12",95.98,3.74,0.00712041884816746,-0.00265251989389927
"2013-06-13",96.66,3.73,0.0121900395915816,0.0080213903743315
"2013-06-14",97.83,3.76,0.000310366232153953,0.00536193029490617
"2013-06-17",97.86,3.78,0.00613308800981288,0.0319148936170213
"2013-06-18",98.46,3.9,-0.00224810954424687,0.007936507936508
"2013-06-19",98.24,3.93,-0.0340239691245175,-0.00769230769230776
"2013-06-20",94.89,3.9,-0.0109934853420195,-0.0127226463104325
"2013-06-21",93.81,3.85,0.0132785330382547,-0.0102564102564103
"2013-06-24",95.07,3.81,0.00191877198592908,-0.0103896103896104
"2013-06-25",95.25,3.77,0.00231408435889344,-0.0131233595800524
"2013-06-26",95.47,3.72,0.0160629921259843,0.00265251989389915
"2013-06-27",97,3.73,-0.00670367654760658,-0.0430107526881721
"2013-06-28",96.36,3.57,0.0162886597938144,-0.0134048257372654
"2013-07-01",97.94,3.52,0.0177459526774596,0.0168067226890756
"2013-07-02",99.65,3.58,0.023177455585052,-0.0113636363636364
"2013-07-03",101.92,3.54,-0.0113898645258405,0.00558659217877095
"2013-07-04",100.785,3.56,0.0226157770800629,-0.0112994350282486
"2013-07-05",103.09,3.52,-0.000595326685518701,0.0365168539325842
"2013-07-08",103.03,3.65,0.00417111262004067,0.0113636363636364
"2013-07-09",103.46,3.69,0.028632437154227,0
"2013-07-10",106.41,3.69,-0.0158515368258264,-0.013550135501355
"2013-07-11",104.77,3.64,0.0101494220468001,-0.00813008130081307
"2013-07-12",105.85,3.61,0.00334065094969942,0.0164835164835165
"2013-07-15",106.2,3.67,-0.00302314596126601,0.00554016620498615
"2013-07-16",105.88,3.69,0.0048022598870057,-0.00544959128065396
"2013-07-17",106.39,3.67,0.0146392142047601,-0.00271002710027095
"2013-07-18",107.94,3.66,0.000563962778456643,0.0326975476839236
"2013-07-19",108,3.78,-0.0128775245506763,-0.0191256830601092
"2013-07-22",106.61,3.71,0.00481481481481478,-0.00793650793650789
"2013-07-23",107.13,3.68,-0.0161335709595723,0.00539083557951483
"2013-07-24",105.41,3.7,0.000560067208064989,-0.00543478260869566
"2013-07-25",105.47,3.68,-0.00673560383265339,-0.0243243243243244
"2013-07-26",104.76,3.59,-0.00142220536645497,-0.0271739130434782
"2013-07-29",104.61,3.49,-0.0140320733104238,-0.00278551532033433
"2013-07-30",103.14,3.48,0.0187362584838925,-0.00573065902578797
"2013-07-31",105.1,3.46,0.0274384331975956,-0.00574712643678161
"2013-08-01",107.93,3.44,-0.00941960038059,-0.0144508670520231
"2013-08-02",106.94,3.39,-0.00305753729268969,-0.0174418604651163
"2013-08-05",106.61,3.33,-0.0120628389751263,0.00589970501474927
"2013-08-06",105.32,3.35,-0.00853578463558762,-0.00900900900900908
"2013-08-07",104.41,3.32,-0.00911507785795664,-0.0149253731343283
"2013-08-08",103.45,3.27,0.0248060530600518,0.0150602409638554
"2013-08-09",106.04,3.32,0.00144997583373602,0.00611620795107034
"2013-08-12",106.19,3.34,0.00556393813655228,0
"2013-08-13",106.78,3.34,0.00103587908465957,0.00598802395209581
"2013-08-14",106.89,3.36,0.00505712680277211,-0.00598802395209581
"2013-08-15",107.43,3.34,0.00140331181588541,0.00297619047619054
"2013-08-16",107.58,3.35,-0.00409569021688539,0.0329341317365269
"2013-08-19",107.14,3.46,-0.0208217140732478,0.00597014925373135
"2013-08-20",104.9,3.48,-0.00905357476199364,0.00867052023121382
"2013-08-21",103.93,3.51,0.00953288846520496,0.00287356321839087
"2013-08-22",104.93,3.52,0.0149138843452323,-0.0056980056980057
"2013-08-23",106.48,3.5,-0.00571809777947211,0.0142045454545454
"2013-08-26",105.88,3.55,0.0303343350864012,-0.0142857142857142
"2013-08-27",109.11,3.5,0.0100113335851908,0.0112676056338028
"2013-08-28",110.17,3.54,-0.0152140042159288,0.0114285714285714
"2013-08-29",108.51,3.58,-0.00481074702732142,-0.00282485875706221
"2013-08-30",107.98,3.57,0.00244217122845821,0.00139664804469283
"2013-09-02",108.245,3.575,0.00393591405815889,0.0182072829131653
"2013-09-03",108.67,3.64,-0.0127488567601274,0.0111888111888112
"2013-09-04",107.29,3.68,0.0111346277721542,0.0054945054945055
"2013-09-05",108.5,3.7,0.0197595302451301,-0.0407608695652175
"2013-09-06",110.62,3.55,-0.00921658986175115,0.018918918918919
"2013-09-09",109.62,3.62,-0.0193455071415657,0.00845070422535206
"2013-09-10",107.48,3.65,0.0015508118956395,-0.0138121546961325
"2013-09-11",107.65,3.6,0.00995534052847035,-0.00821917808219185
"2013-09-12",108.72,3.57,-0.00380863910822105,0.0083333333333334
"2013-09-13",108.31,3.6,-0.016280353200883,0.0112044817927171
"2013-09-16",106.54,3.64,-0.0108946542332195,0.0361111111111111
"2013-09-17",105.36,3.77,0.0269382391590014,-0.0137362637362637
"2013-09-18",108.23,3.72,-0.0186977980258162,0.00265251989389915
"2013-09-19",106.26,3.73,-0.0144137484985679,-0.0134408602150537
"2013-09-20",104.7,3.68,-0.0101637492941841,-0.00536193029490617
"2013-09-23",103.62,3.66,-0.00382043935052536,-0.0190217391304349
"2013-09-24",103.22,3.59,-0.00521134916039367,-0.0191256830601092
"2013-09-25",102.68,3.52,0.00406897888006188,-0.00835654596100273
"2013-09-26",103.1,3.49,-0.00233735878457338,0.00568181818181806
"2013-09-27",102.86,3.51,-0.00484966052376334,-0.00859598853868189
"2013-09-30",102.36,3.48,-0.0026249270853587,0.0227920227920228
"2013-10-01",102.09,3.56,0.020125048847206,0.0201149425287356
"2013-10-02",104.15,3.63,-0.00842393966108335,-0.0140449438202247
"2013-10-03",103.29,3.58,0.00518482957273156,-0.00275482093663918
"2013-10-04",103.83,3.57,-0.00735792429083169,0.0139664804469274
"2013-10-07",103.07,3.62,0.00452663006838113,0.0280112044817927
"2013-10-08",103.54,3.72,-0.0185310953720773,-0.00552486187845304
"2013-10-09",101.63,3.7,0.0140042495653854,0.010752688172043
"2013-10-10",103.08,3.74,-0.00895404900127912,0
"2013-10-11",102.17,3.74,0.00281334885525797,0.0213903743315507
"2013-10-14",102.46,3.82,-0.0128217676421649,0.00267379679144391
"2013-10-15",101.15,3.83,0.0116142885028304,0.00261780104712036
"2013-10-16",102.34,3.84,-0.0160158180919427,-0.0234986945169712
"2013-10-17",100.72,3.75,0.00146570256009386,-0.00781249999999995
"2013-10-18",100.87,3.72,-0.0157863383637808,0.0133333333333333
"2013-10-21",99.28,3.77,-0.0163576881134134,-0.0188172043010752
"2013-10-22",97.63,3.7,-0.00735294117647048,-0.0106100795755968
"2013-10-23",96.9,3.66,-0.00256068831301854,-0.00270270270270276
"2013-10-24",96.65,3.65,0.00773993808049536,0.0109289617486339
"2013-10-25",97.4,3.69,0.0138644593895498,-0.0219178082191781
"2013-10-28",98.74,3.61,-0.0046201232032853,-0.010840108401084
"2013-10-29",98.29,3.57,-0.0149888596313551,-0.00554016620498615
"2013-10-30",96.81,3.55,-0.00529046698545118,0.00560224089635855
"2013-10-31",96.29,3.57,-0.0178700547464105,-0.0338028169014084
"2013-11-01",94.56,3.45,0.000207705888461897,-0.019607843137255
"2013-11-04",94.58,3.38,-0.0124788494077833,-0.00289855072463762
"2013-11-05",93.4,3.37,0.014167900190315,0.0266272189349112
"2013-11-06",94.74,3.46,-0.00524625267665947,0.0385756676557863
"2013-11-07",94.25,3.59,0.00327211315178385,-0.0144508670520231
"2013-11-08",94.56,3.54,0.00604774535809011,0.0222841225626741
"2013-11-11",95.13,3.62,-0.0212563451776649,0.019774011299435
"2013-11-12",93.12,3.69,0.00830442552296849,0
"2013-11-13",93.91,3.69,-0.00161082474226795,-0.046070460704607
"2013-11-14",93.76,3.52,0.000425939729528187,0.010840108401084
"2013-11-15",93.8,3.56,-0.00821245733788392,0.0426136363636363
"2013-11-18",93.03,3.71,0.00341151385927498,-0.0224719101123596
"2013-11-19",93.35,3.63,-0.000107492206814908,0
"2013-11-20",93.34,3.63,0.0215318693090519,0.0137741046831957
"2013-11-21",95.35,3.68,-0.00878508677951568,0.0275482093663911
"2013-11-22",94.53,3.78,-0.00702674357629787,0.0190217391304349
"2013-11-25",93.86,3.85,-0.00476039352586484,0.0052910052910053
"2013-11-26",93.41,3.87,-0.0144896654591945,0
"2013-11-27",92.05,3.87,0.00727973450380052,0
"2013-11-28",92.73,3.87,-0.0019554589896796,0
"2013-11-29",92.55,3.87,0.0114310363420684,-0.00516795865633075
"2013-12-02",93.61,3.85,0.0239870340356564,-0.00258397932816543
"2013-12-03",95.83,3.84,0.0121781860912296,0.0129870129870131
"2013-12-04",96.97,3.89,0.00177397474694774,0.0208333333333334
"2013-12-05",97.14,3.97,0.00350623904300303,0.0462724935732648
"2013-12-06",97.48,4.15,-0.00391187976116955,0.0226700251889168
"2013-12-09",97.1,4.24,0.0125153877718506,0
"2013-12-10",98.32,4.24,-0.0110195674562306,0
"2013-12-11",97.25,4.24,-0.000406834825061089,0.0377358490566038
"2013-12-12",97.21,4.4,-0.00966580976863751,0.00943396226415095
"2013-12-13",96.27,4.44,0.0093611768336592,-0.0522727272727274
"2013-12-16",97.18,4.21,-0.00197361587202672,-0.0022522522522522
"2013-12-17",96.99,4.2,0.00617410989915629,0.01187648456057
"2013-12-18",97.59,4.25,0.00835137643055987,0
"2013-12-19",98.4,4.25,0.00727533558766261,0.0235294117647058
"2013-12-20",99.11,4.35,-0.00497967479674791,0.04
"2013-12-23",98.62,4.52,0.00252244980324892,0
"2013-12-24",98.87,4.52,-0.00126749138105861,0
"2013-12-25",98.745,4.52,0.00439971679983819,-0.0265486725663715
"2013-12-26",99.18,4.4,0.00769659223251801,-0.013274336283186
"2013-12-27",99.94,4.34,-0.0104859850776365,0.015909090909091
"2013-12-30",98.9,4.41,-0.00730438262957779,-0.023041474654378
"2013-12-31",98.17,4.31,0.00369059656218397,0.0113378684807258
"2014-01-01",98.535,4.36,-0.0345828664561475,-0.00928074245939676
"2014-01-02",95.14,4.32,-0.015020043639316,0.0160550458715595
"2014-01-03",93.66,4.39,-0.00567584612150507,0.025462962962963
"2014-01-06",93.12,4.5,0.00202861413623743,0.0182232346241458
"2014-01-07",93.31,4.58,-0.0151417525773195,-0.0488888888888888
"2014-01-08",91.9,4.36,-0.00578716107598335,-0.0458515283842795
"2014-01-09",91.36,4.15,0.0112078346028292,-0.0458715596330276
"2014-01-10",92.39,3.95,-0.0102889667250438,0.0578313253012049
"2014-01-13",91.45,4.19,0.00757657755168311,0.0430379746835443
"2014-01-14",92.15,4.36,0.0178239475123018,0.0214797136038186
"2014-01-15",93.78,4.45,-0.00260444926749859,0.0229357798165137
"2014-01-16",93.54,4.55,0.00447856685860511,-0.0359550561797753
"2014-01-17",93.96,4.39,-0.00224502886465676,0.0175824175824176
"2014-01-20",93.75,4.47,0.00808854831843343,0.0318906605922553
"2014-01-21",94.51,4.61,0.0196266666666666,0.0693512304250559
"2014-01-22",96.35,4.92,0.00931118400169305,0.156182212581345
"2014-01-23",97.23,5.64,-0.00591593149974061,-0.0955284552845528
"2014-01-24",96.66,5.17,-0.00863930885529161,0.0868794326241135
"2014-01-27",95.82,5.66,0.0172770535899028,-0.0793036750483559
"2014-01-28",97.49,5.25,-0.001565435190983,-0.00353356890459356
"2014-01-29",97.34,5.23,0.00933429069648166,0.00761904761904746
"2014-01-30",98.25,5.27,-0.00719128826792688,-0.0439770554493307
"2014-01-31",97.55,5.04,-0.0112977099236641,0
"2014-02-03",96.44,5.04,0.0082009226037929,0.146825396825397
"2014-02-04",97.24,5.78,0.00165906262961438,0.464285714285714
"2014-02-05",97.4,8.12,0.00452488687782803,-0.211072664359861
"2014-02-06",97.84,6.9,0.0219712525667351,-0.120689655172414
"2014-02-07",99.98,5.92,0.00143090760425185,0.323188405797102
"2014-02-10",100.12,8.15,-0.00160032006401291,-0.0675675675675676
"2014-02-11",99.96,7.75,0.00419496604075112,-0.219631901840491
"2014-02-12",100.38,5.96,-0.00110044017607042,-0.08
"2014-02-13",100.27,5.34,0.000398485754134352,0.0335570469798658
"2014-02-14",100.31,5.54,-0.000199461454073961,-0.0187265917602996
"2014-02-17",100.29,5.44,0.022430465556774,0.0649819494584837
"2014-02-18",102.54,5.8,0.00917339714826989,0.036764705882353
"2014-02-19",103.46,6,-0.00253559586502819,-0.00689655172413794
"2014-02-20",103.2,5.96,-0.00647593272762422,0.0466666666666667
"2014-02-21",102.53,6.24,0.0062015503875969,-0.0268456375838926
"2014-02-24",103.17,6.08,-0.0094606456646835,-0.139423076923077
"2014-02-25",102.2,5.21,0.00707570030047498,-0.0657894736842106
"2014-02-26",102.93,4.81,-0.00244618395303327,-0.038387715930902
"2014-02-27",102.68,4.61,0.00194306810453695,0.0395010395010394
"2014-02-28",102.88,4.8,0.0239579275418778,0.496746203904555
"2014-03-03",105.34,7.09,-0.0165241057542769,0.185416666666667
"2014-03-04",103.64,7.98,-0.0179419024112398,-0.214386459802539
"2014-03-05",101.75,6.46,0.000675414897722821,-0.196741854636591
"2014-03-06",101.82,4.89,0.00982800982800983,-0.0170278637770897
"2014-03-07",102.82,4.78,-0.0140443920644273,-0.0224948875255624
"2014-03-10",101.39,4.67,-0.010698307722233,0
"2014-03-11",100.29,4.67,-0.0197258112239866,0.0107066381156317
"2014-03-12",98.29,4.72,0.00279190347990814,-0.0663811563169164
"2014-03-13",98.57,4.41,0.00671482348153434,-0.00211864406779657
"2014-03-14",99.23,4.4,-0.00811605965303842,0.0385487528344671
"2014-03-17",98.43,4.57,0.016628035876247,-0.0340909090909092
"2014-03-18",100.08,4.42,0.00640048765620233,0.00218818380743978
"2014-03-19",100.71,4.43,-0.0102917665867305,-0.00904977375565612
"2014-03-20",99.68,4.39,0.00287955515837545,-0.0135440180586907
"2014-03-21",99.97,4.33,0.000802568218298538,0.020501138952164
"2014-03-24",100.05,4.42,-0.00390117035110534,0.02540415704388
"2014-03-25",99.66,4.53,0.00949525237381312,-0.0203619909502262
"2014-03-26",100.61,4.44,0.00642183423640378,-0.0110375275938191
"2014-03-27",101.25,4.39,0.00477089752509695,0.0247747747747748
"2014-03-28",101.73,4.5,-0.00158024691358035,-0.00455580865603635
"2014-03-31",101.57,4.48,-0.0184802909662833,-0.0200000000000002
"2014-04-01",99.69,4.39,-0.000886088411932691,0
"2014-04-02",99.6,4.39,0.00692145651519723,0.0273348519362187
"2014-04-03",100.29,4.51,0.00873493975903605,-0.00455580865603635
"2014-04-04",101.16,4.49,-0.00727889121547502,0.0199556541019955
"2014-04-07",100.43,4.58,0.0211546065638591,-0.00222717149220485
"2014-04-08",102.57,4.57,0.00975804042616752,0.0218340611353711
"2014-04-09",103.55,4.67,-0.00175489909330206,0
"2014-04-10",103.37,4.67,0.00299372283920813,0
"2014-04-11",103.68,4.67,0.00357937506046232,-0.00642398286937907
"2014-04-14",104.05,4.64,-0.00337577160493822,0.0107066381156318
"2014-04-15",103.7,4.69,9.61076405573369e-05,-0.0107758620689657
"2014-04-16",103.71,4.64,0.00597878495660564,0
"2014-04-17",104.33,4.64,-0.00298910423295731,0
"2014-04-18",104.02,4.64,0.00316304035272691,0.0258620689655173
"2014-04-21",104.35,4.76,-0.02557200538358,0
"2014-04-22",101.69,4.76,-0.00210828941063727,0.0105042016806722
"2014-04-23",101.47,4.81,0.00717868030288134,0
"2014-04-24",102.2,4.81,-0.0133044249531882,0.00415800415800425
"2014-04-25",100.85,4.83,0.00273972602739727,-0.0228690228690229
"2014-04-28",101.13,4.72,0.00426375805651965,0.0124223602484473
"2014-04-29",101.56,4.78,-0.0147335113220608,0.00211864406779657
"2014-04-30",100.07,4.79,-0.00374163056321382,0
"2014-05-01",99.69,4.79,0.00399720195862902,-0.0125260960334028
"2014-05-02",100.09,4.73,-0.00351088373959282,0
"2014-05-05",99.74,4.73,0.000699370566490233,0.0147991543340379
"2014-05-06",99.81,4.8,0.0125325847202727,0.00422832980972526
"2014-05-07",101.06,4.82,-0.00541027953110917,-0.0104166666666668
"2014-05-08",100.52,4.77,-0.00197902236295273,-0.0373443983402489
"2014-05-09",100.32,4.59,0.00567051333068054,-0.0146750524109015
"2014-05-12",100.89,4.52,0.0111642743221691,-0.0108932461873638
"2014-05-13",102.01,4.47,0.00614530676974914,0
"2014-05-14",102.63,4.47,-0.0087246348397216,-0.0111856823266219
"2014-05-15",101.74,4.42,0.00555393159894775,0
"2014-05-16",102.31,4.42,0.00629054452526047,0.0271493212669684
"2014-05-19",102.95,4.54,-0.00146613234287954,-0.00226244343891398
"2014-05-20",102.8,4.53,0.0146673142302089,0.00881057268722468
"2014-05-21",104.31,4.57,-0.00272373540856032,0
"2014-05-22",104.03,4.57,0.0093950723804046,-0.037199124726477
"2014-05-23",105.01,4.4,-0.00471017975583975,0.0185995623632385
"2014-05-26",104.52,4.485,0.00247595467098376,-0.0193181818181818
"2014-05-27",104.78,4.4,-0.0134902411021814,0.035674470457079
"2014-05-28",103.37,4.56,0.00849398740217599,0.015909090909091
"2014-05-29",104.26,4.63,-0.00831962851891264,-0.0307017543859648
"2014-05-30",103.4,4.49,-0.00316516401304443,0
"2014-06-02",103.07,4.49,0.00261121856866548,0.0289532293986637
"2014-06-03",103.34,4.62,-0.000679150092170441,0
"2014-06-04",103.27,4.62,-0.000967679504548039,0.00865800865800866
"2014-06-05",103.17,4.66,0.00145250314709007,0
"2014-06-06",103.32,4.66,0.0171561500436174,0.00214592274678107
"2014-06-09",105.09,4.67,-0.000677506775067822,0
"2014-06-10",105.02,4.67,0.000190313064992009,-0.0342612419700214
"2014-06-11",105.04,4.51,0.0205675109502951,0
"2014-06-12",107.2,4.51,0.00276085300837769,0.042128603104213
"2014-06-13",107.49,4.7,0.000279850746268667,0.00221729490022168
"2014-06-16",107.52,4.71,-0.00530281886687127,-0.00638297872340431
"2014-06-17",106.95,4.68,-0.00288318452380955,0
"2014-06-18",106.64,4.68,0.00411407199625991,-0.00213675213675209
"2014-06-19",107.08,4.67,0.00815828957239314,-0.0299145299145298
"2014-06-20",107.95,4.53,-0.0104594695554726,0
"2014-06-23",106.83,4.53,-0.00176007410838349,-0.00883002207505519
"2014-06-24",106.64,4.49,0.00374426659178139,0.0198675496688741
"2014-06-25",107.04,4.58,-0.00515753938484632,0
"2014-06-26",106.49,4.58,-0.000280269058295975,-0.0414847161572053
"2014-06-27",106.46,4.39,-0.00366231571039535,0
"2014-06-30",106.07,4.39,-9.39319932368111e-05,0.0182232346241458
"2014-07-01",106.06,4.47,-0.00829640803243137,0
"2014-07-02",105.18,4.47,-0.00396002262870075,-0.0357941834451902
"2014-07-03",104.76,4.31,0.00199657729606383,0.0178970917225951
"2014-07-04",104.97,4.39,-0.00744558991981673,-0.0185614849187935
"2014-07-07",104.19,4.31,-0.00123844908068968,-0.0296127562642369
"2014-07-08",104.06,4.18,-0.0108455705921873,-0.00232018561484914
"2014-07-09",102.93,4.17,0.00653469152412063,-0.00478468899521521
"2014-07-10",103.61,4.15,-0.0206936753133197,-0.00479616306954448
"2014-07-11",101.48,4.13,0.0024128945082521,0
"2014-07-14",101.73,4.13,-0.0115293653921955,0
"2014-07-15",100.56,4.13,0.0129755234444116,0.00726392251815987
"2014-07-16",101.88,4.16,0.0194908512330947,-0.0290556900726393
"2014-07-17",103.84,4.04,-9.8154691794318e-05,0.00961538461538462
"2014-07-18",103.83,4.08,0.0145416024653313,-0.051980198019802
"2014-07-21",105.34,3.87,-0.00722334585379948,-0.0147058823529412
"2014-07-22",104.59,3.81,-0.0074045946459085,0.00516795865633075
"2014-07-23",103.81,3.83,-0.0100392006884023,0
"2014-07-24",102.76,3.83,0.0237934688372989,0.00783289817232371
"2014-07-25",105.23,3.86,0.00437913585052552,-0.00522193211488251
"2014-07-28",105.68,3.84,-0.00731730495105968,-0.0129533678756476
"2014-07-29",104.91,3.79,-0.00586676760030271,-0.00260416666666673
"2014-07-30",104.29,3.78,-0.0577637975407492,0
"2014-07-31",98.23,3.78,-0.00354779940550393,-0.00264550264550259
"2014-08-01",97.86,3.77,0.00407207574060883,0.0264550264550265
"2014-08-04",98.26,3.87,-0.00940118536685062,0
"2014-08-05",97.34,3.87,-0.00417260329737428,0.0129198966408268
"2014-08-06",96.93,3.92,0.00421204027121426,0.0180878552971577
"2014-08-07",97.34,3.99,0.00278551532033422,-0.0127551020408164
"2014-08-08",97.61,3.94,0.00493116909800703,0.0150375939849624
"2014-08-11",98.09,4,-0.00747874193217912,-0.0152284263959391
"2014-08-12",97.36,3.94,0.00214089101845238,-0.01
"2014-08-13",97.57,3.9,-0.0208504519309777,-0.0126903553299492
"2014-08-14",95.54,3.85,0.0180383314543404,-0.0128205128205129
"2014-08-15",97.3,3.8,-0.0090014653548252,-0.0051948051948052
"2014-08-18",96.44,3.78,-0.0214799588900309,0.0157894736842105
"2014-08-19",94.35,3.84,0.0212567399419329,0.0105820105820106
"2014-08-20",96.4,3.88,-0.0257551669316376,0
"2014-08-21",93.97,3.88,-0.00373443983402489,0
"2014-08-22",93.61,3.88,0.0189422156007236,0.0154639175257732
"2014-08-25",95.39,3.94,0.00416622155752591,0.0128865979381444
"2014-08-26",95.78,3.99,0.000419331166788888,0.00761421319796938
"2014-08-27",95.82,4.02,0.00647316767592404,0.0100250626566416
"2014-08-28",96.44,4.06,0.0148194531413066,-0.00497512437810935
"2014-08-29",97.86,4.04,-0.00736209041891325,0.00246305418719207
"2014-09-01",97.15,4.05,-0.0432250153280197,-0.00990099009900991
"2014-09-02",92.92,4.01,0.0265568708183222,-0.0172839506172839
"2014-09-03",95.5,3.94,-0.0106543263021954,-0.00748129675810469
"2014-09-04",94.51,3.91,-0.0124607329842933,-0.0126903553299493
"2014-09-05",93.32,3.86,-0.00719500581948992,0
"2014-09-08",92.64,3.86,0.000964423489069904,0.0181347150259068
"2014-09-09",92.73,3.93,-0.0110103626943006,0.0129533678756476
"2014-09-10",91.71,3.98,0.012725115927963,-0.0101781170483461
"2014-09-11",92.89,3.94,-0.00774179478791837,-0.0301507537688442
"2014-09-12",92.18,3.82,0.0073204865970502,0.0253807106598985
"2014-09-15",92.86,3.92,0.022239097418095,-0.0183246073298429
"2014-09-16",94.91,3.85,-0.00624596166271805,0.0306122448979592
"2014-09-17",94.33,3.97,-0.0132757349067538,0.0051948051948052
"2014-09-18",93.07,3.99,-0.00678469203858779,0
"2014-09-19",92.43,3.99,-0.0104222628129366,-0.0275689223057645
"2014-09-22",91.46,3.88,0.000973709834469365,0.00501253132832081
"2014-09-23",91.55,3.9,0.0224141701290181,-0.0154639175257732
"2014-09-24",93.6,3.84,-0.000109229929000447,0.0128205128205129
"2014-09-25",93.59,3.89,0.0209401709401709,0
"2014-09-26",95.55,3.89,-0.0108986002778074,0
"2014-09-29",94.53,3.89,-0.0351648351648352,0.0642673521850899
"2014-09-30",91.17,4.14,-0.00454882048027089,0
"2014-10-01",90.74,4.14,0.00307118569704948,-0.0338164251207729
"2014-10-02",91.02,4,-0.0138858276394092,-0.0144927536231884
"2014-10-03",89.76,3.94,0.00626235992089643,-0.0125
"2014-10-06",90.33,3.89,-0.0160427807486631,-0.00253807106598991
"2014-10-07",88.89,3.88,-0.0177128307317613,0
"2014-10-08",87.29,3.88,-0.0172122848464394,-0.00257731958762881
"2014-10-09",85.76,3.87,0.0012601672585634,-0.00257731958762893
"2014-10-10",85.87,3.86,-0.00163246268656717,0.00258397932816543
"2014-10-13",85.73,3.87,-0.0466984977291255,0.0103626943005181
"2014-10-14",81.72,3.91,0.00116645281698349,-0.0258397932816538
"2014-10-15",81.82,3.81,0.00624082232011754,-0.00255754475703331
"2014-10-16",82.33,3.8,0.00574431679296014,-0.0183727034120734
"2014-10-17",82.8,3.73,-0.000485849629539561,-0.0105263157894737
"2014-10-20",82.76,3.69,0.0059178743961352,-0.0187667560321715
"2014-10-21",83.25,3.62,-0.0329869502174964,0.018970189701897
"2014-10-22",80.52,3.69,0.0275075075075076,-0.0248618784530386
"2014-10-23",82.81,3.6,-0.0191256830601094,-0.0189701897018971
"2014-10-24",81.27,3.53,-0.000120758362516494,0.0083333333333334
"2014-10-27",81.26,3.56,0.00123046634674535,-0.00849858356940517
"2014-10-28",81.36,3.53,0.0109524981540734,0.0196629213483147
"2014-10-29",82.25,3.6,-0.0146263520157325,0.0453257790368271
"2014-10-30",81.06,3.76,-0.0064437689969605,0.0166666666666667
"2014-10-31",80.53,3.82,-0.0217123118677523,0
"2014-11-03",78.77,3.82,-0.0201167266857071,-0.0392670157068063
"2014-11-04",77.15,3.67,0.0198044940967372,0.0418848167539267
"2014-11-05",78.71,3.83,-0.0108878807517821,0.0245231607629427
"2014-11-06",77.87,3.92,0.0106720874094777,0
"2014-11-07",78.71,3.92,-0.0164376524977525,0.0663265306122448
"2014-11-10",77.43,4.18,0.00533604370473876,0
"2014-11-11",77.85,4.18,-0.00891127469972876,0.00478468899521542
"2014-11-12",77.16,4.2,-0.0389210019267823,0
"2014-11-13",74.13,4.2,0.0230689476412649,-0.0357142857142858
"2014-11-14",75.91,4.05,-0.00364225010117356,0.05
"2014-11-17",75.64,4.26,-0.0143591094717429,0.017283950617284
"2014-11-18",74.55,4.33,0,0.0187793427230047
"2014-11-19",74.55,4.41,0.014486921529175,0
"2014-11-20",75.63,4.41,0.0119382964453387,-0.0204081632653061
"2014-11-21",76.52,4.32,-0.0103133677112257,-0.052154195011338
"2014-11-24",75.74,4.09,-0.0222164140094092,0
"2014-11-25",74.04,4.09,-0.00448904145761821,0.0146699266503669
"2014-11-26",73.7,4.15,0.00229605618584551,-0.00733496332518343
"2014-11-27",73.87,4.12,-0.107598371777476,0.0433734939759035
"2014-11-28",65.94,4.3,0.0411533775551646,0
"2014-12-01",68.98,4.3,-0.0301789505611163,-0.123255813953488
"2014-12-02",66.99,3.77,0.00449405624818791,-0.0325581395348837
"2014-12-03",67.3,3.63,-0.00850873264666358,0
"2014-12-04",66.73,3.63,-0.012481426448737,-0.0578512396694215
"2014-12-05",65.89,3.42,-0.0413607073280383,0
"2014-12-08",63.13,3.42,0.00925785399908938,0.0614035087719298
"2014-12-09",63.74,3.63,-0.0435609060668462,0.00584795321637427
"2014-12-10",60.99,3.65,-0.0153749607781613,0.00826446280991742
"2014-12-11",60.01,3.68,-0.0360714871290375,0.063013698630137
"2014-12-12",57.81,3.91,-0.0308281953007832,-0.0516304347826087
"2014-12-15",55.96,3.72,0.000172980453208753,-0.0358056265984655
"2014-12-16",55.97,3.58,0.00822015725518229,0.0376344086021506
"2014-12-17",56.43,3.72,-0.0402001072002859,-0.00279329608938554
"2014-12-18",54.18,3.71,0.0483785220627325,0
"2014-12-19",56.91,3.71,-0.0306386120339608,-0.177897574123989
"2014-12-22",55.25,3.05,0.0268845545598313,-0.0161725067385444
"2014-12-23",56.78,2.99,-0.0195475113122172,0
"2014-12-24",55.7,2.99,0.00951039098274039,0
"2014-12-25",56.24,2.99,-0.0296229802513465,-0.0836120401337793
"2014-12-26",54.59,2.74,-0.0200924608819346,0.110367892976588
"2014-12-29",53.46,3.07,0.0124564938633449,0.0255474452554746
"2014-12-30",54.14,3.14,-0.0129068462401795,0
"2014-12-31",53.45,3.14,0.00637236793498335,0
"2015-01-01",53.795,3.14,-0.0201122544434051,-0.0414012738853504
"2015-01-02",52.72,3.01,-0.0496328655079469,0.0668789808917199
"2015-01-05",50.05,3.22,-0.0392640364188164,-0.0797342192691031
"2015-01-06",47.98,2.98,0.0141858141858142,0.031055900621118
"2015-01-07",48.69,3.08,0.00229262192580241,-0.0536912751677853
"2015-01-08",48.8,2.92,-0.00924214417744908,0.012987012987013
"2015-01-09",48.35,2.96,-0.0469262295081967,-0.0205479452054795
"2015-01-12",46.06,2.9,-0.00289555325749743,0.00675675675675676
"2015-01-13",45.92,2.92,0.0557967867998263,0.0793103448275862
"2015-01-14",48.49,3.15,-0.0461672473867597,0.0582191780821918
"2015-01-15",46.37,3.32,0.0437203547123119,-0.0666666666666667
"2015-01-16",48.49,3.11,-0.0228596075048523,0.0316265060240964
"2015-01-19",47.43,3.215,-0.0131985976489998,-0.0884244372990353
"2015-01-20",46.79,2.94,0.022348724436011,0
"2015-01-21",47.85,2.94,-0.0410344090617654,0.00340136054421777
"2015-01-22",45.93,2.95,-0.0140020898641589,0.00340136054421761
"2015-01-23",45.26,2.96,-0.0100152405834966,-0.0135593220338983
"2015-01-26",44.8,2.92,0.0229783473265578,0.0135135135135135
"2015-01-27",45.84,2.96,-0.0392857142857144,-0.023972602739726
"2015-01-28",44.08,2.89,0.000872600349040121,-0.00337837837837846
"2015-01-29",44.12,2.88,0.0832577132486389,0
"2015-01-30",47.79,2.88,0.0330915684496827,0
"2015-02-02",49.25,2.88,0.0793052939945595,-0.0729166666666667
"2015-02-03",53.04,2.67,-0.0931979695431471,0.0208333333333334
"2015-02-04",48.45,2.73,0.0382730015082955,-0.0262172284644194
"2015-02-05",50.48,2.66,0.0243550051599587,0
"2015-02-06",51.66,2.66,0.0263470681458004,-0.0150375939849624
"2015-02-09",52.99,2.62,-0.056716995741386,0.0187969924812029
"2015-02-10",50.06,2.67,-0.0237780713342141,0.0725190839694656
"2015-02-11",48.8,2.86,0.0473431881741911,0
"2015-02-12",51.17,2.86,0.0305327868852458,-0.0384615384615384
"2015-02-13",52.66,2.75,-0.0145593120969317,0.0192307692307693
"2015-02-16",51.915,2.805,0.0312381314090392,-0.0200000000000001
"2015-02-17",53.56,2.75,-0.0275450255224887,0.0606060606060606
"2015-02-18",52.13,2.92,-0.0188573562359971,0
"2015-02-19",51.12,2.92,-0.0224438902743141,0.0342465753424658
"2015-02-20",49.95,3.02,-0.00762910798122067,0.0684931506849316
"2015-02-23",49.56,3.22,-0.0216216216216217,0
"2015-02-24",48.48,3.22,0.0357142857142858,-0.00310559006211187
"2015-02-25",50.25,3.21,-0.0536303630363037,0
"2015-02-26",47.65,3.21,0.0435820895522389,-0.130841121495327
"2015-02-27",49.84,2.79,-0.00524658971668416,0
"2015-03-02",49.59,2.79,0.0168539325842696,0.0752688172043011
"2015-03-03",50.43,3,0.0221818915103852,0.0967741935483871
"2015-03-04",51.53,3.27,-0.0152686892722586,0
"2015-03-05",50.76,3.27,-0.0223170968367941,-0.116207951070336
"2015-03-06",49.61,2.89,0.00669818754925145,-0.0428134556574924
"2015-03-09",49.95,2.75,-0.0308405563394477,0.00346020761245667
"2015-03-10",48.42,2.76,-0.0072072072072072,0
"2015-03-11",48.06,2.76,-0.0194134655101199,0.0217391304347826
"2015-03-12",47.12,2.82,-0.0466084061589679,-0.0362318840579709
"2015-03-13",44.88,2.72,-0.0201612903225807,-0.0141843971631206
"2015-03-16",43.93,2.68,-0.0120320855614973,0.051470588235294
"2015-03-17",43.39,2.82,0.028226724334168,-0.00746268656716419
"2015-03-18",44.63,2.8,-0.0140585388338327,0.0212765957446809
"2015-03-19",44.02,2.86,0.044364777055792,0
"2015-03-20",46,2.86,0.0318037255792821,-0.0489510489510488
"2015-03-23",47.4,2.72,-0.00804347826086951,0.0244755244755244
"2015-03-24",47.03,2.79,0.0362869198312236,-0.00735294117647059
"2015-03-25",48.75,2.77,0.0565596427812034,0
"2015-03-26",51.41,2.77,-0.0529230769230769,0.0433212996389892
"2015-03-27",48.83,2.89,-0.00330674965959933,-0.0902527075812274
"2015-03-30",48.66,2.64,-0.0192504607823059,0.00346020761245667
"2015-03-31",47.72,2.65,0.0493218249075216,-0.0113636363636363
"2015-04-01",50.12,2.62,-0.0207460184409052,0.0037735849056603
"2015-04-02",49.13,2.63,0.00987629688747002,-0.00190839694656484
"2015-04-03",49.625,2.625,0.0499694687563606,0.00190114068441061
"2015-04-06",52.08,2.63,0.0376826196473553,0.0304761904761905
"2015-04-07",53.95,2.71,-0.0673963133640554,0
"2015-04-08",50.44,2.71,0.00648748841519928,0.00369003690036909
"2015-04-09",50.79,2.72,0.0166534496431404,-0.0516605166051661
"2015-04-10",51.63,2.58,0.00630045284504824,0
"2015-04-13",51.95,2.58,0.0261475886112724,0
"2015-04-14",53.3,2.58,0.0567853705486045,0.0155038759689923
"2015-04-15",56.25,2.62,0.00825515947467163,-0.00387596899224815
"2015-04-16",56.69,2.61,-0.0174222222222222,0.0229007633587786
"2015-04-17",55.71,2.67,0.0116422649497265,-0.0383141762452108
"2015-04-20",56.37,2.57,-0.0141805779931789,0.00749063670411986
"2015-04-21",55.58,2.59,0.0104665602270712,0.0155642023346304
"2015-04-22",56.17,2.63,0.00755667506297232,-0.0154440154440155
"2015-04-23",56.59,2.59,-0.0108598896207941,0
"2015-04-24",55.98,2.59,-0.00742180597278662,-0.0347490347490347
"2015-04-27",55.56,2.5,0.0266166488031439,0.0193050193050192
"2015-04-28",57.05,2.55,0.0269978401727862,0
"2015-04-29",58.55,2.55,0.0187554776511832,0.00392156862745107
"2015-04-30",59.62,2.56,-0.00888129803586671,0.0470588235294118
"2015-05-01",59.1,2.68,-0.00301912110030191,0.015625
"2015-05-04",58.92,2.72,0.0247038917089679,0.0149253731343282
"2015-05-05",60.38,2.76,0.00933469110658515,0
"2015-05-06",60.93,2.76,-0.032129844319311,-0.00724637681159405
"2015-05-07",58.99,2.74,0.00689315608074831,0.0144927536231883
"2015-05-08",59.41,2.78,-0.00305136463807424,0.0255474452554746
"2015-05-11",59.23,2.85,0.0250799528698873,0
"2015-05-12",60.72,2.85,-0.00371433395238897,0
"2015-05-13",60.5,2.85,-0.0100461133069829,0.00701754385964913
"2015-05-14",59.89,2.87,-0.00264462809917361,0.031578947368421
"2015-05-15",59.73,2.96,-0.00484221071965268,0.0174216027874564
"2015-05-18",59.44,3.01,-0.0358278921814834,0
"2015-05-19",57.3,3.01,0.0279273216689099,0.00996677740863796
"2015-05-20",58.96,3.04,0.0212914485165794,-0.026578073089701
"2015-05-21",60.18,2.96,-0.0220488466757123,0
"2015-05-22",58.88,2.96,0.0108009305417082,0
"2015-05-25",59.53,2.96,-0.0380434782608696,-0.0472972972972973
"2015-05-26",57.29,2.82,0.00369561565597176,0
"2015-05-27",57.51,2.82,0.00314190958282422,-0.0141843971631206
"2015-05-28",57.69,2.78,0.0445139975656408,0
"2015-05-29",60.25,2.78,-0.000173340266943977,0
"2015-06-01",60.24,2.78,0.0175933609958505,-0.0539568345323741
"2015-06-02",61.3,2.63,-0.0270584329349269,0.00719424460431655
"2015-06-03",59.67,2.65,-0.0272430668841762,-0.0190114068441064
"2015-06-04",58,2.6,0.0186023127199598,0
"2015-06-05",59.11,2.6,-0.016551724137931,0
"2015-06-08",58.15,2.6,0.0338352224665877,0.0461538461538462
"2015-06-09",60.15,2.72,0.0208082545141875,0.0346153846153846
"2015-06-10",61.36,2.81,-0.0103075644222776,0.025735294117647
"2015-06-11",60.74,2.88,-0.0127118644067797,0
"2015-06-12",59.96,2.88,-0.00707935462627593,0.0034722222222223
"2015-06-15",59.53,2.89,0.00800533689126079,0.017361111111111
"2015-06-16",60.01,2.94,-0.00201579035780275,-0.00346020761245667
"2015-06-17",59.89,2.93,0.00866522246292278,0
"2015-06-18",60.41,2.93,-0.0131908498914677,-0.0409556313993174
"2015-06-19",59.62,2.81,0.00645588478728688,-0.00682593856655291
"2015-06-22",60.01,2.79,0.0174438108017444,0.0142348754448399
"2015-06-23",61.05,2.83,-0.0173304449258457,0
"2015-06-24",60.01,2.83,-0.00687960687960679,-0.010600706713781
"2015-06-25",59.59,2.8,-0.00299950008331956,-0.0106007067137809
"2015-06-26",59.41,2.77,-0.0179560328914246,0
"2015-06-29",58.34,2.77,0.0191886887729337,0.0108303249097472
"2015-06-30",59.48,2.8,-0.0435378813849846,-0.0072202166064982
"2015-07-01",56.94,2.78,-0.000168123739071924,0.00357142857142865
"2015-07-02",56.93,2.79,8.7811731647393e-05,0
"2015-07-03",56.935,2.79,-0.0782539961356052,0
"2015-07-06",52.48,2.79,-0.00263458329674187,-0.00716845878136201
"2015-07-07",52.33,2.77,-0.0137195121951219,0
"2015-07-08",51.61,2.77,0.0219759220332505,-0.0252707581227436
"2015-07-09",52.76,2.7,-0.000387521798101066,0
"2015-07-10",52.74,2.7,-0.0104245640636847,0.0666666666666666
"2015-07-13",52.19,2.88,0.0163064087978764,0
"2015-07-14",53.05,2.88,-0.0316152519639777,0.0173611111111112
"2015-07-15",51.4,2.93,-0.00942507068803016,-0.0104166666666668
"2015-07-16",50.9,2.9,-0.000389105058365681,-0.00682593856655291
"2015-07-17",50.88,2.88,-0.0151277013752456,0
"2015-07-20",50.11,2.88,0.00943396226415102,-0.0138888888888889
"2015-07-21",50.59,2.84,-0.0263420474955099,0
"2015-07-22",49.27,2.84,-0.0229294326942084,0.0281690140845071
"2015-07-23",48.11,2.92,-0.00263852242744069,0
"2015-07-24",47.98,2.92,-0.0168364165454167,0
"2015-07-27",47.17,2.92,0.0166736140058357,-0.0102739726027397
"2015-07-28",47.97,2.89,0.0169599321602714,0.00684931506849316
"2015-07-29",48.77,2.91,-0.00500312695434651,-0.013840830449827
"2015-07-30",48.53,2.87,-0.0291162599958991,-0.0378006872852235
"2015-07-31",47.11,2.76,-0.0383268081599011,0
"2015-08-03",45.25,2.76,0.0106134578645723,0.0253623188405798
"2015-08-04",45.75,2.83,-0.0137016574585635,0.00724637681159421
"2015-08-05",45.13,2.85,-0.00961748633879792,-0.0318021201413429
"2015-08-06",44.69,2.76,-0.0181697318856636,0
"2015-08-07",43.87,2.76,0.0239427164913851,0.032608695652174
"2015-08-10",44.94,2.85,-0.0417141554593116,-0.00362318840579719
"2015-08-11",43.11,2.84,0.00244770805518468,0.0315789473684212
"2015-08-12",43.22,2.93,-0.0220366504291347,0
"2015-08-13",42.27,2.93,0.00416473854696899,-0.0341296928327645
"2015-08-14",42.45,2.83,-0.012301868937781,-0.0136518771331058
"2015-08-17",41.93,2.79,0.0153121319199057,-0.0282685512367491
"2015-08-18",42.58,2.71,-0.0436441688528499,0.021505376344086
"2015-08-19",40.75,2.77,0.0058713010803194,0
"2015-08-20",41,2.77,-0.0134969325153374,-0.0252707581227436
"2015-08-21",40.45,2.7,-0.0543902439024391,-0.0180505415162456
"2015-08-24",38.22,2.65,0.022991347342398,0.0222222222222222
"2015-08-25",39.15,2.71,-0.0170068027210884,0.00754716981132076
"2015-08-26",38.5,2.73,0.101404853128991,-0.014760147601476
"2015-08-27",42.47,2.69,0.0732467532467533,0
"2015-08-28",45.29,2.69,0.0920649870496822,0.00371747211895919
"2015-08-31",49.2,2.7,-0.0843453300949437,0
"2015-09-01",45.38,2.7,0.0186991869918698,0
"2015-09-02",46.3,2.7,0.00991626267078014,-0.0111111111111112
"2015-09-03",46.75,2.67,-0.0157667386609071,0
"2015-09-04",46.02,2.67,0.00780748663101593,0
"2015-09-07",46.385,2.67,-0.0101043024771838,0.0262172284644196
"2015-09-08",45.92,2.74,-0.0385900614422766,0
"2015-09-09",44.13,2.74,0.0374564459930313,-0.0109489051094891
"2015-09-10",45.85,2.71,-0.0249263539542262,-0.0145985401459854
"2015-09-11",44.75,2.67,-0.0148309705561614,0.0110701107011071
"2015-09-14",44.07,2.7,0.0113966480446927,0.0149812734082397
"2015-09-15",44.58,2.74,0.0576355797594735,-0.0185185185185186
"2015-09-16",47.12,2.69,-0.0042620008972633,0
"2015-09-17",46.93,2.69,-0.0471137521222411,0
"2015-09-18",44.71,2.69,0.0417643298529725,-0.0297397769516729
"2015-09-21",46.67,2.61,-0.0111831804965332,0
"2015-09-22",46.17,2.61,-0.035140347118063,0.00383141762452116
"2015-09-23",44.53,2.62,0.00888022525449419,0
"2015-09-24",44.94,2.62,0.0136986301369863,-0.00763358778625955
"2015-09-25",45.55,2.6,-0.0255896751223854,0.0229007633587786
"2015-09-28",44.4,2.66,0.0184412733260154,-0.0346153846153847
"2015-09-29",45.24,2.57,-0.00405405405405405,-0.0375939849624059
"2015-09-30",45.06,2.47,-0.00685234305923966,-0.0389105058365759
"2015-10-01",44.75,2.37,0.0175321793164669,0
"2015-10-02",45.54,2.37,0.0165363128491621,-0.0126582278481014
"2015-10-05",46.28,2.34,0.0494071146245059,0.00421940928270052
"2015-10-06",48.53,2.35,-0.0144770959377701,0
"2015-10-07",47.86,2.35,0.0329692973418504,0
"2015-10-08",49.46,2.35,0.00438779774341832,0.0595744680851064
"2015-10-09",49.67,2.49,-0.052163364334816,-0.00425531914893627
"2015-10-12",47.09,2.48,-0.00785182202536744,-0.00401606425702803
"2015-10-13",46.7,2.47,-0.00148651518369081,0
"2015-10-14",46.63,2.47,-0.00535331905781585,0.0283400809716599
"2015-10-15",46.38,2.54,0.019729787690328,-0.048582995951417
"2015-10-16",47.3,2.42,-0.029969814575248,0.00393700787401584
"2015-10-19",45.91,2.43,-0.00147991543340366,0.012396694214876
"2015-10-20",45.84,2.46,-0.0135046830755828,-0.037037037037037
"2015-10-21",45.22,2.37,-0.00698080279232112,0
"2015-10-22",44.9,2.37,-0.0218929677134012,-0.0379746835443039
"2015-10-23",43.91,2.28,-0.0160356347438753,-0.0421940928270041
"2015-10-26",43.19,2.18,0.000455477112275179,-0.0175438596491228
"2015-10-27",43.21,2.14,0.0629775410974762,0
"2015-10-28",45.93,2.14,0.00208285119185382,0.00467289719626158
"2015-10-29",46.02,2.15,0.0126279120400609,-0.0794392523364486
"2015-10-30",46.6,1.98,-0.0104302477183834,-0.0279069767441861
"2015-11-02",46.12,1.92,0.0377682403433477,0
"2015-11-03",47.88,1.92,-0.0338248048568951,0.0625000000000001
"2015-11-04",46.32,2.04,-0.0219298245614034,0
"2015-11-05",45.27,2.04,-0.0205094991364422,0.0735294117647058
"2015-11-06",44.32,2.19,-0.00994035785288277,0
"2015-11-09",43.87,2.19,0.00812274368231046,-0.0228310502283104
"2015-11-10",44.23,2.14,-0.0291771142010484,-0.00456621004566221
"2015-11-11",42.95,2.13,-0.0273569975130002,-0.0373831775700935
"2015-11-12",41.74,2.05,-0.0244470314318977,-0.0140845070422534
"2015-11-13",40.69,2.02,0.0237182558696694,0
"2015-11-16",41.68,2.02,-0.0233472597689851,0.0148514851485148
"2015-11-17",40.73,2.05,0.000479846449136351,0.0247524752475249
"2015-11-18",40.75,2.1,-0.00491038546525909,0
"2015-11-19",40.55,2.1,-0.0284662576687116,0.0380952380952381
"2015-11-20",39.39,2.18,-0.00295930949445123,0
"2015-11-23",39.27,2.18,0.0411271896420411,-0.018348623853211
"2015-11-24",40.89,2.14,0.00840336134453777,0
"2015-11-25",41.22,2.14,-0.004035216434336,0
"2015-11-26",41.055,2.14,-0.0117661329451722,0
"2015-11-27",40.57,2.14,-0.00341005967604434,-0.0140186915887852
"2015-11-30",40.43,2.11,0.00369731328567904,0
"2015-12-01",40.58,2.11,-0.0160771704180064,0.037914691943128
"2015-12-02",39.93,2.19,0.0283390832922622,-0.0236966824644549
"2015-12-03",41.08,2.14,-0.0270473328324568,-0.0182648401826484
"2015-12-04",40,2.1,-0.0574488802336903,-0.0186915887850467
"2015-12-07",37.64,2.06,-0.00449999999999999,-0.0238095238095239
"2015-12-08",37.46,2.01,-0.00797024442082902,-0.00485436893203873
"2015-12-09",37.16,2,-0.0106780565936999,-0.0248756218905473
"2015-12-10",36.76,1.95,-0.0298708288482239,-0.08
"2015-12-11",35.65,1.79,0.0179542981501633,-0.0461538461538462
"2015-12-14",36.31,1.7,0.0283309957924263,-0.0223463687150838
"2015-12-15",37.32,1.66,-0.048746901679978,0.0235294117647059
"2015-12-16",35.55,1.7,-0.0152733118971061,0.0542168674698796
"2015-12-17",34.98,1.79,-0.00731364275668068,-0.0294117647058824
"2015-12-18",34.72,1.74,-0.00485991995425963,0.0111731843575419
"2015-12-21",34.55,1.76,0.0452188940092166,-0.0172413793103448
"2015-12-22",36.12,1.73,0.0185238784370478,-0.0568181818181819
"2015-12-23",36.76,1.63,0.0238095238095238,0
"2015-12-24",37.62,1.63,-0.0116974972796518,0
"2015-12-25",37.19,1.63,-0.0220627325890483,0.294478527607362
"2015-12-28",36.36,2.11,0.0408712019360044,0.171779141104295
"2015-12-29",37.88,2.39,-0.0354785478547855,-0.0521327014218011
"2015-12-30",36.59,2.28,0.0142555438225977,0
"2015-12-31",37.13,2.28,-0.00737906531839309,0
"2016-01-01",36.86,2.28,-0.00134661998384048,0.0482456140350879
"2016-01-04",36.81,2.39,-0.0227889310906132,-0.0263157894736842
"2016-01-05",35.97,2.33,-0.054333061668025,0.0167364016736402
"2016-01-06",33.97,2.37,-0.0189046427578538,-0.00858369098712447
"2016-01-07",33.29,2.35,-0.00264939652634667,0.0506329113924051
"2016-01-08",33.2,2.47,-0.0534695103634725,0.0297872340425531
"2016-01-11",31.42,2.54,-0.0301204819277108,-0.0566801619433199
"2016-01-12",30.42,2.4,0,-0.047244094488189
"2016-01-13",30.42,2.28,0.0262984878369493,-0.0291666666666666
"2016-01-14",31.22,2.21,-0.0581854043392505,-0.013157894736842
"2016-01-15",29.45,2.18,0.0283472133247919,0
"2016-01-18",30.335,2.18,-0.0633276740237692,0.0229357798165137
"2016-01-19",28.47,2.23,-0.0590077468270974,-0.0229357798165137
"2016-01-20",26.68,2.18,0.100807867931156,0.0179372197309417
"2016-01-21",29.55,2.22,0.0944527736131934,-0.00458715596330286
"2016-01-22",32.07,2.21,-0.0595600676818951,-0.0225225225225224
"2016-01-25",30.31,2.16,-0.0240099781727471,0.0452488687782804
"2016-01-26",29.54,2.26,0.0917189046519301,0
"2016-01-27",32.32,2.26,0.0301286391333785,-0.0486725663716814
"2016-01-28",33.21,2.15,0.0139232673267325,0.0575221238938053
"2016-01-29",33.66,2.28,-0.0614272809394759,0
"2016-02-01",31.62,2.28,-0.0510992275698159,-0.0921052631578947
"2016-02-02",29.9,2.07,0.0755850727387729,-0.00438596491228061
"2016-02-03",32.29,2.06,-0.0220735785953177,0.00483091787439603
"2016-02-04",31.63,2.07,-0.0238463920718489,0.00485436893203895
"2016-02-05",30.86,2.08,-0.0363578880809358,0.072463768115942
"2016-02-08",29.71,2.23,-0.0567077122488658,-0.0288461538461539
"2016-02-09",27.96,2.17,-0.0141366543251431,-0.00448430493273533
"2016-02-10",27.54,2.16,-0.048283261802575,-0.00460829493087568
"2016-02-11",26.19,2.15,0.113652868554829,-0.0324074074074073
"2016-02-12",29.32,2.08,-0.0597556319205804,0
"2016-02-15",27.755,2.08,0.0441678035470669,-0.0625000000000001
"2016-02-16",29.05,1.95,0.0587281570888128,-0.00961538461538462
"2016-02-17",30.68,1.93,0.00309810671256454,-0.0205128205128205
"2016-02-18",30.77,1.89,-0.0384615384615384,-0.0310880829015543
"2016-02-19",29.59,1.83,0.0578485537861554,0.0158730158730159
"2016-02-22",31.37,1.86,0.0158837445082798,-0.00546448087431694
"2016-02-23",31.84,1.85,-0.0474976091807459,0
"2016-02-24",30.35,1.85,0.0329773869346733,-0.0378378378378379
"2016-02-25",31.4,1.78,0.00823723228995058,0
"2016-02-26",31.65,1.78,0.0347133757961785,-0.0898876404494382
"2016-02-29",32.74,1.62,0.0521327014218009,-0.0280898876404495
"2016-03-01",34.39,1.57,0.00549786194257788,0.0185185185185185
"2016-03-02",34.57,1.6,-0.000290782204129049,-0.00636942675159236
"2016-03-03",34.56,1.59,0.0390512004628289,-0.0625000000000001
"2016-03-04",35.91,1.49,0.0575810185185186,0.0440251572327044
"2016-03-07",37.9,1.56,-0.0342522974101921,0.0268456375838926
"2016-03-08",36.67,1.6,0.0250659630606859,0.00641025641025642
"2016-03-09",37.62,1.61,0.00409053722388889,0.0687499999999999
"2016-03-10",37.77,1.72,0.0196703880914406,0.0124223602484472
"2016-03-11",38.51,1.74,-0.0346836113317446,-0.0348837209302326
"2016-03-14",37.2,1.68,-0.0228512074785771,0.074712643678161
"2016-03-15",36.32,1.81,0.0567204301075269,-0.0238095238095238
"2016-03-16",38.43,1.77,0.0479074889867842,0.0386740331491713
"2016-03-17",40.17,1.84,-0.0182149362477232,0
"2016-03-18",39.47,1.84,0.0109534478466517,-0.0271739130434783
"2016-03-21",39.91,1.79,0.0390169749176591,0
"2016-03-22",41.45,1.79,-0.0794287146078678,0
"2016-03-23",38.28,1.79,-0.00337756332931244,-0.00558659217877095
"2016-03-24",38.14,1.78,0.00182863113897597,0
"2016-03-25",38.21,1.78,-0.00576822233875194,0
"2016-03-28",37.99,1.78,-0.0282648521329496,-0.00561797752808989
"2016-03-29",36.91,1.77,0,0.0561797752808989
"2016-03-30",36.91,1.87,0.000812787862367953,0.0621468926553672
"2016-03-31",36.94,1.98,-0.0428068274180438,-0.0534759358288771
"2016-04-01",35.36,1.88,-0.0286951813752031,0.0404040404040404
"2016-04-04",34.3,1.96,0.00622171945701374,0
"2016-04-05",34.52,1.96,0.0938775510204081,-0.0255102040816327
"2016-04-06",37.74,1.91,-0.0127462340672076,0.0255102040816327
"2016-04-07",37.3,1.96,0.0646528881823001,0.0157068062827225
"2016-04-08",39.74,1.99,0.0193029490616622,-0.0459183673469388
"2016-04-11",40.46,1.9,0.0417715148465022,0.035175879396985
"2016-04-12",42.12,1.97,-0.0103806228373701,0.0210526315789473
"2016-04-13",41.7,2.01,-0.00593542260208927,-0.0406091370558375
"2016-04-14",41.45,1.93,-0.025179856115108,-0.109452736318408
"2016-04-15",40.4,1.71,-0.0159227985524728,0.0259067357512954
"2016-04-18",39.74,1.76,0.0282178217821782,0.105263157894737
"2016-04-19",40.88,1.94,0.0463009562154,0
"2016-04-20",42.72,1.94,0.0112524461839531,0.0103092783505155
"2016-04-21",43.18,1.96,-0.00983146067415734,-0.0206185567010309
"2016-04-22",42.76,1.92,-0.025243168133395,0.0255102040816327
"2016-04-25",41.67,1.97,0.0198783910196446,0
"2016-04-26",42.52,1.97,0.0664746820254379,-0.0456852791878173
"2016-04-27",45.29,1.88,0.0174035747883349,0
"2016-04-28",46.03,1.88,-0.0011039964672114,0.00531914893617022
"2016-04-29",45.98,1.89,-0.0267217032370193,0.0106382978723404
"2016-05-02",44.75,1.91,-0.0239234449760766,0.0158730158730159
"2016-05-03",43.65,1.94,0.00268156424581016,0.0471204188481675
"2016-05-04",43.77,2.03,0.0128293241695302,0.0103092783505155
"2016-05-05",44.33,2.05,0.00571167466301119,-0.0935960591133004
"2016-05-06",44.58,1.86,-0.0254906383938641,0.0731707317073169
"2016-05-09",43.45,2.01,0.0275908479138627,0
"2016-05-10",44.68,2.01,0.0352128883774454,0
"2016-05-11",46.21,2.01,0.00962399283795881,0
"2016-05-12",46.64,2.01,-0.00908894178749192,-0.0248756218905472
"2016-05-13",46.22,1.96,0.0321612349914237,-0.0248756218905473
"2016-05-16",47.72,1.91,0.0123323236694072,0.0306122448979592
"2016-05-17",48.29,1.97,-0.00356244761106458,-0.0314136125654451
"2016-05-18",48.12,1.91,0.000828328846552064,-0.0406091370558375
"2016-05-19",48.16,1.83,-0.0101828761429758,-0.0104712041884817
"2016-05-20",47.67,1.81,0.00934385382059792,0.0819672131147541
"2016-05-23",48.12,1.96,-0.00167820432137609,-0.0276243093922652
"2016-05-24",48.04,1.91,0.0220282626766418,-0.0714285714285714
"2016-05-25",49.1,1.77,-0.00208159866777688,0
"2016-05-26",49,1.77,0.00733197556008145,0
"2016-05-27",49.36,1.77,-0.0036734693877551,0
"2016-05-30",49.18,1.77,-0.00162074554294972,0.19774011299435
"2016-05-31",49.1,2.12,-0.000610004066693801,0.0734463276836158
"2016-06-01",49.07,2.25,0.00142566191446029,0.0235849056603773
"2016-06-02",49.14,2.3,-0.00917057265131451,0.00444444444444455
"2016-06-03",48.69,2.31,0.0207570207570208,0.00434782608695643
"2016-06-06",49.71,2.32,0.013555144793592,0
"2016-06-07",50.37,2.32,0.0173003419835043,0.0172413793103448
"2016-06-08",51.23,2.36,-0.0140956918800872,-0.00862068965517242
"2016-06-09",50.52,2.34,-0.0279133320320125,0.0508474576271187
"2016-06-10",49.09,2.46,-0.00395882818685675,0.0384615384615384
"2016-06-13",48.89,2.55,-0.00814829904257483,0
"2016-06-14",48.49,2.55,-0.0116588259357742,0.027450980392157
"2016-06-15",47.92,2.62,-0.0367085997112807,0
"2016-06-16",46.14,2.62,0.0388146911519199,-0.0114503816793894
"2016-06-17",48,2.59,0.0303424360641525,0.0572519083969467
"2016-06-20",49.4,2.74,-0.00937499999999991,0.0193050193050192
"2016-06-21",48.95,2.79,0.00425101214574886,0.010948905109489
"2016-06-22",49.16,2.82,0.00367722165474988,-0.046594982078853
"2016-06-23",49.34,2.69,-0.0537021969080553,0.00709219858156029
"2016-06-24",46.7,2.71,-0.0182407782732064,0.0297397769516729
"2016-06-27",45.8,2.79,0.0456102783725911,0.0369003690036901
"2016-06-28",47.93,2.89,0.0419213973799127,0.017921146953405
"2016-06-29",49.85,2.94,-0.0329647402461923,0
"2016-06-30",48.27,2.94,0.0150451354062187,-0.0170068027210884
"2016-07-01",49.02,2.89,-0.00776880049720323,0
"2016-07-04",48.645,2.89,-0.0390656874745003,-0.0242214532871973
"2016-07-05",46.73,2.82,0.0131565422962278,0
"2016-07-06",47.37,2.82,-0.0460089878022683,-0.0141843971631206
"2016-07-07",45.22,2.78,0.00316656111462948,0.00709219858156029
"2016-07-08",45.37,2.8,-0.0141530296329058,0.0287769784172662
"2016-07-11",44.73,2.88,0.0460656821688341,0
"2016-07-12",46.82,2.88,-0.0435949027498324,-0.0243055555555555
"2016-07-13",44.87,2.81,0.0164459632635626,-0.00694444444444445
"2016-07-14",45.64,2.79,0.00646311566748382,-0.0320284697508896
"2016-07-15",45.93,2.7,-0.0153374233128835,0.046594982078853
"2016-07-18",45.23,2.83,-0.0128456346614412,0
"2016-07-19",44.64,2.83,0.00707495025425603,-0.0247349823321556
"2016-07-20",44.96,2.76,-0.0224014336917563,0
"2016-07-21",43.96,2.76,-0.0122330960854093,0.0144927536231884
"2016-07-22",43.41,2.8,-0.022975432211101,0
"2016-07-25",42.4,2.8,-0.00552868002764345,0.0142857142857143
"2016-07-26",42.16,2.84,-0.00613207547169807,0
"2016-07-27",41.9,2.84,-0.0182637571157494,-0.0176056338028168
"2016-07-28",41.13,2.79,0.00978520286396173,0.0633802816901409
"2016-07-29",41.54,2.97,-0.0362265985898372,0
"2016-08-01",40.05,2.97,-0.0132402503610977,-0.0606060606060607
"2016-08-02",39.5,2.79,0.0324594257178526,0.0336700336700337
"2016-08-03",40.8,2.89,0.0283544303797469,0
"2016-08-04",41.92,2.89,-0.00220588235294126,-0.00346020761245683
"2016-08-05",41.83,2.88,0.0293416030534352,-0.0103806228373702
"2016-08-08",43.06,2.85,-0.00669376045900074,0
"2016-08-09",42.78,2.85,-0.0239201114723642,-0.0315789473684212
"2016-08-10",41.75,2.76,0.0411407199625993,-0.0210526315789472
"2016-08-11",43.51,2.7,0.0229940119760479,0
"2016-08-12",44.47,2.7,0.0287290278096989,0.0185185185185185
"2016-08-15",45.72,2.75,0.0191140094445694,0
"2016-08-16",46.57,2.75,0.00524934383202104,0.00363636363636356
"2016-08-17",46.81,2.76,0.0298475413356238,-0.00363636363636356
"2016-08-18",48.2,2.75,0.00598162785729532,-0.0289855072463768
"2016-08-19",48.48,2.67,-0.0348547717842324,0.0290909090909091
"2016-08-22",46.8,2.75,0.0152640264026403,0
"2016-08-23",47.54,2.75,-0.0267094017094017,0.0254545454545454
"2016-08-24",46.29,2.82,0.0143037442153976,0.0254545454545456
"2016-08-25",46.97,2.89,0.0144739684597106,0.00709219858156029
"2016-08-26",47.64,2.91,-0.0142644241004897,0.0207612456747405
"2016-08-29",46.97,2.97,-0.0136439966414777,-0.00687285223367698
"2016-08-30",46.32,2.95,-0.0349159037683628,0
"2016-08-31",44.68,2.95,-0.0325993091537133,0
"2016-09-01",43.17,2.95,0.0273052820053715,-0.0237288135593221
"2016-09-02",44.39,2.88,-0.0141301829974519,0
"2016-09-05",43.78,2.88,0.0241045280468574,0
"2016-09-06",44.85,2.88,0.0141617176793056,-0.0381944444444444
"2016-09-07",45.47,2.77,0.0481605351170569,0.0381944444444444
"2016-09-08",47.63,2.88,-0.0384869144490873,0.0180505415162456
"2016-09-09",45.88,2.93,0.00839806844425779,0.0381944444444444
"2016-09-12",46.28,3.04,-0.0298605056669574,0
"2016-09-13",44.91,3.04,-0.0278738115816767,0.00986842105263151
"2016-09-14",43.62,3.07,0.0051213538187487,-0.0296052631578947
"2016-09-15",43.85,2.98,-0.0185694635488309,-0.00325732899022794
"2016-09-16",43.04,2.97,0.00684150513112895,0.0100671140939597
"2016-09-19",43.34,3,0.0118494423791821,0.0404040404040404
"2016-09-20",43.85,3.12,0.034148592524227,0.0233333333333333
"2016-09-21",45.33,3.19,0.0175598631698974,-0.00320512820512814
"2016-09-22",46.1,3.18,-0.0383851753805427,-0.0376175548589342
"2016-09-23",44.36,3.06,0.0268980477223428,0
"2016-09-26",45.6,3.06,-0.0214156898106403,0.00980392156862739
"2016-09-27",44.65,3.09,0.0530701754385965,-0.00653594771241831
"2016-09-28",47.07,3.07,0.0145576707726763,-0.029126213592233
"2016-09-29",47.72,2.98,0,-0.0456026058631922
"2016-09-30",47.72,2.84,0.0226320201173512,0
"2016-10-03",48.8,2.84,-0.00272422464375514,-0.00352112676056331
"2016-10-04",48.67,2.83,0.0221311475409836,0
"2016-10-05",49.75,2.83,0.01417711115677,0.0742049469964664
"2016-10-06",50.44,3.04,-0.0136683417085427,-0.00706713780918729
"2016-10-07",49.76,3.02,0,0.0526315789473685
"2016-10-10",49.76,3.18,0.0192926045016077,-0.00331125827814577
"2016-10-11",50.72,3.17,-0.0116559485530546,0
"2016-10-12",50.14,3.17,0.00650630914826495,-0.00315457413249205
"2016-10-13",50.47,3.16,-0.00239329876346225,0.00630914826498423
"2016-10-14",50.35,3.18,-0.007529225282346,0.00949367088607589
"2016-10-17",49.97,3.21,0.00655412115193641,0.0125786163522013
"2016-10-18",50.3,3.25,0.0258154892935763,-0.0218068535825545
"2016-10-19",51.59,3.18,-0.0254473161033797,-0.0184615384615385
"2016-10-20",50.31,3.12,0.00581508044194606,-0.0628930817610063
"2016-10-21",50.61,2.92,-0.00854700854700854,-0.0448717948717949
"2016-10-24",50.18,2.78,-0.0144240268721596,-0.0308219178082191
"2016-10-25",49.45,2.69,-0.0139497807891591,0
"2016-10-26",48.75,2.69,0.0194135490394338,0.0111524163568774
"2016-10-27",49.71,2.72,-0.0203076923076923,0
"2016-10-28",48.72,2.72,-0.0380205190102595,0.0477941176470588
"2016-10-31",46.83,2.85,-0.00348932676518887,-0.11764705882353
"2016-11-01",46.66,2.53,-0.0286141362374545,0
"2016-11-02",45.32,2.53,-0.0141448778396915,-0.0474308300395256
"2016-11-03",44.66,2.41,-0.013018534863195,-0.08300395256917
"2016-11-04",44.07,2.2,0.0181370353784147,0.0705394190871369
"2016-11-07",44.88,2.37,0.00181529385069204,-0.0136363636363637
"2016-11-08",44.96,2.34,0.00534759358288774,-0.0506329113924049
"2016-11-09",45.2,2.22,-0.0129003558718862,-0.0598290598290599
"2016-11-10",44.62,2.08,-0.0272123893805309,0
"2016-11-11",43.39,2.08,-0.00224114746750339,0.0865384615384614
"2016-11-14",43.29,2.26,0.0592302373818852,0.110576923076923
"2016-11-15",45.86,2.49,-0.00693000693000686,0
"2016-11-16",45.56,2.49,-0.00414304404709997,-0.0481927710843374
"2016-11-17",45.37,2.37,0.00702370500438982,0.0923694779116466
"2016-11-18",45.69,2.6,0.0394533832929248,0.0886075949367088
"2016-11-21",47.48,2.81,0.0129131100897352,-0.0307692307692308
"2016-11-22",48.07,2.73,-0.0284330244313395,0.0106761565836298
"2016-11-23",46.72,2.76,0.0140420220511755,0
"2016-11-24",47.395,2.76,-0.0144477739726028,0
"2016-11-25",46.72,2.76,-0.0223652283996203,0.0724637681159421
"2016-11-28",45.66,2.96,-0.00791952054794515,0.0217391304347826
"2016-11-29",45.29,3.02,0.0902321506789312,0.101351351351351
"2016-11-30",49.41,3.32,0.0368734820048576,0
"2016-12-01",51.08,3.32,0.012548067192876,0.036144578313253
"2016-12-02",51.7,3.44,0.000391542678151841,0
"2016-12-05",51.72,3.44,-0.0148936170212765,0.0901162790697675
"2016-12-06",50.95,3.75,-0.0212683681361176,0.0145348837209302
"2016-12-07",49.85,3.8,0.0194308145240432,-0.0319999999999999
"2016-12-08",50.84,3.68,0.0134403209628886,0.0184210526315789
"2016-12-09",51.51,3.75,0.0241935483870968,-0.0407608695652174
"2016-12-12",52.74,3.6,0.0048534265191225,0.0133333333333333
"2016-12-13",52.99,3.65,-0.037542662116041,-0.0277777777777778
"2016-12-14",51.01,3.55,-0.00207586337044724,0.00273972602739732
"2016-12-15",50.9,3.56,0.0201921191923153,-0.0140845070422536
"2016-12-16",51.93,3.51,0.00392927308447943,0.0112359550561798
"2016-12-19",52.13,3.55,0.00173310225303286,-0.0455840455840455
"2016-12-20",52.22,3.39,-0.0149625935162095,0.0309859154929577
"2016-12-21",51.44,3.5,0.0103408655687476,0
"2016-12-22",51.98,3.5,0.00058320373250391,0.0285714285714286
"2016-12-23",52.01,3.6,-0.000288572527895355,0
"2016-12-26",51.995,3.6,0.0158623341665065,0.0277777777777778
"2016-12-27",52.82,3.7,0.0228868160400038,0
"2016-12-28",54.01,3.7,-0.00397576675501706,0.00270270270270265
"2016-12-29",53.8,3.71,-0.000925754489909223,0
"2016-12-30",53.75,3.71,0.000464684014869862,0
"2017-01-02",53.775,3.71,-0.0263255813953488,-0.0808625336927223
"2017-01-03",52.36,3.41,0.0167364016736401,0.00269541778975735
"2017-01-04",53.26,3.42,0.00974025974025984,0
"2017-01-05",53.77,3.42,0.00394292151708588,-0.0116959064327485
"2017-01-06",53.98,3.38,-0.0377533940859214,-0.0701754385964912
"2017-01-09",51.95,3.14,-0.0209336791404224,0.0207100591715976
"2017-01-10",50.82,3.21,0.0263715110683349,0.0191082802547771
"2017-01-11",52.19,3.27,0.0161353797717434,0.02803738317757
"2017-01-12",53.01,3.36,-0.0124544931979306,0
"2017-01-13",52.36,3.36,0.00613091869458598,0
"2017-01-16",52.685,3.36,-0.00448815889992359,0.00297619047619054
"2017-01-17",52.45,3.37,-0.0252443769573884,-0.0327380952380953
"2017-01-18",51.12,3.26,0.00514775977121074,-0.00296735905044504
"2017-01-19",51.39,3.25,0.0183881064162754,-0.00613496932515338
"2017-01-20",52.33,3.23,0.0085619770383344,-0.0215384615384615
"2017-01-23",52.77,3.16,-0.00745270399388497,0
"2017-01-24",52.38,3.16,-0.00454803865832863,0.031645569620253
"2017-01-25",52.14,3.26,0.0210003818251241,0.0569620253164557
"2017-01-26",53.24,3.44,-0.00115074798619107,-0.0398773006134969
"2017-01-27",53.18,3.31,-0.0103305785123966,-0.0261627906976744
"2017-01-30",52.63,3.22,0.00225648740127863,-0.0664652567975831
"2017-01-31",52.75,3,0.0218506555196656,0.046583850931677
"2017-02-01",53.9,3.15,-0.00663507109004742,-0.00666666666666667
"2017-02-02",53.55,3.13,0.00482374768089063,0
"2017-02-03",53.81,3.13,-0.0149393090569562,-0.0670926517571885
"2017-02-06",53.01,2.92,-0.0152388031964319,0.0351437699680511
"2017-02-07",52.19,3.03,0.00339558573853989,0.00684931506849316
"2017-02-08",52.37,3.05,0.0118796704349493,0.0198019801980198
"2017-02-09",52.99,3.11,0.016230666412068,0
"2017-02-10",53.84,3.11,-0.0166069069635781,-0.0578778135048231
"2017-02-13",52.96,2.93,0.00464338781575037,-0.0257234726688103
"2017-02-14",53.21,2.85,-0.00188821752265864,0.0341296928327645
"2017-02-15",53.11,2.95,0.0056380379627889,-0.024561403508772
"2017-02-16",53.41,2.88,0,-0.0440677966101695
"2017-02-17",53.41,2.75,0,0
"2017-02-20",53.41,2.75,0.0114210821943458,-0.0690909090909091
"2017-02-21",54.02,2.56,-0.00767646508144549,-0.0145454545454546
"2017-02-22",53.61,2.52,0.0161051462421325,0.04296875
"2017-02-23",54.48,2.63,-0.00914008580488705,0
"2017-02-24",53.99,2.63,0.000917767988252518,-0.0722433460076045
"2017-02-27",54.04,2.44,-0.00074087794035931,0.038022813688213
"2017-02-28",54,2.54,-0.00333086602516654,0
"2017-03-01",53.82,2.54,-0.022037037037037,0.0196850393700787
"2017-03-02",52.63,2.59,0.0130063173541434,-0.0354330708661417
"2017-03-03",53.33,2.5,-0.00266007980239408,0.0694980694980696
"2017-03-06",53.19,2.68,-0.00956309769360581,0
"2017-03-07",52.68,2.68,-0.0535815002820079,-0.0335820895522389
"2017-03-08",49.83,2.59,-0.020501138952164,0.0895522388059702
"2017-03-09",48.75,2.83,-0.0140477623921333,0.0579150579150579
"2017-03-10",48.05,2.98,-0.00205128205128193,0.0212014134275619
"2017-03-13",47.95,3.04,-0.0147762747138398,-0.00671140939597316
"2017-03-14",47.24,3.02,0.0229405630865485,0
"2017-03-15",48.34,3.02,-0.000846740050804535,-0.0596026490066226
"2017-03-16",48.3,2.84,0.000827472072817672,0.00331125827814577
"2017-03-17",48.34,2.85,-0.0113871635610767,0.0281690140845071
"2017-03-20",47.79,2.93,-0.0159288374017376,0.0561403508771929
"2017-03-21",47.02,3.09,0.00564971751412421,-0.0238907849829351
"2017-03-22",47.29,3.02,-0.00616758826031474,-0.029126213592233
"2017-03-23",47,2.93,0.00634383590611117,0.0132450331125828
"2017-03-24",47.3,2.97,-0.00595744680851051,-0.0102389078498294
"2017-03-27",47.02,2.94,0.0283298097251585,0.00336700336700344
"2017-03-28",48.36,2.95,0.0236069757549979,0.0272108843537414
"2017-03-29",49.47,3.03,0.0171629445822994,0.016949152542373
"2017-03-30",50.3,3.08,0.00485142510612496,0.0165016501650164
"2017-03-31",50.54,3.13,-0.00576540755467195,0
"2017-04-03",50.25,3.13,0.0146418678274634,-0.0223642172523961
"2017-04-04",50.99,3.06,0.00298507462686564,0.0511182108626199
"2017-04-05",51.14,3.22,0.010786428711512,0.00326797385620908
"2017-04-06",51.69,3.23,0.0109503324208057,0
"2017-04-07",52.25,3.23,0.0156703424260012,-0.0247678018575852
"2017-04-10",53.06,3.15,0.0061244019138756,-0.0123839009287926
"2017-04-11",53.38,3.11,-0.0049001130795327,-0.0444444444444443
"2017-04-12",53.12,2.97,0.00131135256650431,0.0096463022508038
"2017-04-13",53.19,3,-0.000658885542168611,0
"2017-04-14",53.155,3,-0.0100582816318858,0.03
"2017-04-17",52.62,3.09,-0.00301006490452444,0.00666666666666667
"2017-04-18",52.46,3.11,-0.0374382364120106,0
"2017-04-19",50.49,3.11,-0.00438429279451018,0.00643086816720258
"2017-04-20",50.26,3.13,-0.0122796593384828,-0.022508038585209
"2017-04-21",49.64,3.06,-0.0147234381217669,0
"2017-04-24",48.9,3.06,0.00644641418211121,-0.022875816993464
"2017-04-25",49.22,2.99,0,0.022875816993464
"2017-04-26",49.22,3.06,-0.00528240552620882,0.0234113712374581
"2017-04-27",48.96,3.13,0.00711093051605041,0.0228758169934641
"2017-04-28",49.31,3.2,-0.00980392156862753,0
"2017-05-01",48.83,3.2,-0.0239302372743865,-0.0218750000000001
"2017-05-02",47.65,3.13,0.00286708990374771,0.00312500000000007
"2017-05-03",47.79,3.14,-0.0470094438614901,-0.00958466453674129
"2017-05-04",45.55,3.11,0.0142289181837204,-0.00318471337579611
"2017-05-05",46.23,3.1,0.00504939626783763,-0.0128617363344052
"2017-05-08",46.46,3.06,-0.0134112048453385,-0.00967741935483879
"2017-05-09",45.84,3.03,0.0309944037882049,0
"2017-05-10",47.28,3.03,0.0115619546247819,0.0660066006600661
"2017-05-11",47.81,3.23,0.000423011844331557,0.00330033003300338
"2017-05-12",47.83,3.24,0.0215436101234052,0.00619195046439615
"2017-05-15",48.86,3.26,-0.00459962366715448,0.00308641975308649
"2017-05-16",48.64,3.27,0.00818665575112564,0
"2017-05-17",49.04,3.27,0.00657894736842106,-0.0428134556574924
"2017-05-18",49.36,3.13,0.0195758564437194,-0.00611620795107034
"2017-05-19",50.32,3.11,0.0099270664505673,0.0415335463258787
"2017-05-22",50.81,3.24,0.00616057233704283,-0.00643086816720258
"2017-05-23",51.12,3.22,-0.00255855146624671,0
"2017-05-24",50.99,3.22,-0.047339593114241,-0.0372670807453416
"2017-05-25",48.57,3.1,0.0198078054520494,0
"2017-05-26",49.58,3.1,-0.0103973646283713,0
"2017-05-29",49.075,3.1,0.0111940298507463,0
"2017-05-30",49.63,3.1,-0.02730514518594,-0.0161290322580646
"2017-05-31",48.29,3.05,0.000604473100947031,0
"2017-06-01",48.32,3.05,-0.0132532615448333,-0.0655737704918032
"2017-06-02",47.68,2.85,-0.00579470198675499,0.0229508196721311
"2017-06-05",47.4,2.92,0.0153104026845638,0
"2017-06-06",48.13,2.92,-0.04915611814346,0.0479452054794521
"2017-06-07",45.8,3.06,-0.00249324745480984,-0.0273972602739726
"2017-06-08",45.68,2.98,0.00305676855895198,0.0163398692810457
"2017-06-09",45.82,3.03,0.00612959719789845,0.0302013422818793
"2017-06-12",46.1,3.12,0.00676560453950229,0
"2017-06-13",46.41,3.12,-0.0351409978308025,-0.0544871794871795
"2017-06-14",44.79,2.95,-0.00689506571859514,-0.00320512820512828
"2017-06-15",44.47,2.94,0.00580486715784769,0.023728813559322
"2017-06-16",44.73,3.01,-0.0110186642680458,-0.0476190476190475
"2017-06-19",44.24,2.87,-0.0201207243460764,0.0132890365448505
"2017-06-20",43.34,2.91,-0.0194394213381557,0
"2017-06-21",42.48,2.91,0.00115366866635912,-0.0103092783505155
"2017-06-22",42.53,2.88,0.00776836158192086,0.00343642611683857
"2017-06-23",42.86,2.89,0.00893486950387967,0.03125
"2017-06-26",43.24,2.98,0.0235650956602893,0.00346020761245683
"2017-06-27",44.25,2.99,0.0113320999074931,0.0134228187919462
"2017-06-28",44.74,3.03,0.00316384180790962,0.0133779264214047
"2017-06-29",44.88,3.07,0.0254805543138132,-0.0297029702970297
"2017-06-30",46.02,2.98,-0.0127005347593583,0
"2017-07-03",45.45,2.98,0.00619295958279002,0
"2017-07-04",45.735,2.98,-0.0137513751375138,0
"2017-07-05",45.11,2.98,0.00896468787580636,-0.0302013422818791
"2017-07-06",45.52,2.89,-0.0281534027931723,0.00671140939597316
"2017-07-07",44.25,2.91,0.00329525483304039,0.00346020761245667
"2017-07-10",44.4,2.92,0.0149152542372882,0.0206185567010309
"2017-07-11",45.06,2.98,0.00945945945945934,0.0102739726027397
"2017-07-12",45.48,3.01,0.0128717265867733,-0.0167785234899328
"2017-07-13",46.06,2.96,0.0103342128408091,-0.00664451827242526
"2017-07-14",46.53,2.94,-0.0110725141120277,0.0337837837837838
"2017-07-17",46.02,3.04,0.00816677412422083,0.0238095238095238
"2017-07-18",46.4,3.11,0.0152107779226424,0
"2017-07-19",47.1,3.11,-0.00797413793103458,0.00321543408360136
"2017-07-20",46.73,3.12,-0.0201698513800424,-0.0192926045016077
"2017-07-21",45.78,3.06,0.00920179756045366,-0.0224358974358974
"2017-07-24",46.21,2.99,0.0340760157273919,0
"2017-07-25",47.77,2.99,0.0175286734473057,-0.0234113712374583
"2017-07-26",48.58,2.92,0.00983881096922752,0.0100334448160536
"2017-07-27",49.05,2.95,0.0137916838205023,0.0034246575342465
"2017-07-28",49.72,2.96,0.00998980632008159,-0.0305084745762711
"2017-07-31",50.21,2.87,-0.0205148833467418,-0.0236486486486487
"2017-08-01",49.19,2.8,0.00816570404301939,0
"2017-08-02",49.6,2.8,-0.0115877210815206,-0.0142857142857143
"2017-08-03",49.03,2.76,0.0108870967741935,0
"2017-08-04",49.57,2.76,-0.00407913522333271,0.0144927536231884
"2017-08-07",49.37,2.8,-0.00605204760944114,0.00362318840579719
"2017-08-08",49.07,2.81,0.0105327121733847,0
"2017-08-09",49.59,2.81,-0.0213980028530671,0.0284697508896797
"2017-08-10",48.54,2.89,0.00544464609800369,0.0249110320284697
"2017-08-11",48.81,2.96,-0.0251339101771734,0.0207612456747405
"2017-08-14",47.59,3.02,-0.000409752099979576,-0.0202702702702703
"2017-08-15",47.57,2.96,-0.0161798697205296,-0.0066225165562914
"2017-08-16",46.8,2.94,0.00567584612150522,-0.0101351351351351
"2017-08-17",47.07,2.91,0.0324786324786326,-0.00340136054421777
"2017-08-18",48.59,2.9,-0.0254939451880179,0.0343642611683849
"2017-08-21",47.39,3,0.00535089524593534,0
"2017-08-22",47.65,3,0.0168811985650982,-0.02
"2017-08-23",48.45,2.94,-0.0253934942287513,0.0100000000000001
"2017-08-24",47.24,2.97,0.00846233230134152,-0.0136054421768708
"2017-08-25",47.65,2.93,-0.0264606265876376,0.00673400673400674
"2017-08-28",46.4,2.95,0.00125918153200424,0
"2017-08-29",46.46,2.95,-0.0107758620689655,0
"2017-08-30",45.96,2.95,0.0279810589754627,-0.0101694915254238
"2017-08-31",47.26,2.92,0.00130548302872068,-0.0135593220338983
"2017-09-01",47.32,2.88,-0.00063478628861619,0
"2017-09-04",47.29,2.88,0.0283178360101438,0
"2017-09-05",48.63,2.88,0.0105730598435187,0.0347222222222223
"2017-09-06",49.13,2.98,-0.000616903146206069,-0.0208333333333334
"2017-09-07",49.1,2.92,-0.0337879096275189,-0.0134228187919463
"2017-09-08",47.44,2.88,0.0126272912423626,0
"2017-09-11",48.06,2.88,0.00316188870151768,0
"2017-09-12",48.21,2.88,0.0226799833541406,0.0486111111111112
"2017-09-13",49.3,3.02,0.0116158473345779,0.00347222222222215
"2017-09-14",49.86,3.03,0.000811359026369151,-0.00993377483443702
"2017-09-15",49.9,3,-0.000401123144805375,0.0363036303630363
"2017-09-18",49.88,3.11,-0.00681362725450909,0.0233333333333334
"2017-09-19",49.54,3.18,0.0150360866078589,-0.0160771704180065
"2017-09-20",50.29,3.13,0.00585385547032699,-0.00628930817610063
"2017-09-21",50.58,3.11,-0.00497116723006562,-0.0575079872204472
"2017-09-22",50.33,2.93,0.0300514037168842,0.0096463022508038
"2017-09-25",51.85,2.96,-0.00516590502682293,0
"2017-09-26",51.59,2.96,0.0106075216972034,0.00675675675675676
"2017-09-27",52.14,2.98,-0.01007947276604,-0.00675675675675676
"2017-09-28",51.62,2.96,0.000958956655159269,-0.00671140939597316
"2017-09-29",51.67,2.94,-0.0209221232080589,0
"2017-10-02",50.59,2.94,-0.00290303851364439,-0.0714285714285714
"2017-10-03",50.44,2.73,-0.00869737102194105,0.0238095238095238
"2017-10-04",50,2.8,0.0156621728786677,0
"2017-10-05",50.79,2.8,-0.0289999999999999,0.0464285714285716
"2017-10-06",49.34,2.93,0.00472533963378608,-0.0214285714285714
"2017-10-09",49.58,2.87,0.0273611674098095,0.00682593856655291
"2017-10-10",50.93,2.89,0.00746268656716413,0
"2017-10-11",51.3,2.89,-0.0135480070685254,0.0207612456747405
"2017-10-12",50.61,2.95,0.0159844054580897,0.013840830449827
"2017-10-13",51.43,2.99,0.00849634459592965,-0.0406779661016949
"2017-10-16",51.86,2.87,0.000194439043359868,0.0033444816053511
"2017-10-17",51.87,2.88,0.00347088314693405,-0.024390243902439
"2017-10-18",52.05,2.81,-0.0146520146520146,0.00694444444444445
"2017-10-19",51.29,2.83,0.00653218059558124,-0.01067615658363
"2017-10-20",51.63,2.8,0.00545915383115605,0.0530035335689047
"2017-10-23",51.91,2.95,0.00794111950416432,0
"2017-10-24",52.32,2.95,-0.00674243883644773,0.0101694915254237
"2017-10-25",51.97,2.98,0.00840978593272167,-0.023728813559322
"2017-10-26",52.41,2.91,0.0290552241677892,-0.0436241610738256
"2017-10-27",53.92,2.78,0.00362526235451245,0.0549828178694159
"2017-10-30",54.11,2.94,0.00463649851632047,-0.0359712230215828
"2017-10-31",54.36,2.84,-0.000739234891886881,-0.0544217687074829
"2017-11-01",54.32,2.68,0.00423105224429722,0
"2017-11-02",54.55,2.68,0.0198821796759942,0.0261194029850746
"2017-11-03",55.63,2.75,0.0313473877176902,0.0970149253731342
"2017-11-06",57.34,3.01,-0.00269638684163231,0.0218181818181818
"2017-11-07",57.19,3.07,-0.00645273805371464,0.0299003322259137
"2017-11-08",56.82,3.16,0.00594509529638042,0.00651465798045603
"2017-11-09",57.16,3.18,-0.00721576909538889,-0.00316455696202539
"2017-11-10",56.75,3.17,0.000349895031490608,-0.0125786163522013
"2017-11-13",56.77,3.13,-0.0193832599118943,-0.0220820189274447
"2017-11-14",55.67,3.06,-0.00686982561211909,0.0319488817891374
"2017-11-15",55.28,3.16,-0.00251481947188792,-0.0228758169934641
"2017-11-16",55.14,3.09,0.019356005788712,-0.0158227848101265
"2017-11-17",56.21,3.04,0,0
"2017-11-20",56.21,3.04,0.0112079701120797,0.00328947368421046
"2017-11-21",56.84,3.05,0.0185020458993062,0
"2017-11-22",57.88,3.05,-0.00914848698099935,0
"2017-11-23",57.36,3.05,0.0272978576364893,0
"2017-11-24",58.94,3.05,-0.0146443514644351,-0.0557377049180328
"2017-11-27",58.1,2.88,-0.00237529691211402,0
"2017-11-28",57.96,2.88,-0.0122203098106713,0.0625000000000001
"2017-11-29",57.25,3.06,0.00258799171842648,0
"2017-11-30",57.4,3.06,0.0165938864628821,-0.0718954248366014
"2017-12-01",58.35,2.84,-0.0151567944250872,0.0228758169934641
"2017-12-04",57.48,2.91,0.00308483290488431,-0.017605633802817
"2017-12-05",57.66,2.86,-0.0325330549756437,0
"2017-12-06",55.79,2.86,0.0123135622615331,-0.0174825174825174
"2017-12-07",56.5,2.81,0.011650833482703,-0.0104895104895106
"2017-12-08",57.15,2.78,0.0122123893805311,0.01067615658363
"2017-12-11",57.84,2.81,-0.0125984251968505,0.0215827338129497
"2017-12-12",57.12,2.87,-0.00916320885200543,0
"2017-12-13",56.59,2.87,0.00717787114845932,-0.0627177700348433
"2017-12-14",57,2.69,0.00512458031454319,-0.0313588850174216
"2017-12-15",57.29,2.6,-0.00210526315789469,0.0408921933085501
"2017-12-18",57.17,2.71,0.00558561703613197,0.0153846153846154
"2017-12-19",57.49,2.75,0.0104950148679378,-0.0110701107011069
"2017-12-20",58.09,2.72,0.00434858236214994,-0.0290909090909091
"2017-12-21",58.34,2.64,-0.00154932002065766,-0.00367647058823538
"2017-12-22",58.25,2.63,0.000771340418237945,0.00189393939393935
"2017-12-25",58.295,2.635,0.0215450643776823,0.017110266159696
"2017-12-26",59.55,2.68,0.00205849558281164,0.0303605313092978
"2017-12-27",59.67,2.76,0.00285474391267845,0.078358208955224
"2017-12-28",59.84,2.97,0.0103904809787162,0.260869565217391
"2017-12-29",60.46,3.69,-0.0051804812834225,-0.121212121212121
"2018-01-01",60.15,3.33,0.00363876943433673,0.788617886178862
"2018-01-02",60.37,6.24,0.0206151288445553,0
"2018-01-03",61.61,6.24,0.00612887195626963,-0.254807692307692
"2018-01-04",61.98,4.65,-0.00795325434182754,0.127403846153846
"2018-01-05",61.49,5.445,0.00387221684414319,-0.549462365591398
"2018-01-08",61.73,2.89,0.0193527402829729,0.00734618916437099
"2018-01-09",62.92,2.93,0.0110157135914466,0.0795847750865052
"2018-01-10",63.6,3.16,0.00333757151938971,0
"2018-01-11",63.81,3.16,0.00644654088050309,0.284810126582278
"2018-01-12",64.22,4.06,-0.00321266259207018,-0.142405063291139
"2018-01-15",64.015,3.61,-0.00303643724696357,0.455665024630542
"2018-01-16",63.82,5.46,0.0015621338748731,-0.426592797783934
"2018-01-17",63.92,3.92,0.000626762770291431,0
"2018-01-18",63.96,3.92,-0.00907384230287857,-0.183673469387755
"2018-01-19",63.38,3.2,0.00437773608505306,-0.0178571428571429
"2018-01-22",63.66,3.13,0.0124644998422216,0.0687500000000001
"2018-01-23",64.45,3.35,0.0194784794219289,0.060702875399361
"2018-01-24",65.69,3.54,-0.00108611326609764,0
"2018-01-25",65.62,3.54,0.00989496118130601,0.0112994350282486
"2018-01-26",66.27,3.58,-0.0085339835416032,0.0056497175141243
"2018-01-29",65.71,3.6,-0.0161460691112116,0
"2018-01-30",64.64,3.6,0.00273930908537502,-0.0722222222222223
"2018-01-31",64.82,3.34,0.0170173267326734,-0.0777777777777777
"2018-02-01",65.92,3.06,-0.00647948164146871,-0.0449101796407185
"2018-02-02",65.5,2.91,-0.0200242718446601,-0.0196078431372549
"2018-02-05",64.18,2.85,-0.0106870229007635,-0.0343642611683849
"2018-02-06",63.48,2.75,-0.0244624493611717,-0.00350877192982449
"2018-02-07",61.91,2.74,-0.00960932577189665,0
"2018-02-08",61.3,2.74,-0.0339202067517363,-0.0291970802919708
"2018-02-09",59.2,2.66,0.0034257748776508,-0.0218978102189781
"2018-02-12",59.41,2.6,-0.00135135135135132,-0.00751879699248121
"2018-02-13",59.33,2.58,0.023060090893789,-0.0192307692307693
"2018-02-14",60.7,2.53,0.013146806000337,-0.0155038759689921
"2018-02-15",61.48,2.49,0.00675453047775953,0
"2018-02-16",61.89,2.49,-0.00333441769681194,0
"2018-02-19",61.685,2.49,0.00363548230731935,0.0481927710843372
"2018-02-20",61.91,2.61,-0.00291805139012725,0.0160642570281125
"2018-02-21",61.73,2.65,0.0159909546115329,0
"2018-02-22",62.72,2.65,0.0129596630487608,-0.0264150943396226
"2018-02-23",63.52,2.58,0.00462372448979591,0.00754716981132076
"2018-02-26",63.81,2.6,-0.0136964735516374,-0.00387596899224815
"2018-02-27",62.94,2.59,-0.0236640025074439,0.026923076923077
"2018-02-28",61.43,2.66,-0.00714966634890376,0.00386100386100378
"2018-03-01",60.98,2.67,0.00341852515057791,0
"2018-03-02",61.19,2.67,0.021318465070515,0.0112359550561799
"2018-03-05",62.49,2.7,0.000817126981532884,0
"2018-03-06",62.54,2.7,-0.023203712594015,0.0370370370370369
"2018-03-07",61.09,2.8,-0.0153501758874321,0
"2018-03-08",60.13,2.8,0.0309379603863153,-0.0321428571428571
"2018-03-09",62.02,2.71,-0.0111425245301846,0.0249999999999999
"2018-03-12",61.35,2.78,-0.0106417284746856,-0.00738007380073801
"2018-03-13",60.69,2.76,0.00325998370008155,-0.0251798561151079
"2018-03-14",60.89,2.69,0.0044488383588729,0.00362318840579719
"2018-03-15",61.16,2.7,0.018558055509936,-0.0297397769516729
"2018-03-16",62.29,2.62,-0.00457815565729237,0
"2018-03-19",62.01,2.62,0.0218333600899021,0.0343511450381679
"2018-03-20",63.37,2.71,0.0278987260119335,0.0114503816793894
"2018-03-21",65.1,2.74,-0.0134132870443427,-0.0442804428044281
"2018-03-22",64.25,2.62,0.0238095238095238,-0.0145985401459854
"2018-03-23",65.8,2.58,-0.00482490272373544,0.0190839694656488
"2018-03-26",65.49,2.63,-0.00425531914893619,-0.0116279069767441
"2018-03-27",65.21,2.6,-0.0138952511833867,0.0152091254752852
"2018-03-28",64.3,2.64,0.00874099064560662,0.0653846153846154
"2018-03-29",64.87,2.81,-0.00443234836702972,-0.0321969696969697
"2018-03-30",64.585,2.725,-0.0236627100354555,0.00889679715302488
"2018-04-02",63.05,2.75,0.00557404970194317,0
"2018-04-03",63.41,2.75,-0.000951625693893659,0.0218181818181818
"2018-04-04",63.35,2.81,0.0028386689796562,0
"2018-04-05",63.53,2.81,-0.0236779794790845,0
"2018-04-06",62.03,2.81,0.0215646151424523,-0.01067615658363
"2018-04-09",63.4,2.78,0.033532161857166,0
"2018-04-10",65.48,2.78,0.0209779179810725,-0.0143884892086329
"2018-04-11",66.81,2.74,0.00397067806963945,0.00719424460431639
"2018-04-12",67.07,2.76,0.00419098937284839,0.0218978102189781
"2018-04-13",67.35,2.82,-0.0166989712240941,0.0217391304347826
"2018-04-16",66.23,2.88,0.00400890868596876,-0.0141843971631206
"2018-04-17",66.5,2.84,0.0292918616940963,0.0034722222222223
"2018-04-18",68.44,2.85,-0.00210526315789475,-0.017605633802817
"2018-04-19",68.3,2.8,-0.000584453535943776,-0.00701754385964913
"2018-04-20",68.26,2.78,-0.00951683748169847,0
"2018-04-23",67.61,2.78,0.00073249340755929,0.00359712230215836
"2018-04-24",67.66,2.79,0.00502884188729483,0.00719424460431655
"2018-04-25",68,2.81,0.00266036062666283,0
"2018-04-26",68.18,2.81,-0.00102941176470599,0.00355871886120989
"2018-04-27",68.11,2.82,0.0066001760046935,-0.0249110320284697
"2018-04-30",68.56,2.75,-0.0187931287622963,0
"2018-05-01",67.28,2.75,0.00918903150525081,0.00727272727272728
"2018-05-02",67.91,2.77,0.00802615933412613,-0.00727272727272728
"2018-05-03",68.45,2.75,0.0185539684877042,0
"2018-05-04",69.71,2.75,0.0150474799123448,-0.00363636363636356
"2018-05-07",70.74,2.74,-0.0273992253622148,0.0109090909090908
"2018-05-08",68.83,2.77,0.0329375176703421,-0.00729927007299271
"2018-05-09",71.16,2.75,0.00290570971959905,0.0108303249097472
"2018-05-10",71.36,2.78,-0.00941540191118608,-0.0109090909090908
"2018-05-11",70.69,2.75,0.00448430493273553,0.0323741007194244
"2018-05-14",71.01,2.84,0.00466826991087846,-0.00363636363636356
"2018-05-15",71.34,2.83,0.00126742712294048,0.00704225352112677
"2018-05-16",71.43,2.85,0.000560695262124923,-0.0353356890459364
"2018-05-17",71.47,2.75,-0.0033599328013439,0
"2018-05-18",71.23,2.75,0.0144116412480761,0.00727272727272728
"2018-05-21",72.26,2.77,-0.00238663484486876,-0.00363636363636372
"2018-05-22",72.09,2.76,-0.00332133960697494,0.0469314079422384
"2018-05-23",71.85,2.89,-0.0149812734082397,-0.00362318840579719
"2018-05-24",70.77,2.88,-0.0396659707724425,0
"2018-05-25",67.92,2.88,0.0201356506994489,0
"2018-05-28",69.345,2.88,-0.0374705535924617,-0.0138888888888889
"2018-05-29",66.8,2.84,0.0207657365347177,-0.00347222222222215
"2018-05-30",68.24,2.83,-0.0188622754491017,0.0387323943661971
"2018-05-31",66.98,2.94,-0.0171453692848769,-0.0106007067137809
"2018-06-01",65.81,2.91,-0.0156763212899373,-0.00680272108843538
"2018-06-04",64.76,2.89,0.0113964443093755,0
"2018-06-05",65.51,2.89,-0.0117356392835084,0
"2018-06-06",64.75,2.89,0.0184704625248053,0.0449826989619377
"2018-06-07",65.96,3.02,-0.0029343629343629,-0.0380622837370242
"2018-06-08",65.77,2.91,0.0050030321406913,0.0298013245033112
"2018-06-11",66.1,3,0.00425726014900412,-0.00687285223367698
"2018-06-12",66.38,2.98,0.0037821482602118,0
"2018-06-13",66.63,2.98,0.00421813799337151,0.00335570469798665
"2018-06-14",66.91,2.99,-0.0285156836259942,0.0100671140939597
"2018-06-15",65.01,3.02,0.0134509041996711,-0.0100334448160534
"2018-06-18",65.91,2.99,-0.0126134440855252,-0.0132450331125828
"2018-06-19",65.09,2.95,0.012592929752693,0.0033444816053511
"2018-06-20",65.92,2.96,-0.00368720233522807,0.0406779661016949
"2018-06-21",65.68,3.08,0.0506674757281552,-0.0439189189189189
"2018-06-22",69.02,2.95,0.0135505481120585,0.00324675324675318
"2018-06-25",69.91,2.96,0.0770791075050711,0.00677966101694916
"2018-06-26",75.23,2.98,0.0311829495065083,0.0101351351351351
"2018-06-27",77.41,3.01,-0.0526385750365545,-0.00671140939597301
"2018-06-28",73.45,2.99,0.00878439478103595,-0.00996677740863796
"2018-06-29",74.13,2.96,-0.00326752893124568,-0.020066889632107
"2018-07-02",73.89,2.9,0.00404694455685953,0
"2018-07-03",74.19,2.9,-0.00203004466098243,0
"2018-07-04",74.04,2.9,-0.0133441164577438,0.00344827586206905
"2018-07-05",73.05,2.91,0.00985953538627774,0
"2018-07-06",73.78,2.91,0.00205338809034915,-0.00343642611683857
"2018-07-09",73.93,2.9,0.00243968555163991,0
"2018-07-10",74.11,2.9,-0.0492357635601244,-0.00344827586206889
"2018-07-11",70.47,2.89,-0.00256375657805961,0
"2018-07-12",70.28,2.89,0.0106428267347808,-0.0103806228373703
"2018-07-13",71.03,2.86,-0.0399829254410928,-0.0346020761245675
"2018-07-16",68.22,2.76,-0.0026749260875686,0.0174825174825176
"2018-07-17",68.03,2.81,0.0109938434476693,-0.00362318840579719
"2018-07-18",68.78,2.8,0.00940761428781421,-0.0177935943060498
"2018-07-19",69.42,2.75,0.0129398080837453,0.0142857142857143
"2018-07-20",70.31,2.79,-0.0347162201094785,0
"2018-07-23",67.9,2.79,0.0408192291281466,-0.021505376344086
"2018-07-24",70.77,2.73,0.00530191458026509,0.032258064516129
"2018-07-25",71.13,2.82,0.00649992934859415,0
"2018-07-26",71.59,2.82,-0.041192183326304,-0.0141843971631206
"2018-07-27",68.66,2.78,0.0353401313032547,-0.0106382978723404
"2018-07-30",71.19,2.75,-0.0190795222837169,0.0251798561151079
"2018-07-31",69.88,2.82,-0.0151706700379267,-0.00727272727272728
"2018-08-01",68.8,2.8,0.00214653692043511,-0.0106382978723404
"2018-08-02",68.95,2.77,-0.00668604651162802,0.0321428571428571
"2018-08-03",68.49,2.86,0.00754169688179855,-0.00361010830324902
"2018-08-06",69.01,2.85,0.00233610746094315,0.034965034965035
"2018-08-07",69.17,2.95,-0.0326039704390668,0.0140350877192983
"2018-08-08",66.92,2.99,-0.00159028480555153,0.0101694915254237
"2018-08-09",66.81,3.02,0.0119545726240286,-0.020066889632107
"2018-08-10",67.61,2.96,-0.0053884149079479,-0.0132450331125828
"2018-08-13",67.25,2.92,-0.00310604940097609,0.0337837837837838
"2018-08-14",67.04,3.02,-0.029293680297398,0
"2018-08-15",65.07,3.02,0.00551909307875902,0
"2018-08-16",65.44,3.02,0.00753035192869232,-0.00331125827814577
"2018-08-17",65.93,3.01,0.00871026894865515,0.00993377483443717
"2018-08-20",66.5,3.04,0.0124374336417411,-0.00996677740863796
"2018-08-21",67.32,3.01,0.00796992481203009,0.0032894736842106
"2018-08-22",67.85,3.02,0.0190136660724896,-0.0033222591362127
"2018-08-23",69.13,3.01,0.00854826823876195,-0.00662251655629125
"2018-08-24",69.71,2.99,0.00376102994358463,-0.0033222591362127
"2018-08-27",69.97,2.98,-0.0205135561612393,0
"2018-08-28",68.54,2.98,0.0162926968700872,-0.00671140939597316
"2018-08-29",69.68,2.96,0.0083163116428362,0
"2018-08-30",70.25,2.96,-0.00588404133180248,0.00675675675675676
"2018-08-31",69.84,2.98,0.00291814946619215,-0.00337837837837831
"2018-09-03",70.045,2.97,-0.0032216494845362,-0.00335570469798665
"2018-09-04",69.82,2.96,-0.0161324862588335,0.0134680134680135
"2018-09-05",68.69,3,-0.0126038384417072,-0.0236486486486486
"2018-09-06",67.81,2.93,-0.00116465278788759,-0.0166666666666668
"2018-09-07",67.73,2.88,-0.00265447574104124,0.00682593856655291
"2018-09-10",67.55,2.9,0.02569024066145,0.0138888888888889
"2018-09-11",69.29,2.94,0.0159881569207994,0.0137931034482759
"2018-09-12",70.37,2.98,-0.0255448116611345,-0.0136054421768708
"2018-09-13",68.6,2.94,0.00540002842120235,-0.0100671140939597
"2018-09-14",68.98,2.91,-0.00174927113702631,0.0136054421768708
"2018-09-17",68.86,2.95,0.014641925195709,0.0171821305841924
"2018-09-18",69.87,3,0.0175718849840255,0.0372881355932203
"2018-09-19",71.08,3.11,-0.00443681122083873,-0.0133333333333333
"2018-09-20",70.77,3.07,0.000422059651097371,-0.0160771704180064
"2018-09-21",70.8,3.02,0.0343365832980077,0.00651465798045603
"2018-09-24",73.23,3.04,0.00240112994350285,0.0264900662251656
"2018-09-25",73.4,3.12,-0.0161136146388093,-0.00657894736842106
"2018-09-26",72.22,3.1,-0.000544959128065287,-0.0160256410256411
"2018-09-27",72.18,3.05,0.0135696482968705,-0.0129032258064516
"2018-09-28",73.16,3.01,0.0306178996952065,0.039344262295082
"2018-10-01",75.37,3.13,-0.00287042099507939,0.0033222591362127
"2018-10-02",75.16,3.14,0.0164521692981294,0.0383386581469648
"2018-10-03",76.4,3.26,-0.0260777009047367,0.0414012738853504
"2018-10-04",74.44,3.39,-0.00235602094240828,-0.0429447852760737
"2018-10-05",74.26,3.25,0.000134336378291119,0.00884955752212384
"2018-10-08",74.27,3.28,0.0091570158901159,0.036923076923077
"2018-10-09",74.95,3.4,-0.0238319644540191,0.0152439024390245
"2018-10-10",73.18,3.45,-0.0294863242161442,-0.0852941176470588
"2018-10-11",70.97,3.16,0.00601257174091279,0.00869565217391299
"2018-10-12",71.41,3.19,0.00605889812596882,0.0221518987341772
"2018-10-15",71.84,3.26,0.0012603276851982,0.00313479623824459
"2018-10-16",71.93,3.27,-0.0320155902004456,0.00920245398773
"2018-10-17",69.63,3.3,-0.0139024051160851,-0.00611620795107034
"2018-10-18",68.63,3.28,0.00761166164009768,-0.0242424242424241
"2018-10-19",69.16,3.2,0.00131137986303371,0
"2018-10-22",69.25,3.2,-0.0399074609600926,0.0249999999999999
"2018-10-23",66.49,3.28,0.00101083032490985,0.04375
"2018-10-24",66.56,3.42,0.0103775003759964,0
"2018-10-25",67.25,3.42,0.00495793269230767,-0.043859649122807
"2018-10-26",67.58,3.27,-0.00862453531598511,-0.0204678362573099
"2018-10-29",67,3.2,-0.0121337673868007,0.0214067278287461
"2018-10-30",66.18,3.27,-0.0129850746268657,0.0125
"2018-10-31",65.31,3.31,-0.0247809005741916,0.0152905198776758
"2018-11-01",63.67,3.36,-0.00842137498086058,-0.0302114803625378
"2018-11-02",63.12,3.26,0,0.0803571428571429
"2018-11-05",63.12,3.53,-0.0152091254752852,0
"2018-11-06",62.16,3.53,-0.00744613434727501,0.00283286118980177
"2018-11-07",61.69,3.54,-0.0157657657657657,0
"2018-11-08",60.71,3.54,-0.00842924298913929,0.056497175141243
"2018-11-09",60.19,3.74,-0.00560039532202267,0.0621468926553672
"2018-11-12",59.85,3.96,-0.0701113141717893,0.0374331550802138
"2018-11-13",55.63,4.1,0.00885547201336665,0
"2018-11-14",56.16,4.1,0.00521301456048906,0.14390243902439
"2018-11-15",56.45,4.69,0.000712250712250697,-0.0951219512195123
"2018-11-16",56.49,4.3,0.0118689105403011,0.0746268656716419
"2018-11-19",57.16,4.65,-0.0667374756594087,0
"2018-11-20",53.39,4.65,0.0178446466060181,0.010752688172043
"2018-11-21",54.41,4.7,-0.00955235062745829,-0.00537634408602158
"2018-11-22",53.9,4.675,0.00468663848557255,0.00265957446808514
"2018-11-23",54.155,4.6875,-0.05,-0.0871657754010695
"2018-11-26",51.46,4.28,-0.00276982734742865,0
"2018-11-27",51.31,4.28,-0.0242907112320249,0.0514018691588784
"2018-11-28",50.06,4.5,0.0272851296043656,0
"2018-11-29",51.46,4.5,-0.0135836995605274,0.0244444444444445
"2018-11-30",50.78,4.61,0.0427516517683637,-0.0466666666666667
"2018-12-03",52.98,4.4,0.00452934226073265,0
"2018-12-04",53.21,4.4,-0.0107587768969422,0.0659090909090909
"2018-12-05",52.64,4.69,-0.0206728058635595,-0.0568181818181818
"2018-12-06",51.54,4.44,0.023176291793313,0.0149253731343282
"2018-12-07",52.76,4.51,-0.03279006596818,0.00675675675675681
"2018-12-10",51.07,4.54,0.0109931766489765,-0.00221729490022168
"2018-12-11",51.65,4.53,-0.0119443900528686,0
"2018-12-12",51.04,4.53,0.031945788964182,-0.0485651214128037
"2018-12-13",52.69,4.31,-0.0280172413793103,-0.0706401766004414
"2018-12-14",51.26,3.99,-0.027709242740558,-0.0440835266821347
"2018-12-17",49.8,3.8,-0.0717908700741319,0
"2018-12-18",46.12,3.8,0.0369477911646587,-0.0421052631578947
"2018-12-19",47.96,3.64,-0.0503035559410234,0.0157894736842105
"2018-12-20",45.64,3.7,-0.00542118432026685,0
"2018-12-21",45.38,3.7,0.00284837861524968,0
"2018-12-24",45.51,3.7,-0.00143234905244596,0
"2018-12-25",45.445,3.7,0.0130740496594155,-0.0756756756756757
"2018-12-26",46.04,3.42,-0.03432720871383,-0.0864864864864864
"2018-12-27",44.48,3.1,0.0145525629887055,0.043859649122807
"2018-12-28",45.15,3.25,-0.0075314748201439,-0.0241935483870968
"2018-12-31",44.815,3.175,0.00370985603543752,0.0115384615384616
"2019-01-01",44.9825,3.2125,0.0296217784224032,0.0118110236220473
"2019-01-02",46.31,3.25,0.01356082921136,-0.164980544747082
"2019-01-03",46.92,2.72,0.0181386309652342,0.0246153846153845
"2019-01-04",47.76,2.8,0.0108695652173914,-0.0220588235294116
"2019-01-07",48.27,2.74,0.0274288107202679,0.0535714285714285
"2019-01-08",49.58,2.89,0.0540708514605345,0.010948905109489
"2019-01-09",52.19,2.92,0.00463896732553457,0.0103806228373703
"2019-01-10",52.42,2.95,-0.0187775435907263,0
"2019-01-11",51.44,2.95,-0.021556657764212,0.138983050847458
"2019-01-14",50.31,3.36,0.0289657853810263,0.0610169491525424
"2019-01-15",51.8,3.54,0.00556549393758698,0.0119047619047619
"2019-01-16",52.08,3.58,-0.00482625482625483,0
"2019-01-17",51.83,3.58,0.0339861751152074,-0.0418994413407821
"2019-01-18",53.6,3.43,-0.0170750530580744,0.020949720670391
"2019-01-21",52.715,3.505,-0.00233208955223881,-0.0218658892128279
"2019-01-22",52.59,3.43,-0.00284548989851097,-0.0855920114122683
"2019-01-23",52.44,3.13,0.00950751093363757,0
"2019-01-24",52.94,3.13,0.0112509534706332,-0.0191693290734824
"2019-01-25",53.53,3.07,-0.0328673970532679,-0.00638977635782748
"2019-01-28",51.79,3.05,0.0239118251447786,-0.0358306188925081
"2019-01-29",53.07,2.94,0.0214327090171848,0.019672131147541
"2019-01-30",54.18,3,-0.0064066327491991,-0.0612244897959184
"2019-01-31",53.84,2.82,0.0267626430417127,-0.0399999999999999
"2019-02-01",55.29,2.7,-0.013372956909361,-0.046099290780142
"2019-02-04",54.57,2.57,-0.0159160788569362,-0.011111111111111
"2019-02-05",53.69,2.54,0.00458127176104087,0.0155642023346304
"2019-02-06",53.94,2.58,-0.0234680573663624,0.015748031496063
"2019-02-07",52.68,2.62,0.00129773822766037,0.0155038759689923
"2019-02-08",52.75,2.66,-0.00607441154138193,0.0381679389312976
"2019-02-11",52.43,2.76,0.0134597156398104,-0.0187969924812029
"2019-02-12",53.14,2.71,0.013351134846462,-0.0362318840579711
"2019-02-13",53.84,2.61,0.0105382009785471,0
"2019-02-14",54.4,2.61,0.0219167904903417,-0.00766283524904215
"2019-02-15",55.58,2.59,-0.010845588235294,0.00383141762452116
"2019-02-18",54.99,2.6,0.020331054336092,0.0347490347490347
"2019-02-19",56.12,2.69,0.0141843971631206,0
"2019-02-20",56.9,2.69,0.000890947968638708,0.0148698884758364
"2019-02-21",56.95,2.73,0.00105448154657285,0.00371747211895919
"2019-02-22",57.01,2.74,-0.0296751536435469,0.0366300366300365
"2019-02-25",55.32,2.84,0.00140326258551128,-0.0364963503649634
"2019-02-26",55.4,2.74,0.027476500361533,0.0528169014084507
"2019-02-27",56.92,2.89,0.00523465703971118,0
"2019-02-28",57.21,2.89,-0.025474349964863,0.103806228373702
"2019-03-01",55.76,3.19,0.0146827477713687,0.366782006920415
"2019-03-04",56.6,4.25,-0.000896700143472099,-0.335423197492163
"2019-03-05",56.55,3.18,-0.00583038869257948,0
"2019-03-06",56.22,3.18,0.0067197170645447,-0.0880503144654089
"2019-03-07",56.6,2.9,-0.0147634293845606,0
"2019-03-08",55.77,2.9,0.0180212014134275,-0.0137931034482759
"2019-03-11",56.79,2.86,0.00179307871615566,-0.0103448275862068
"2019-03-12",56.89,2.83,0.0243000528262018,0.013986013986014
"2019-03-13",58.27,2.87,0.00562489013886448,0.0282685512367491
"2019-03-14",58.59,2.95,-0.001372919169384,0
"2019-03-15",58.51,2.95,0.00989930022188096,-0.016949152542373
"2019-03-18",59.09,2.9,0.00051273286617662,0.00677966101694916
"2019-03-19",59.12,2.92,0.016923337282112,-0.0206896551724138
"2019-03-20",60.12,2.86,-0.00236806495263871,0
"2019-03-21",59.98,2.86,-0.0184630738522954,-0.0384615384615384
"2019-03-22",58.87,2.75,-0.00266755585195059,-0.0104895104895104
"2019-03-25",58.71,2.72,0.0197044334975369,0.00727272727272728
"2019-03-26",59.87,2.74,-0.00817577925396009,-0.0183823529411766
"2019-03-27",59.39,2.69,-0.00167028561884085,0
"2019-03-28",59.29,2.69,0.0151540663411348,0.0148698884758364
"2019-03-29",60.19,2.73,0.0236127508854783,0
"2019-04-01",61.59,2.73,0.0156172121614886,0.0109890109890109
"2019-04-02",62.53,2.76,-0.00113654814093197,-0.00732600732600717
"2019-04-03",62.46,2.74,-0.00543739005277472,-0.0289855072463768
"2019-04-04",62.12,2.66,0.0156900416266411,-0.0145985401459854
"2019-04-05",63.1,2.62,0.0204443013522216,0.037593984962406
"2019-04-08",64.37,2.72,-0.00507131537242484,-0.00381679389312986
"2019-04-09",64.05,2.71,0.00885505670343339,0.00367647058823538
"2019-04-10",64.62,2.72,-0.015768930523029,0
"2019-04-11",63.61,2.72,0.00386877127824203,0.0110294117647058
"2019-04-12",63.86,2.75,-0.00675994340512498,0
"2019-04-15",63.43,2.75,0.00908236767929855,-0.0327272727272727
"2019-04-16",64.01,2.66,-0.00425666088601613,-0.0400000000000001
"2019-04-17",63.74,2.55,0.00437431651304474,-0.00375939849624052
"2019-04-18",64.02,2.54,-0.00219642296830865,0.00196078431372545
"2019-04-19",63.88,2.545,0.0278038113089659,0.0255905511811023
"2019-04-22",65.66,2.61,0.00907952410770191,-0.031434184675835
"2019-04-23",66.24,2.53,-0.00426439232409383,0
"2019-04-24",65.96,2.53,-0.011020531400966,0.00395256916996057
"2019-04-25",65.23,2.54,-0.0294117647058824,0.0158102766798419
"2019-04-26",63.29,2.58,0.00153303694619042,0
"2019-04-29",63.39,2.58,0.00695212513825245,0.00387596899224798
"2019-04-30",63.83,2.59,-0.00441710048903614,0
"2019-05-01",63.55,2.59,-0.0281999060003133,0.0154440154440155
"2019-05-02",61.75,2.63,0.00361919748229735,-0.0154440154440155
"2019-05-03",61.98,2.59,0.00518218623481782,-0.0190114068441064
"2019-05-06",62.3,2.54,-0.0143594707970313,0
"2019-05-07",61.41,2.54,0.0115569823434993,0.0393700787401575
"2019-05-08",62.13,2.64,-0.0089561960592738,-0.0078740157480315
"2019-05-09",61.58,2.62,0.00112666988572349,0.00757575757575758
"2019-05-10",61.65,2.64,-0.0110425462812601,0.0267175572519083
"2019-05-13",60.97,2.71,0.0137875101378751,-0.00378787878787871
"2019-05-14",61.82,2.7,0.00344431687715271,-0.00369003690036909
"2019-05-15",62.03,2.69,0.0145583953413135,-0.0259259259259259
"2019-05-16",62.93,2.62,-0.00257939706593578,-0.00371747211895919
"2019-05-17",62.77,2.61,0.00556173526140147,0.0343511450381681
"2019-05-20",63.12,2.7,-0.00159311773140026,0.0114942528735631
"2019-05-21",63.02,2.73,-0.0253485424588086,0
"2019-05-22",61.42,2.73,-0.0598222786417011,-0.0622710622710622
"2019-05-23",57.65,2.56,0.0122110061869098,0.0146520146520147
"2019-05-24",58.4,2.6,-0.00650477016478751,-0.00781250000000001
"2019-05-27",58.025,2.58,0.0151541095890411,0.0269230769230769
"2019-05-28",58.91,2.65,-0.00120637656182668,0.0155038759689923
"2019-05-29",58.84,2.69,-0.0402308606348668,0
"2019-05-30",56.47,2.69,-0.0506458191706322,-0.0371747211895911
"2019-05-31",53.49,2.59,-0.00425004427129453,-0.0334572490706319
"2019-06-03",53.25,2.5,0.00467377079828005,-0.0193050193050192
"2019-06-04",53.5,2.45,-0.0362441314553991,0
"2019-06-05",51.57,2.45,0.0190654205607477,-0.0204081632653062
"2019-06-06",52.59,2.4,0.0263719216598798,0.0122448979591838
"2019-06-07",53.95,2.43,-0.0117893135577107,-0.00416666666666676
"2019-06-10",53.33,2.42,-0.000556070435588529,-0.00411522633744847
"2019-06-11",53.3,2.41,-0.0406900431276954,0.00826446280991736
"2019-06-12",51.13,2.43,0.0234521575984991,0
"2019-06-13",52.38,2.43,0.00176021904948164,-0.0246913580246914
"2019-06-14",52.47,2.37,-0.0101183657884689,0.037037037037037
"2019-06-17",51.94,2.46,0.036592338479131,-0.00843881856540085
"2019-06-18",53.86,2.44,-0.0023103581055063,-0.00406504065040642
"2019-06-19",53.74,2.43,0.058299294467137,-0.0204918032786886
"2019-06-20",56.88,2.38,0.00874581317454408,-0.0452674897119341
"2019-06-21",57.35,2.27,0.00668073136427559,0.0168067226890756
"2019-06-24",57.73,2.31,-0.0017436791630339,0
"2019-06-25",57.63,2.31,0.0266759050753508,0.0129870129870129
"2019-06-26",59.17,2.34,0.000173520735727885,-0.00865800865800866
"2019-06-27",59.18,2.32,-0.016562447186074,0.0427350427350428
"2019-06-28",58.2,2.42,0.0119972963839134,-0.0387931034482758
"2019-07-01",58.91,2.33,-0.0499999999999999,-0.0123966942148761
"2019-07-02",56,2.3,0.0179935494822611,-0.00429184549356214
"2019-07-03",57.06,2.29,-0.00946428571428573,0.00217391304347821
"2019-07-04",56.53,2.295,0.00464423413950229,-0.00109170305676854
"2019-07-05",56.795,2.2925,0.00981779586060498,0.042483660130719
"2019-07-08",57.35,2.39,0.00387358042081167,0.00872410032715377
"2019-07-09",57.57,2.41,0.0472537053182215,0.0334728033472804
"2019-07-10",60.28,2.49,-0.00607955532395347,0.0207468879668049
"2019-07-11",59.93,2.54,0.000995355009953588,0
"2019-07-12",59.99,2.54,-0.0115134323377274,-0.00393700787401584
"2019-07-15",59.3,2.53,-0.0310051675279213,0
"2019-07-16",57.44,2.53,-0.0158516020236087,-0.0355731225296442
"2019-07-17",56.5,2.44,-0.0247214484679666,-0.0237154150197629
"2019-07-18",55.08,2.38,0.00601769911504431,-0.0327868852459017
"2019-07-19",55.42,2.3,0.0081699346405228,0.0126050420168068
"2019-07-22",55.87,2.33,0.0128112594731144,0.00434782608695643
"2019-07-23",56.58,2.34,-0.0121711115088598,-0.00429184549356214
"2019-07-24",55.9,2.33,-0.000353481795687452,-0.02991452991453
"2019-07-25",55.88,2.26,0.00286225402504466,-0.0128755364806866
"2019-07-26",56.04,2.23,0.0144953471725126,0
"2019-07-29",56.85,2.23,0.0212348322626695,-0.00448430493273533
"2019-07-30",58.04,2.22,0.00861917326297277,0.0269058295964124
"2019-07-31",58.53,2.28,-0.0842522398345968,0.0360360360360361
"2019-08-01",53.64,2.36,0.0346830685118743,-0.105263157894737
"2019-08-02",55.67,2.12,-0.0193885160328113,-0.0423728813559322
"2019-08-05",54.63,2.02,-0.0185018861146039,0.0613207547169811
"2019-08-06",53.6,2.15,-0.0450302031850632,0.014851485148515
"2019-08-07",51.14,2.18,0.0272388059701493,-0.0232558139534885
"2019-08-08",52.6,2.13,0.0353930387172467,-0.018348623853211
"2019-08-09",54.41,2.09,0.0108365019011407,0.0563380281690141
"2019-08-12",54.98,2.21,0.0380444771181768,0.0143540669856461
"2019-08-13",57.05,2.24,-0.0343761367770098,-0.00904977375565612
"2019-08-14",55.16,2.22,-0.0113935144609991,-0.0133928571428573
"2019-08-15",54.51,2.19,0.00580130529369109,0.00450450450450461
"2019-08-16",54.83,2.2,0.0258668134287287,0.0273972602739724
"2019-08-19",56.24,2.26,-0.00109429144628857,0.040909090909091
"2019-08-20",56.18,2.35,-0.00942389758179234,-0.0176991150442478
"2019-08-21",55.65,2.31,-0.00569597721609114,-0.0127659574468086
"2019-08-22",55.33,2.28,-0.0224618149146451,-0.0562770562770562
"2019-08-23",54.08,2.15,-0.00975962407373937,0.0350877192982456
"2019-08-26",53.54,2.23,0.0268121301775148,0.00465116279069778
"2019-08-27",54.99,2.24,0.0143817706387747,0
"2019-08-28",55.76,2.24,0.0165484633569741,0.0535714285714284
"2019-08-29",56.67,2.36,-0.0286944045911048,-0.0133928571428571
"2019-08-30",55.07,2.33,0.0141168166578436,0.00635593220338988
"2019-09-02",55.87,2.345,-0.0355910659161068,0.01931330472103
"2019-09-03",53.91,2.39,0.0413459817433328,0.0383795309168443
"2019-09-04",56.22,2.48,0.00204043776664811,0.00418410041841014
"2019-09-05",56.33,2.49,0.00213447171824981,0
"2019-09-06",56.45,2.49,0.0253861175217468,0.0642570281124497
"2019-09-09",57.88,2.65,-0.00903454384410992,0.00803212851405623
"2019-09-10",57.37,2.67,-0.0295438838977194,-0.0150943396226415
"2019-09-11",55.66,2.63,-0.00923827784556378,-0.00374531835205985
"2019-09-12",55.13,2.62,-0.00664750269493361,-0.00380228136882138
"2019-09-13",54.76,2.61,0.151278795574098,0.0534351145038168
"2019-09-16",63.1,2.75,-0.0701241782322864,-0.0191570881226053
"2019-09-17",59.26,2.7,-0.0169572107765452,0.00727272727272728
"2019-09-18",58.19,2.72,0,-0.025925925925926
"2019-09-19",58.19,2.65,-0.00463997250386658,-0.113970588235294
"2019-09-20",57.92,2.34,0.0132325141776937,0.0792452830188679
"2019-09-23",58.69,2.55,-0.0253798342541436,0
"2019-09-24",57.22,2.55,-0.0143124893508263,-0.0039215686274509
"2019-09-25",56.38,2.54,-0.00244669695910522,0.0117647058823529
"2019-09-26",56.24,2.57,-0.0051436679673643,-0.0629921259842518
"2019-09-27",55.95,2.41,-0.033072546230441,-0.0155642023346304
"2019-09-30",54.09,2.37,-0.00875781948168011,-0.00414937759336109
"2019-10-01",53.6,2.36,-0.0171935662784248,0
"2019-10-02",52.67,2.36,-0.00485074626865681,-0.021186440677966
"2019-10-03",52.41,2.31,0.00816404025061718,-0.0254237288135593
"2019-10-04",52.84,2.25,-0.00152642625453168,0.0476190476190476
"2019-10-07",52.76,2.36,-0.00227100681302039,-0.031111111111111
"2019-10-08",52.64,2.29,-0.000189537528430592,-0.0127118644067798
"2019-10-09",52.63,2.26,0.0178571428571428,0
"2019-10-10",53.57,2.26,0.0226106783203496,-0.0575221238938053
"2019-10-11",54.76,2.13,-0.0222139257046854,0
"2019-10-14",53.57,2.13,-0.0138787436084733,0.0751173708920189
"2019-10-15",52.81,2.29,0.0113869703192085,0.0704225352112676
"2019-10-16",53.42,2.44,0.00889982957773147,-0.0655021834061135
"2019-10-17",53.89,2.29,-0.00262074129539499,-0.0860655737704918
"2019-10-18",53.75,2.08,-0.00872146966041935,0.0218340611353711
"2019-10-21",53.28,2.13,0.0173023255813953,0.0384615384615385
"2019-10-22",54.21,2.21,0.0317192192192192,0.0610328638497652
"2019-10-23",55.9,2.34,0.00387382401770893,-0.00452488687782796
"2019-10-24",56.11,2.33,0.00733452593917717,-0.02991452991453
"2019-10-25",56.52,2.26,-0.0163963642844413,0.0987124463519315
"2019-10-28",55.6,2.49,-0.00460014154281667,0.0530973451327432
"2019-10-29",55.34,2.61,-0.00881294964028781,0.0401606425702812
"2019-10-30",54.85,2.71,-0.0149981929887965,0.00766283524904215
"2019-10-31",54.02,2.73,0.036827711941659,-0.0701107011070111
"2019-11-01",56.04,2.54,0.00536838208071083,0.0842490842490842
"2019-11-04",56.33,2.77,0.0126695217701642,0
"2019-11-05",57.04,2.77,-0.0157997514645837,0.0180505415162454
"2019-11-06",56.15,2.82,0.0133239831697054,0.0072202166064982
"2019-11-07",56.91,2.84,0.00195903829029397,0.0106382978723405
"2019-11-08",57.02,2.87,-0.000966438235810925,-0.00528169014084511
"2019-11-11",56.965,2.855,-0.00517362329007369,-0.0470383275261323
"2019-11-12",56.67,2.72,0.00368647415079436,-0.021015761821366
"2019-11-13",56.88,2.66,-0.00547026645491446,0.00735294117647059
"2019-11-14",56.57,2.68,0.0170534458509142,0.00751879699248121
"2019-11-15",57.54,2.7,-0.0127275941311649,-0.0223880597014926
"2019-11-18",56.82,2.64,-0.0328467153284672,-0.0407407407407409
"2019-11-19",54.93,2.53,0.0313269975360789,0.0113636363636365
"2019-11-20",56.71,2.56,0.0300382304751502,-0.0118577075098815
"2019-11-21",58.36,2.53,-0.0119908305413507,0.0351562500000001
"2019-11-22",57.68,2.62,0.00188485263879368,-0.0434782608695653
"2019-11-25",57.79,2.51,0.00797503467406382,0
"2019-11-26",58.25,2.51,-0.00224952413912446,-0.0199203187250995
"2019-11-27",58.12,2.46,0.00111587982832626,0.00996015936254977
"2019-11-28",58.185,2.485,-0.00111837577426023,-0.0101626016260162
"2019-11-29",58.12,2.46,-0.036951104236487,-0.0684104627766599
"2019-12-02",55.97,2.29,0.00309704060564349,0.0528455284552845
"2019-12-03",56.15,2.42,0.0412721100589602,0.00436681222707434
"2019-12-04",58.46,2.43,-0.000712377560106841,-0.00413223140495877
"2019-12-05",58.42,2.42,0.0133424563804311,-0.0452674897119341
"2019-12-06",59.2,2.31,-0.00359465936323178,-0.0578512396694215
"2019-12-09",58.99,2.17,0.00388513513513508,0.00432900432900443
"2019-12-10",59.22,2.18,-0.00813697236819795,0.0460829493087556
"2019-12-11",58.74,2.28,0.00742992232353931,0
"2019-12-12",59.18,2.28,0.015832482124617,0
"2019-12-13",60.11,2.28,0.00168976005407235,0.0263157894736842
"2019-12-16",60.21,2.34,0.0111462319081684,-0.0175438596491228
"2019-12-17",60.88,2.3,0.000830426839395402,-0.0170940170940171
"2019-12-18",60.93,2.26,0.00607752956636001,-0.0217391304347825
"2019-12-19",61.3,2.21,-0.0142786804529788,0.0265486725663717
"2019-12-20",60.43,2.27,0.00130505709624793,-0.0452488687782806
"2019-12-23",60.51,2.17,0.0109217276187325,-0.026431718061674
"2019-12-24",61.17,2.11,-0.00545364402578083,0.0138248847926268
"2019-12-25",60.84,2.14,0.014386136995259,-0.0236966824644551
"2019-12-26",61.72,2.09,0.00065746219592372,-0.158878504672897
"2019-12-27",61.76,1.75,-0.00162022034996762,0.148325358851675
"2019-12-30",61.66,2.06,-0.00841968911917092,0.017142857142857
"2019-12-31",61.14,2.09,0.00421667207265647,-0.0072815533980581
"2020-01-01",61.4,2.075,-0.00376185803074905,-0.0119617224880384
"2020-01-02",61.17,2.05,0.0298045602605863,0.00481927710843385
"2020-01-03",63,2.06,0.00441392839627273,0.0195121951219512
"2020-01-06",63.27,2.1,-0.00904761904761905,0.0339805825242718
"2020-01-07",62.7,2.17,-0.0482061008376799,-0.0380952380952381
"2020-01-08",59.65,2.09,-0.00143540669856453,-0.0184331797235023
"2020-01-09",59.56,2.05,-0.00905280804694047,0
"2020-01-10",59.02,2.05,-0.0142713230355944,-0.00975609756097562
"2020-01-13",58.17,2.03,0.00288037953236194,0.0585365853658537
"2020-01-14",58.34,2.15,-0.00825167612171229,-0.0689655172413794
"2020-01-15",57.86,2.01,0.0113129928008228,0.0232558139534885
"2020-01-16",58.52,2.06,0.000518492913930073,0.00497512437810935
"2020-01-17",58.55,2.07,-0.000256322624743687,-0.00242718446601937
"2020-01-20",58.535,2.065,-0.00486763450042693,-0.0410628019323671
"2020-01-21",58.25,1.98,-0.0254548560690186,-0.0435835351089589
"2020-01-22",56.76,1.89,-0.0214592274678112,0.0303030303030303
"2020-01-23",55.51,1.95,-0.0250176180408738,-0.0211640211640212
"2020-01-24",54.09,1.91,-0.0180147721131328,0.0615384615384615
"2020-01-27",53.09,2.03,0.00443704936217406,-0.0366492146596858
"2020-01-28",53.33,1.96,-0.000753437558862293,-0.0147783251231527
"2020-01-29",53.29,1.93,-0.0206262891430715,0.00510204081632654
"2020-01-30",52.19,1.94,-0.0114468005254269,-0.0155440414507772
"2020-01-31",51.58,1.91,-0.0291243533243916,-0.00515463917525774
"2020-02-03",50.06,1.9,-0.00911205893757268,-0.00523560209424084
"2020-02-04",49.59,1.89,0.0255693168198161,0
"2020-02-05",50.87,1.89,0.00141157491429724,-0.0158730158730158
"2020-02-06",50.94,1.86,-0.0117947709848633,0.037037037037037
"2020-02-07",50.34,1.93,-0.0147232037691402,-0.043010752688172
"2020-02-10",49.59,1.85,0.00814461660707184,0
"2020-02-11",50,1.85,0.0227868521879412,0.0324324324324323
"2020-02-12",51.13,1.91,0.00559999999999988,0.0216216216216216
"2020-02-13",51.41,1.95,0.0121259534519852,-0.0104712041884817
"2020-02-14",52.03,1.93,-0.0060299552616223,0.00512820512820513
"2020-02-17",51.72,1.94,0.0073034787622526,0.0518134715025907
"2020-02-18",52.1,2.04,0.0233952049497293,-0.0154639175257733
"2020-02-19",53.31,2.01,0.0088291746641075,-0.0147058823529411
"2020-02-20",53.77,1.98,-0.00769086475332965,-0.00995024875621892
"2020-02-21",53.36,1.96,-0.0371954621536173,-0.0101010101010101
"2020-02-24",51.36,1.94,-0.0296101949025487,-0.00510204081632654
"2020-02-25",49.78,1.93,-0.0216121495327103,0.0154639175257732
"2020-02-26",48.67,1.96,-0.030132583366814,-0.0932642487046632
"2020-02-27",47.17,1.78,-0.0480788987055682,0.00510204081632654
"2020-02-28",44.83,1.79,0.0413398346406615,-0.0224719101123596
"2020-03-02",46.78,1.75,0.0109301806825787,0.0167597765363129
"2020-03-03",47.27,1.78,-0.0104745617785379,0.0285714285714286
"2020-03-04",46.78,1.83,-0.0186164586418448,0.0337078651685392
"2020-03-05",45.9,1.89,-0.101752885848653,-0.0710382513661202
"2020-03-06",41.14,1.76,-0.219825708061002,-0.0105820105820106
"2020-03-09",31.05,1.74,0.0831307729703451,0.096590909090909
"2020-03-10",34.47,1.91,-0.0431561996779387,0.0287356321839081
"2020-03-11",33.13,1.96,-0.0455468523353642,-0.0732984293193717
"2020-03-12",31.56,1.82,0.0048294597041956,0.0612244897959183
"2020-03-13",31.72,1.94,-0.0874524714828897,-0.0274725274725275
"2020-03-16",28.96,1.89,-0.0630517023959647,0
"2020-03-17",26.96,1.89,-0.223756906077348,-0.0846560846560846
"2020-03-18",20.48,1.73,0.170994065281899,-0.0264550264550265
"2020-03-19",25.09,1.68,-0.27392578125,0.046242774566474
"2020-03-20",19.48,1.76,0.153447588680749,-0.0357142857142857
"2020-03-23",23.33,1.7,-0.118069815195072,0.0170454545454546
"2020-03-24",21.03,1.73,-0.0120017145306473,0.0411764705882353
"2020-03-25",20.75,1.8,-0.197337137422729,-0.0404624277456648
"2020-03-26",16.6,1.73,-0.0539759036144579,-0.0166666666666667
"2020-03-27",15.48,1.7,-0.083132530120482,-0.0289017341040463
"2020-03-30",14.1,1.65,0.414082687338501,0.0352941176470589
"2020-03-31",20.51,1.71,-0.0163120567375887,-0.0121212121212121
"2020-04-01",20.28,1.69,0.238907849829351,-0.0818713450292397
"2020-04-02",25.18,1.55,0.156804733727811,-0.0295857988165681
"2020-04-03",28.36,1.5,-0.085385226370135,0.0903225806451612
"2020-04-06",26.21,1.64,-0.0941466854724965,0.126666666666667
"2020-04-07",23.54,1.83,0.0545593285005723,0.0182926829268293
"2020-04-08",24.97,1.86,-0.0879354290569244,-0.0655737704918033
"2020-04-09",22.9,1.74,0.0414497396876252,0.0322580645161291
"2020-04-10",23.935,1.8,-0.0687772925764192,0.0344827586206897
"2020-04-13",22.36,1.86,-0.0923334029663673,-0.0555555555555556
"2020-04-14",20.15,1.76,-0.00849731663685142,-0.0430107526881721
"2020-04-15",19.96,1.68,-0.00694789081885859,-0.0511363636363636
"2020-04-16",19.82,1.59,-0.0756513026052105,0.0714285714285714
"2020-04-17",18.31,1.71,-2.78960645812311,0.0440251572327044
"2020-04-20",-36.98,1.78,2.50628072091753,0.0818713450292397
"2020-04-21",8.91,1.92,-0.127906976744186,-0.0112359550561798
"2020-04-22",13.64,1.9,0.159371492704826,-0.0208333333333332
"2020-04-23",15.06,1.86,0.0681818181818182,-0.0263157894736842
"2020-04-24",15.99,1.81,-0.253652058432935,-0.0698924731182796
"2020-04-27",12.17,1.68,0.0143839899937461,0.0662983425414365
"2020-04-28",12.4,1.8,0.216926869350863,-0.0416666666666667
"2020-04-29",15.04,1.73,0.337903225806452,-0.0555555555555556
"2020-04-30",19.23,1.63,0.0325797872340425,0.0346820809248555
"2020-05-01",19.72,1.69,0.0390015600624025,0.0552147239263804
"2020-05-04",20.47,1.78,0.207403651115619,0.0887573964497041
"2020-05-05",24.56,1.93,-0.033219345383488,-0.0168539325842697
"2020-05-06",23.88,1.9,-0.00814332247557,-0.0310880829015543
"2020-05-07",23.68,1.84,0.0439698492462312,-0.0526315789473685
"2020-05-08",24.73,1.74,-0.0299831081081081,-0.0217391304347826
"2020-05-11",24.02,1.7,0.0703598867771938,-0.0517241379310344
"2020-05-12",25.76,1.61,-0.0162364696086595,-0.0294117647058824
"2020-05-13",25.37,1.56,0.0788043478260869,0.0248447204968944
"2020-05-14",27.4,1.6,0.0804099329917226,0.0384615384615384
"2020-05-15",29.44,1.66,0.0872262773722627,0.0687500000000001
"2020-05-18",31.83,1.77,0.0159646739130434,0.0481927710843374
"2020-05-19",32.3,1.85,0.0395852968897268,-0.0112994350282486
"2020-05-20",33.56,1.83,0.0229102167182661,-0.0432432432432433
"2020-05-21",34.3,1.75,-0.0241358760429081,-0.0273224043715847
"2020-05-22",33.49,1.7,0.0118075801749271,0.0142857142857144
"2020-05-25",33.895,1.725,0.0240370259779038,0.038235294117647
"2020-05-26",34.7,1.79,-0.0560554654078774,-0.00579710144927537
"2020-05-27",32.8,1.78,0.0250720461095102,0.00558659217877095
"2020-05-28",33.67,1.79,0.0579268292682926,-0.050561797752809
"2020-05-29",35.57,1.7,-0.00237600237600233,-0.0614525139664804
"2020-06-01",35.49,1.59,0.0390778746134383,-0.00588235294117648
"2020-06-02",36.88,1.58,0.0126796280642433,0.163522012578616
"2020-06-03",37.33,1.84,0.00244034707158361,-0.10126582278481
"2020-06-04",37.42,1.68,0.0554513795874632,0.0652173913043479
"2020-06-05",39.49,1.8,-0.0352752538749332,-0.0714285714285715
"2020-06-08",38.17,1.68,0.0205115219042794,0
"2020-06-09",38.98,1.68,0.0146712077547813,0.0238095238095238
"2020-06-10",39.54,1.72,-0.0797845048742945,0.0297619047619048
"2020-06-11",36.43,1.77,-0.0048052604957005,-0.058139534883721
"2020-06-12",36.24,1.67,0.0227834202580291,-0.0169491525423729
"2020-06-15",37.07,1.64,0.0328366445916114,-0.125748502994012
"2020-06-16",38.26,1.43,-0.009441596978689,0.0731707317073171
"2020-06-17",37.91,1.55,0.0230005227391532,-0.027972027972028
"2020-06-18",38.79,1.51,0.0245317858084938,-0.0129032258064516
"2020-06-19",39.72,1.49,0.0226862593451921,0.0993377483443708
"2020-06-22",40.6,1.64,-0.0050352467270897,-0.0201342281879193
"2020-06-23",40.4,1.61,-0.0613300492610838,0.0182926829268291
"2020-06-24",37.91,1.64,0.0185643564356436,-0.0683229813664595
"2020-06-25",38.66,1.53,-0.00342917436032697,-0.0670731707317074
"2020-06-26",38.53,1.42,0.0294878427315055,0.163398692810458
"2020-06-29",39.67,1.67,-0.0103815208928108,0.0633802816901409
"2020-06-30",39.27,1.76,0.0153768590874716,-0.0419161676646707
"2020-07-01",39.88,1.69,0.0175706646294881,0.0198863636363637
"2020-07-02",40.57,1.725,-0.0086509528585757,-0.0103550295857989
"2020-07-03",40.225,1.7075,0.00702489524279015,0.00144927536231881
"2020-07-06",40.51,1.71,0.00198881292728416,0.0292825768667643
"2020-07-07",40.59,1.76,0.00789928412737579,0.0116959064327485
"2020-07-08",40.91,1.78,-0.0312884947031287,0.0568181818181817
"2020-07-09",39.64,1.88,0.0224883891469079,-0.0505617977528089
"2020-07-10",40.56,1.79,-0.0126135216952573,-0.0212765957446809
"2020-07-13",40.06,1.75,0.00591715976331348,-0.00558659217877095
"2020-07-14",40.3,1.74,0.0224663005491764,0.0114285714285714
"2020-07-15",41.2,1.76,-0.0114143920595534,0.0172413793103448
"2020-07-16",40.74,1.79,-0.00461165048543701,0
"2020-07-17",40.55,1.79,0.006872852233677,-0.0446927374301676
"2020-07-20",40.83,1.71,0.0229346485819975,-0.0279329608938548
"2020-07-21",41.76,1.66,0.00293901542983112,0.0175438596491228
"2020-07-22",41.88,1.69,-0.0213122605363985,0.036144578313253
"2020-07-23",40.99,1.75,0.00573065902578784,0.0118343195266272
"2020-07-24",41.23,1.77,0.00561112466455243,0.0457142857142858
"2020-07-27",41.46,1.85,-0.0138248847926267,-0.0112994350282486
"2020-07-28",40.89,1.83,0.00578871201157747,-0.0324324324324325
"2020-07-29",41.13,1.77,-0.0313034971875765,0.0218579234972678
"2020-07-30",39.85,1.81,0.00607828835399951,0.0112994350282486
"2020-07-31",40.1,1.83,0.0183186951066499,0.0662983425414364
"2020-08-03",40.83,1.95,0.0209476309226934,0.0655737704918032
"2020-08-04",41.67,2.07,0.0142052412441832,0.0820512820512821
"2020-08-05",42.25,2.23,-0.00767938564914808,0.0144927536231883
"2020-08-06",41.93,2.26,-0.018224852071006,-0.0493273542600896
"2020-08-07",41.16,2.15,0.0186024326258049,0.013274336283186
"2020-08-10",41.94,2.18,-0.009961127308066,0.00465116279069758
"2020-08-11",41.53,2.19,0.0255126371006199,-0.0642201834862386
"2020-08-12",42.6,2.05,-0.00818685287743808,0.0639269406392695
"2020-08-13",42.26,2.19,-0.00492957746478875,0.0195121951219512
"2020-08-14",42.05,2.23,0.0198769522006626,0.0410958904109588
"2020-08-17",42.89,2.32,0,0.0582959641255607
"2020-08-18",42.89,2.45,0.00046630916297496,-0.00862068965517242
"2020-08-19",42.91,2.43,-0.00676148286313824,-0.0326530612244898
"2020-08-20",42.62,2.35,-0.0069913773013283,0.0164609053497943
"2020-08-21",42.32,2.39,0.00281557954012195,0.0765957446808509
"2020-08-24",42.44,2.57,0.017249527410208,-0.01255230125523
"2020-08-25",43.17,2.54,0.000942507068802996,-0.00778210116731518
"2020-08-26",43.21,2.52,-0.00764419735927724,0
"2020-08-27",42.88,2.52,0.00185142328164773,-0.0238095238095238
"2020-08-28",42.96,2.46,-0.00816231343283585,-0.0634920634920635
"2020-08-31",42.61,2.3,0.00349162011173181,-0.0325203252032519
"2020-09-01",42.76,2.22,0,-0.0304347826086958
"2020-09-02",42.76,2.15,-0.0320392890551917,0.0765765765765765
"2020-09-03",41.39,2.32,-0.0397567820392891,-0.241860465116279
"2020-09-04",39.69,1.8,0.0205363614399614,0.112068965517241
"2020-09-07",40.54,2.06,-0.0924666162761401,0.161111111111111
"2020-09-08",36.87,2.35,0.0291070547607301,-0.0679611650485437
"2020-09-09",38.05,2.21,-0.0216978573365879,-0.0340425531914894
"2020-09-10",37.25,2.13,0.00210249671484884,-0.0904977375565611
"2020-09-11",37.33,1.93,-0.0026845637583893,0.117370892018779
"2020-09-14",37.23,2.18,0.0283953924457541,0.00518134715025896
"2020-09-15",38.29,2.19,0.0504969110932045,-0.0596330275229357
"2020-09-16",40.17,2.06,0.0214155131888222,-0.187214611872146
"2020-09-17",40.99,1.65,0.00248941996514816,-0.0436893203883494
"2020-09-18",41.09,1.56,-0.0446450353744817,-0.139393939393939
"2020-09-21",39.26,1.33,0.00705767826721828,0.102564102564103
"2020-09-22",39.55,1.49,0.00942435048395325,0.18796992481203
"2020-09-23",39.92,1.74,0.00480404551201006,0.12751677852349
"2020-09-24",40.11,1.93,-0.00125250501001997,-0.0172413793103448
"2020-09-25",40.06,1.9,0.0102218898030416,-0.0362694300518134
"2020-09-28",40.47,1.83,-0.0359460808786819,-0.0473684210526316
"2020-09-29",39.03,1.74,0.0252038547071904,-0.0437158469945356
"2020-09-30",40.05,1.66,-0.0394568280809633,-0.0344827586206896
"2020-10-01",38.51,1.6,-0.0401997503121099,-0.114457831325301
"2020-10-02",36.9,1.41,0.0576473643209556,0.31875
"2020-10-05",39.12,1.92,0.0379403794037942,-0.0425531914893616
"2020-10-06",40.52,1.86,-0.0178936605316974,0.0781249999999998
"2020-10-07",39.82,2.01,0.0301085883514314,-0.279569892473118
"2020-10-08",41.04,1.49,-0.0150678051230538,0.378109452736318
"2020-10-09",40.44,2.25,-0.0297270955165692,0.040268456375839
"2020-10-12",39.22,2.31,0.0200296735905045,-0.0755555555555555
"2020-10-13",40.03,2.14,0.0211626721060683,-0.051948051948052
"2020-10-14",40.86,2.02,-0.000499625281039121,0.0981308411214953
"2020-10-15",40.84,2.23,-0.00342633382280961,-0.0346534653465346
"2020-10-16",40.7,2.16,-0.000244857982370351,0.0627802690582958
"2020-10-19",40.69,2.3,0.0167076167076167,0.125
"2020-10-20",41.37,2.57,-0.0366183337429343,0.165217391304348
"2020-10-21",39.88,2.95,0.0140198211264201,0.0155642023346304
"2020-10-22",40.46,2.99,-0.0183049147442328,-0.0271186440677966
"2020-10-23",39.73,2.91,-0.0331191300049431,0.0769230769230769
"2020-10-26",38.39,3.14,0.023911401963252,-0.0240549828178695
"2020-10-27",39.34,3.07,-0.0539202917426413,0.0222929936305733
"2020-10-28",37.27,3.14,-0.0338078291814948,-0.0260586319218241
"2020-10-29",35.94,3.06,-0.00804936946605841,-0.00955414012738861
"2020-10-30",35.64,3.03,0.0267111853088481,0
"2020-11-02",36.6,3.03,0.0235690235690235,-0.0495049504950495
"2020-11-03",37.44,2.88,0.0418032786885246,-0.0825082508250825
"2020-11-04",38.97,2.63,-0.0109508547008546,0.0208333333333334
"2020-11-05",38.56,2.69,-0.0408006158583527,-0.00760456273764259
"2020-11-06",36.97,2.67,0.0798755186721991,-0.0148698884758364
"2020-11-09",40.05,2.63,0.0305653232350555,0.0411985018726593
"2020-11-10",41.18,2.74,0.00124843945068657,0.00380228136882121
"2020-11-11",41.23,2.75,-0.00801359883438558,0.0218978102189781
"2020-11-12",40.9,2.81,-0.0235265583313121,0.00363636363636356
"2020-11-13",39.93,2.82,0.0295843520782396,-0.0711743772241992
"2020-11-16",41.14,2.62,0.00250438266967196,-0.0248226950354611
"2020-11-17",41.24,2.55,0.00972289742343215,-0.0687022900763358
"2020-11-18",41.64,2.37,-0.00169738118331717,-0.0705882352941177
"2020-11-19",41.57,2.19,0.0100864553314121,0.0126582278481014
"2020-11-20",41.99,2.22,0.0221313447197497,0.004566210045662
"2020-11-23",42.91,2.23,0.0428673493688975,0.108108108108108
"2020-11-24",44.71,2.47,0.0202749941738522,0
"2020-11-25",45.58,2.47,-0.00972936703198379,0
"2020-11-26",45.145,2.47,0.00477182974989017,0
"2020-11-27",45.3625,2.47,-0.00359951268135994,0.170040485829959
"2020-11-30",45.2,2.89,-0.0145494626618904,0
"2020-12-01",44.54,2.89,0.0152654867256637,-0.0484429065743945
"2020-12-02",45.23,2.75,0.00942972608890888,-0.100346020761246
"2020-12-03",45.65,2.46,0.012823347335839,0.00727272727272728
"2020-12-04",46.23,2.48,-0.0111719605695509,-0.0365853658536585
"2020-12-07",45.72,2.39,-0.00173047804455977,-0.0120967741935485
"2020-12-08",45.64,2.36,-0.00349956255468075,0.0376569037656905
"2020-12-09",45.48,2.45,0.028045574057844,0
"2020-12-10",46.76,2.45,-0.00373790677220745,0.036734693877551
"2020-12-11",46.59,2.54,0.00919589392643284,0.0612244897959183
"2020-12-14",47.02,2.69,0.0120197467267653,-0.0236220472440945
"2020-12-15",47.58,2.63,0.00595491280306255,0.0371747211895911
"2020-12-16",47.86,2.73,0.0100882723833544,-0.0114068441064638
"2020-12-17",48.34,2.7,0.0146259924780609,0.0109890109890109
"2020-12-18",49.04,2.73,-0.0258585022755482,-0.0185185185185185
"2020-12-21",47.79,2.68,-0.0157014681892332,0.0293040293040292
"2020-12-22",47.02,2.76,0.0192508893073864,0
"2020-12-23",47.94,2.76,0.00510421097405364,-0.0289855072463767
"2020-12-24",48.18,2.68,-0.00250312891113887,0.0144927536231884
"2020-12-25",48.06,2.72,-0.0116230801162308,-0.123134328358209
"2020-12-28",47.5,2.39,0.00728256346233877,0.00367647058823522
"2020-12-29",47.85,2.4,0.00821052631578949,-0.0167364016736402
"2020-12-30",48.24,2.36,0.00229885057471263,0.00833333333333334
"2020-12-31",48.35,2.38,-0.00114013266998341,-0.00423728813559313
"2021-01-01",48.295,2.37,-0.017063081695967,0.0966386554621849
"2021-01-04",47.47,2.6,0.0478310384097733,0.0717299578059071
"2021-01-05",49.78,2.77,0.0141141773751844,-0.00384615384615393
"2021-01-06",50.45,2.76,0.00361591000401767,0.0180505415162456
"2021-01-07",50.63,2.81,0.0299306243805748,-0.0144927536231884
"2021-01-08",52.14,2.77,0.000197511356902983,-0.0213523131672598
"2021-01-11",52.15,2.71,0.0178365937859609,0.0649819494584838
"2021-01-12",53.08,2.89,-0.00517737296260779,-0.0258302583025831
"2021-01-13",52.81,2.82,0.0124340617935192,0
"2021-01-14",53.47,2.82,-0.0231016852868775,0.0141843971631206
"2021-01-15",52.25,2.86,0.0114082663175612,-0.00709219858156029
"2021-01-18",52.86,2.84,0.000191387559808574,-0.0664335664335664
"2021-01-19",52.87,2.65,0.00548618993567914,-0.0281690140845071
"2021-01-20",53.16,2.57,-0.00302629090221291,-0.0301886792452829
"2021-01-21",53,2.49,-0.0135440180586907,-0.0155642023346304
"2021-01-22",52.28,2.45,0.00943396226415094,0.0722891566265059
"2021-01-25",52.78,2.63,-0.00325172149961748,0.0408163265306123
"2021-01-26",52.61,2.73,0.00378931413414177,0.0152091254752852
"2021-01-27",52.81,2.77,-0.0104542862573656,-0.00366300366300375
"2021-01-28",52.26,2.76,-0.00189358076121949,-0.0288808664259926
"2021-01-29",52.16,2.68,0.0265977803291236,0.0724637681159419
"2021-02-01",53.55,2.88,0.0233895705521474,0.134328358208955
"2021-02-02",54.77,3.24,0.0168067226890756,-0.0798611111111113
"2021-02-03",55.67,3.01,0.00949424867628256,-0.00617283950617271
"2021-02-04",56.19,2.99,0.0109574276989402,0.166112956810631
"2021-02-05",56.8,3.49,0.020466275137925,-0.0301003344481606
"2021-02-08",57.95,3.4,0.0068661971830986,-0.0143266475644699
"2021-02-09",58.34,3.35,0.00603968938740284,0.120588235294118
"2021-02-10",58.69,3.76,-0.00805622214604043,0.817910447761194
"2021-02-11",58.22,6.5,0.0218095075822116,-0.101063829787234
"2021-02-12",59.5,6.12,-0.0109927859841979,0.0292307692307692
"2021-02-15",58.86,6.31,0.0203361344537815,0.818627450980392
"2021-02-16",60.07,11.32,0.017329255861366,1.98732171156894
"2021-02-17",61.09,23.86,-0.0114865989678709,-1.35159010600707
"2021-02-18",60.4,8.56,-0.020952692748404,-0.150880134115675
"2021-02-19",59.12,4.96,0.0422185430463577,-0.210280373831776
"2021-02-22",61.67,3.16,-0.000169147496617137,-0.0443548387096775
"2021-02-23",61.66,2.94,0.0251337765526188,-0.0443037974683545
"2021-02-24",63.21,2.8,0.00356795329224779,-0.0272108843537414
"2021-02-25",63.43,2.72,-0.0297421294099035,-0.0214285714285714
"2021-02-26",61.55,2.66,-0.0159230647958379,0.0147058823529412
"2021-03-01",60.54,2.7,-0.0136474411047928,0.0639097744360902
"2021-03-02",59.7,2.87,0.0269243475388172,-0.00370370370370379
"2021-03-03",61.33,2.86,0.0415410385259632,-0.024390243902439
"2021-03-04",63.81,2.79,0.0370128811348442,-0.0244755244755244
"2021-03-05",66.08,2.72,-0.0164551010813352,-0.0179211469534051
"2021-03-08",65.03,2.67,-0.0152845036319613,-0.0183823529411764
"2021-03-09",64.02,2.62,0.00661233276949111,0
"2021-03-10",64.45,2.62,0.0245235863792564,0.0305343511450382
"2021-03-11",66.02,2.7,-0.00667183863460035,-0.019083969465649
"2021-03-12",65.59,2.65,-0.00348379279006368,-0.0259259259259259
"2021-03-15",65.36,2.58,-0.00823296234182049,-0.030188679245283
"2021-03-16",64.82,2.5,-0.00413096695226432,0.0387596899224807
"2021-03-17",64.55,2.6,-0.0709657513113236,-0.06
"2021-03-18",59.95,2.45,0.0229279628195197,0.0307692307692306
"2021-03-19",61.43,2.53,0.000834028356964089,0.00816326530612245
"2021-03-22",61.48,2.55,-0.0607195181507406,0.00395256916996057
"2021-03-23",57.75,2.56,0.0548145738451529,0
"2021-03-24",61.12,2.56,-0.0458874458874459,-0.015625
"2021-03-25",58.47,2.52,0.0402486910994765,0
"2021-03-26",60.93,2.52,0.00957756114246626,0.0238095238095238
"2021-03-29",61.49,2.58,-0.0154275397997703,-0.011904761904762
"2021-03-30",60.55,2.55,-0.0221174174662547,-0.0116279069767441
"2021-03-31",59.19,2.52,0.0366639141205615,0
"2021-04-01",61.41,2.52,-0.0187531677648251,0
"2021-04-02",60.3,2.52,-0.0255658687510178,-0.0357142857142857
"2021-04-05",58.73,2.43,0.0101160862354893,0.00396825396825388
"2021-04-06",59.34,2.44,0.00732164140984164,-0.00411522633744847
"2021-04-07",59.77,2.43,-0.00269632625547697,0.0163934426229508
"2021-04-08",59.61,2.47,-0.00535385644972395,0.00411522633744847
"2021-04-09",59.29,2.48,0.00687804059721529,0.00809716599190284
"2021-04-12",59.7,2.5,0.0084331253162422,0.0282258064516128
"2021-04-13",60.2,2.57,0.0494137353433835,0.032
"2021-04-14",63.15,2.65,0.0044850498338871,-0.0116731517509727
"2021-04-15",63.42,2.62,-0.00411718131433104,0.0037735849056603
"2021-04-16",63.16,2.63,0.00268054241564178,0.0458015267175573
"2021-04-19",63.33,2.75,-0.0113996200126662,0.00380228136882121
"2021-04-20",62.61,2.76,-0.0200536870361597,-0.0145454545454544
"2021-04-21",61.34,2.72,0.00175690784219772,0.0181159420289854
"2021-04-22",61.45,2.77,0.0119008803390935,0.00735294117647059
"2021-04-23",62.18,2.79,-0.00260374288039051,-0.0216606498194946
"2021-04-26",62.02,2.73,0.0162431650048247,0.0645161290322581
"2021-04-27",63.03,2.91,0.0125765881973557,0.0256410256410256
"2021-04-28",63.81,2.98,0.0188798984610503,-0.0240549828178694
"2021-04-29",65,2.91,-0.0235072872590503,-0.016778523489933
"2021-04-30",63.5,2.86,0.0147692307692307,0.0343642611683849
"2021-05-03",64.46,2.96,0.0198425196850395,0.013986013986014
"2021-05-04",65.72,3,-0.00139621470679496,-0.00337837837837831
"2021-05-05",65.63,2.99,-0.0136944613511867,-0.0300000000000001
"2021-05-06",64.73,2.9,0.00350449489562684,0
"2021-05-07",64.96,2.9,-0.000617951490807849,0.010344827586207
"2021-05-10",64.92,2.93,0.0060036945812808,-0.00689655172413794
"2021-05-11",65.31,2.91,0.0100123228589031,0
"2021-05-12",65.96,2.91,-0.0327668044709844,0.013745704467354
"2021-05-13",63.82,2.95,0.0227410551849605,0
"2021-05-14",65.32,2.95,0.0144155437167033,0.0135593220338983
"2021-05-17",66.24,2.99,-0.0114819350887936,-0.0101694915254238
"2021-05-18",65.49,2.96,-0.0333635265700482,-0.0267558528428094
"2021-05-19",63.28,2.88,-0.0203084440372576,-0.00675675675675676
"2021-05-20",61.95,2.86,0.0262326169405815,-0.00694444444444445
"2021-05-21",63.61,2.84,0.0406779661016948,-0.020979020979021
"2021-05-24",66.13,2.78,0.00220091180631977,0.0316901408450705
"2021-05-25",66.27,2.87,0.0021170421896265,0.0143884892086331
"2021-05-26",66.41,2.91,0.00694130073939955,-0.0209059233449478
"2021-05-27",66.87,2.85,-0.00843246499021235,0.0206185567010309
"2021-05-28",66.31,2.91,0.00418722895169734,-0.0105263157894738
"2021-05-31",66.59,2.88,0.0182476247926405,0.0481099656357389
"2021-06-01",67.8,3.02,0.0148670971617361,0.0243055555555555
"2021-06-02",68.79,3.09,0.000294985250737404,-0.0264900662251656
"2021-06-03",68.81,3.01,0.0110481174589329,0
"2021-06-04",69.57,3.01,-0.00523179770382211,-0.00996677740863781
"2021-06-07",69.21,2.98,0.0129366106080208,0.0431893687707641
"2021-06-08",70.11,3.11,-0.00303424360641517,0.00671140939597316
"2021-06-09",69.9,3.13,0.0062758522322065,0
"2021-06-10",70.34,3.13,0.00944206008583686,0.0319488817891374
"2021-06-11",71,3.23,-0.000852999715666794,0.0415335463258786
"2021-06-14",70.94,3.36,0.015774647887324,-0.0154798761609907
"2021-06-15",72.06,3.31,-0.000422892585283354,-0.0178571428571429
"2021-06-16",72.03,3.25,-0.0134610047182903,-0.00302114803625371
"2021-06-17",71.06,3.24,0.00805220047202552,-0.00307692307692315
"2021-06-18",71.64,3.23,0.0281452293836195,-0.0246913580246914
"2021-06-21",73.64,3.15,-0.00683975432719144,0.0185758513931889
"2021-06-22",73.15,3.21,-0.000543183052688841,0.0476190476190476
"2021-06-23",73.11,3.36,0.00273410799726593,-0.0186915887850467
"2021-06-24",73.31,3.3,0.0123102174805087,0.0297619047619048
"2021-06-25",74.21,3.4,-0.0167780657481925,0.0666666666666667
"2021-06-28",72.98,3.62,0.00215604365988407,0.038235294117647
"2021-06-29",73.14,3.75,0.00520690600164422,0.0110497237569061
"2021-06-30",73.52,3.79,0.0247470604320482,-0.00800000000000007
"2021-07-01",75.33,3.76,0.000544069640914122,-0.0237467018469657
"2021-07-02",75.37,3.67,-0.000265498473383914,0.011968085106383
"2021-07-05",75.35,3.715,-0.0229534297465834,-0.00953678474114433
"2021-07-06",73.62,3.68,-0.0185799601857997,-0.00538358008075371
"2021-07-07",72.22,3.66,0.0103232817169248,-0.0271739130434783
"2021-07-08",72.98,3.56,0.0218775962337302,0.040983606557377
"2021-07-09",74.56,3.71,-0.0047958344751988,-0.00280898876404488
"2021-07-12",74.21,3.7,0.0138143776824034,0.0215633423180592
"2021-07-13",75.24,3.78,-0.0293760948659209,0.00540540540540541
"2021-07-14",73.06,3.8,-0.0184742158426369,-0.0317460317460317
"2021-07-15",71.67,3.68,0.00123186422118811,0.00526315789473685
"2021-07-16",71.76,3.7,-0.0740895772289661,0.0135869565217391
"2021-07-19",66.45,3.75,0.0121237458193979,0.0189189189189189
"2021-07-20",67.32,3.82,0.0442437923250566,0.032
"2021-07-21",70.26,3.94,0.0280748663101604,0.0209424083769633
"2021-07-22",72.15,4.02,0.00128095644748063,0.0228426395939088
"2021-07-23",72.24,4.11,-0.0012474012474011,-0.00497512437810957
"2021-07-26",72.15,4.09,-0.00650609080841637,0.0145985401459855
"2021-07-27",71.68,4.15,0.00956340956340953,-0.0122249388753058
"2021-07-28",72.37,4.1,0.0174386160714286,-0.0168674698795179
"2021-07-29",73.62,4.03,0.00428354290451848,-0.0219512195121952
"2021-07-30",73.93,3.94,-0.0355881553925564,0.0198511166253101
"2021-08-02",71.31,4.02,-0.00906262680914381,0.0101522842639594
"2021-08-03",70.64,4.06,-0.0343570326742393,0.0348258706467663
"2021-08-04",68.19,4.2,0.0128822197055492,0.0172413793103447
"2021-08-05",69.1,4.27,-0.0123185217773866,-0.0142857142857142
"2021-08-06",68.26,4.21,-0.0246020260492041,0.00702576112412184
"2021-08-09",66.56,4.24,0.0259302666276003,-0.0285035629453682
"2021-08-10",68.33,4.12,0.0145733173076923,-0.0117924528301886
"2021-08-11",69.3,4.07,-0.00263427484267514,0.0072815533980581
"2021-08-12",69.12,4.1,-0.010966810966811,-0.0368550368550367
"2021-08-13",68.36,3.95,-0.0133101851851852,-0.00487804878048781
"2021-08-16",67.44,3.93,-0.0137507314218841,-0.00253164556962031
"2021-08-17",66.5,3.92,-0.0169039145907473,-0.0152671755725191
"2021-08-18",65.36,3.86,-0.0251127819548872,-0.00765306122448975
"2021-08-19",63.69,3.83,-0.02203182374541,0.0284974093264248
"2021-08-20",62.25,3.94,0.053383576699639,-0.0026109660574412
"2021-08-23",65.65,3.93,0.0297188755020079,0.0050761421319797
"2021-08-24",67.5,3.95,0.0158415841584159,0.0203562340966921
"2021-08-25",68.54,4.03,-0.0165925925925927,0.010126582278481
"2021-08-26",67.42,4.07,0.0207178290049606,0.0694789081885854
"2021-08-27",68.84,4.35,0.0065262533372886,-0.0245700245700245
"2021-08-30",69.28,4.25,-0.0123474723997675,0.0183908045977012
"2021-08-31",68.43,4.33,0.00288683602771346,0.0282352941176471
"2021-09-01",68.63,4.45,0.0210434020166593,0.0461893764434181
"2021-09-02",70.07,4.65,-0.0106367477779395,0.0269662921348313
"2021-09-03",69.34,4.77,0.00520907663764799,-0.0129032258064515
"2021-09-06",69.705,4.71,-0.0175223536198443,0
"2021-09-07",68.49,4.71,0.0124811706477298,-0.0106157112526539
"2021-09-08",69.36,4.66,-0.0160607387939844,0.0658174097664543
"2021-09-09",68.26,4.97,0.0224913494809687,0.0343347639484979
"2021-09-10",69.82,5.13,0.0105479050688546,0.0160965794768612
"2021-09-13",70.54,5.21,-0.000143225436837656,0.0350877192982456
"2021-09-14",70.53,5.39,0.0292032889140913,0.0518234165067179
"2021-09-15",72.59,5.66,0.00141783638168147,-0.0259740259740261
"2021-09-16",72.69,5.52,-0.00826560132249613,-0.0353356890459363
"2021-09-17",72.09,5.32,-0.0231118448204706,-0.0126811594202899
"2021-09-20",70.41,5.25,0.0013871549452075,-0.0545112781954887
"2021-09-21",70.51,4.96,0.0264167021729868,-0.00761904761904763
"2021-09-22",72.37,4.92,0.0150333286058715,0.00403225806451622
"2021-09-23",73.43,4.94,0.0103634102528672,0.0325203252032519
"2021-09-24",74.18,5.1,0.0185210404466839,0.0870445344129556
"2021-09-27",75.54,5.53,-0.00134807225667307,0.0803921568627451
"2021-09-28",75.44,5.94,-0.00503044744506216,-0.0379746835443038
"2021-09-29",75.06,5.73,0.00212089077412509,-0.0252525252525253
"2021-09-30",75.22,5.58,0.0105249134026113,0.00523560209424088
"2021-10-01",76.01,5.61,0.0222015421430471,0.0340501792114694
"2021-10-04",77.68,5.8,0.0196026838573871,0.101604278074866
"2021-10-05",79.17,6.37,-0.0194387229660145,-0.0637931034482759
"2021-10-06",77.66,6,0.0101048376910446,-0.0455259026687598
"2021-10-07",78.46,5.71,0.0140355395312903,-0.0416666666666667
"2021-10-08",79.55,5.46,0.0138924292633189,0
"2021-10-11",80.64,5.46,0.00138277812696417,-0.021978021978022
"2021-10-12",80.75,5.34,-0.000992063492063471,0.0402930402930402
"2021-10-13",80.67,5.56,0.00941176470588242,0.0674157303370787
"2021-10-14",81.43,5.92,0.0119003346969133,-0.0863309352517985
"2021-10-15",82.39,5.44,0.00282451185066933,-0.0726351351351352
"2021-10-18",82.62,5.01,0.0069183153295302,-0.036764705882353
"2021-10-19",83.19,4.81,0.014645364318567,0.0119760479041917
"2021-10-20",84.4,4.87,-0.0211563889890612,0.0145530145530146
"2021-10-21",82.64,4.94,0.02239336492891,0.0328542094455851
"2021-10-22",84.53,5.1,0.00133107454017424,0.125506072874494
"2021-10-25",84.64,5.72,0.0118301194842068,-0.0254901960784314
"2021-10-26",85.64,5.59,-0.0352079395085067,0.055944055944056
"2021-10-27",82.66,5.91,0.00140121438580108,-0.041144901610018
"2021-10-28",82.78,5.68,0.00871037986934429,-0.0321489001692047
"2021-10-29",83.5,5.49,0.00700652331481032,-0.0475352112676057
"2021-11-01",84.08,5.22,-0.0020359281437126,0.0200364298724955
"2021-11-02",83.91,5.33,-0.0367507136060895,0.0498084291187739
"2021-11-03",80.82,5.59,-0.0231200095340245,0.0262664165103191
"2021-11-04",78.88,5.73,0.0293244246473646,-0.039355992844365
"2021-11-05",81.25,5.51,0.00900101419878288,0.00349040139616064
"2021-11-08",81.96,5.53,0.0265846153846155,-0.0816696914700545
"2021-11-09",84.12,5.08,-0.035261102977062,-0.0940325497287523
"2021-11-10",81.23,4.56,0.00285306704707555,0.0492125984251968
"2021-11-11",81.47,4.81,-0.00738643358365129,0.0350877192982456
"2021-11-12",80.87,4.97,-0.000245489137105809,-0.0415800415800416
"2021-11-15",80.85,4.77,-0.00111289724248781,0.0684104627766601
"2021-11-16",80.76,5.11,-0.0301793444650589,-0.0607966457023061
"2021-11-17",78.32,4.82,0.0074294205052007,0.025440313111546
"2021-11-18",78.92,4.95,-0.0358784473953014,-0.0103734439834025
"2021-11-19",76.11,4.9,0.00798276735935118,-0.0141414141414142
"2021-11-22",76.74,4.83,0.0207594271449218,0.0244897959183674
"2021-11-23",78.32,4.95,0,-0.0041407867494825
"2021-11-24",78.32,4.93,0,0.00202020202020216
"2021-11-25",78.32,4.94,0,-0.00101419878296162
"2021-11-26",78.32,4.935,-0.107763023493361,-0.00708502024291483
"2021-11-29",69.88,4.9,-0.047752808988764,-0.0770010131712261
"2021-11-30",66.14,4.52,-0.0100171722953635,-0.0428571428571428
"2021-12-01",65.44,4.31,0.0175385545811914,-0.0508849557522123
"2021-12-02",66.6,4.08,-0.00320904645476763,-0.0672853828306265
"2021-12-03",66.39,3.79,0.0484984984984986,-0.0318627450980392
"2021-12-06",69.62,3.66,0.0349450218406385,-0.0158311345646438
"2021-12-07",71.94,3.6,0.00703820741166344,0.0519125683060109
"2021-12-08",72.43,3.79,-0.0216847372810676,-0.0333333333333334
"2021-12-09",70.87,3.67,0.0115974043904458,-0.00527704485488127
"2021-12-10",71.71,3.65,-0.00733737829829259,0.108991825613079
"2021-12-13",71.19,4.05,-0.00864593501603688,-0.0931506849315068
"2021-12-14",70.57,3.71,0.00449501334457097,0.0197530864197531
"2021-12-15",70.89,3.79,0.0205469746351141,-0.032345013477089
"2021-12-16",72.34,3.67,-0.0198899703766398,0.0105540897097625
"2021-12-17",70.93,3.71,-0.0309648880287532,0.0544959128065396
"2021-12-20",68.69,3.91,0.0339771605808543,0.013477088948787
"2021-12-21",71.1,3.96,0.0250400349395836,-0.00255754475703319
"2021-12-22",72.82,3.95,0.0150492264416316,-0.0984848484848485
"2021-12-23",73.89,3.56,-0.00734688272452618,0.0493670886075949
"2021-12-24",73.355,3.755,0.0288943023413181,-0.0856741573033707
"2021-12-27",75.49,3.45,0.00708881466839357,-0.0346205059920107
"2021-12-28",76.01,3.32,0.00755066896277644,0.0231884057971015
"2021-12-29",76.58,3.4,0.00328904091566899,0.126506024096386
"2021-12-30",76.83,3.82,-0.0195873596239227,0
"2021-12-31",75.33,3.82,0.00859039437719636,-0.0209424083769633
"2022-01-03",75.99,3.74,0.0134076729058809,-0.00261780104712048
"2022-01-04",77,3.73,0.0109224898012896,0.0133689839572192
"2022-01-05",77.83,3.78,0.0212987012987013,0.0428954423592494
"2022-01-06",79.47,3.94,-0.00603880251830912,-0.0291005291005291
"2022-01-07",79,3.83,-0.0111991946646533,0.083756345177665
"2022-01-10",78.11,4.16,0.0387341772151899,0
"2022-01-11",81.17,4.16,0.0171552938164128,0.110576923076923
"2022-01-12",82.51,4.62,-0.00665270420105958,0.0384615384615385
"2022-01-13",81.97,4.78,0.0224215246636771,-0.0887445887445888
"2022-01-14",83.82,4.37,-0.011284616323045,0.0428870292887029
"2022-01-17",82.895,4.575,0.030124075399666,-0.00572082379862708
"2022-01-18",85.42,4.55,0.0171301043488751,0.0743169398907104
"2022-01-19",86.84,4.89,-0.0064387731210489,-0.0967032967032966
"2022-01-20",86.29,4.45,-0.0130124366651314,-0.0695296523517382
"2022-01-21",85.16,4.11,-0.00788040329122717,0.0202247191011236
"2022-01-24",84.48,4.2,0.0250117426021606,0.00973236009732361
"2022-01-25",86.61,4.24,0.0203598484848485,0.0452380952380951
"2022-01-26",88.33,4.43,-0.00831312781434013,0
"2022-01-27",87.61,4.43,0.000679270915883644,0.284424379232506
"2022-01-28",87.67,5.69,0.017007190959936,-0.0293453724604968
"2022-01-31",89.16,5.56,-0.0107220257784875,-0.0193321616871704
"2022-02-01",88.22,5.45,-0.000672947510094238,0.224820143884892
"2022-02-02",88.16,6.7,0.0227839492178645,-0.157798165137615
"2022-02-03",90.17,5.84,0.0238203266787658,-0.0746268656716418
"2022-02-04",92.27,5.34,-0.0113119662859044,-0.154109589041096
"2022-02-07",91.25,4.44,-0.0209168743903761,-0.0262172284644196
"2022-02-08",89.32,4.3,0.00273972602739726,-0.0382882882882883
"2022-02-09",89.57,4.13,0.00291088222122711,-0.0232558139534883
"2022-02-10",89.83,4.03,0.0365077592944066,0.00242130750605322
"2022-02-11",93.1,4.04,0.0269397751308026,0.00248138957816372
"2022-02-14",95.52,4.05,-0.0370569280343717,0.0643564356435643
"2022-02-15",92.07,4.31,0.018425460636516,0.0197530864197531
"2022-02-16",93.83,4.39,-0.0222656674269577,0.0417633410672855
"2022-02-17",91.78,4.57,-0.00554193754662684,0.0091116173120729
"2022-02-18",91.26,4.61,0.0028328611898016,-0.00437636761487975
"2022-02-21",91.52,4.59,0.00646504492658343,-0.0238611713665942
"2022-02-22",92.11,4.48,0.000327797202797215,0.0239651416122003
"2022-02-23",92.14,4.59,0.00683964824666155,0.0424107142857144
"2022-02-24",92.77,4.78,-0.0118298241805946,-0.0326797385620916
"2022-02-25",91.68,4.63,0.047968093133556,-0.0355648535564853
"2022-02-28",96.13,4.46,0.0821335078534031,-0.0215982721382289
"2022-03-01",103.66,4.36,0.0736502652657859,0.0650224215246637
"2022-03-02",110.74,4.65,-0.0294231140266255,-0.00458715596330286
"2022-03-03",107.69,4.63,0.0729636987538378,0.0236559139784947
"2022-03-04",115.77,4.74,0.0324078373107996,0.0410367170626349
"2022-03-07",119.26,4.93,0.0378336356569059,-0.0675105485232066
"2022-03-08",123.64,4.61,-0.124350159315781,-0.0121703853955376
"2022-03-09",108.81,4.55,-0.0232934325461015,0.0216919739696314
"2022-03-10",105.93,4.65,0.031063321385902,0.0307692307692307
"2022-03-11",109.31,4.79,-0.0574907958085528,-0.0430107526881721
"2022-03-14",103.22,4.59,-0.062208398133748,-0.0271398747390396
"2022-03-15",96.42,4.46,-0.0152102305754699,0.0479302832244008
"2022-03-16",94.85,4.68,0.0842148931756897,0.0269058295964126
"2022-03-17",102.97,4.8,0.0181338956246705,0.014957264957265
"2022-03-18",104.69,4.87,0.0723511702437604,-0.0208333333333334
"2022-03-21",112.14,4.77,-0.0106027318750597,0.0472279260780288
"2022-03-22",111.03,5,0.0344212591403603,0.0545073375262054
"2022-03-23",114.89,5.26,-0.00621453661172654,-0.0139999999999999
"2022-03-24",114.2,5.19,0.0174079554356341,0.0608365019011406
"2022-03-25",116.2,5.51,-0.0757443082311734,0.00192678227360304
"2022-03-28",107.55,5.52,-0.0283993115318416,-0.0362976406533574
"2022-03-29",104.25,5.32,0.0331008833100884,0
"2022-03-30",107.81,5.32,-0.069832134292566,0.0263157894736842
"2022-03-31",100.53,5.46,-0.0112234486596791,-0.00563909774436095
"2022-04-01",99.32,5.43,0.0394906992937433,0.0531135531135531
"2022-04-04",103.29,5.72,-0.0131896898912606,0.0423572744014734
"2022-04-05",101.98,5.95,-0.0541194694549327,0.0594405594405594
"2022-04-06",96.39,6.29,-0.00333398705628558,-0.0403361344537815
"2022-04-07",96.05,6.05,0.023861396410416,0.0524642289348172
"2022-04-08",98.35,6.38,-0.0429984383133784,-0.00495867768595045
"2022-04-11",94.22,6.35,0.0640569395017793,0.0376175548589342
"2022-04-12",100.52,6.59,0.0396943324135004,0.0141732283464567
"2022-04-13",104.26,6.68,0.02566653402308,0.0394537177541731
"2022-04-14",106.84,6.94,-0.0123729138691733,-0.0194610778443115
"2022-04-15",105.55,6.81,0.0251778360164732,0.096541786743516
"2022-04-18",108.24,7.48,-0.0540028422548554,-0.00587371512481645
"2022-04-19",102.54,7.44,0.000184774575018441,-0.0427807486631016
"2022-04-20",102.56,7.12,0.0129705480787985,-0.0322580645161291
"2022-04-21",103.89,6.88,-0.0100429017160687,-0.0407303370786517
"2022-04-22",102.86,6.59,-0.0313793435364328,-0.0247093023255814
"2022-04-25",99.6,6.42,0.029360295547346,0.0713201820940819
"2022-04-26",102.62,6.89,-0.00662650602409649,0.00311526479750786
"2022-04-27",101.96,6.91,0.0342038588969012,0.0087082728592162
"2022-04-28",105.47,6.97,-0.00863083562181243,-0.0188133140376266
"2022-04-29",104.59,6.84,0.0055940077747227,0.0659971305595409
"2022-05-02",105.18,7.3,-0.025337030308825,0.0789473684210526
"2022-05-03",102.53,7.84,0.0504848830576155,0.0630136986301371
"2022-05-04",107.84,8.3,0.00321857017458303,0.0153061224489795
"2022-05-05",108.17,8.42,0.0143731454005934,-0.00843373493975907
"2022-05-06",109.72,8.35,-0.0613848571692706,-0.0344418052256531
"2022-05-09",103.08,8.06,-0.0304411228581845,-0.153293413173653
"2022-05-10",99.74,6.78,0.0558789289871945,0.0930521091811414
"2022-05-11",105.5,7.53,0.00651694405454187,-0.0412979351032449
"2022-05-12",106.15,7.25,0.0414218009478672,0.0664010624169987
"2022-05-13",110.52,7.75,0.0334432406971267,0.0441379310344828
"2022-05-16",114.07,8.07,-0.0159247195077813,0.024516129032258
"2022-05-17",112.31,8.26,-0.0231436837029894,0.0334572490706319
"2022-05-18",109.67,8.53,0.0226159736443771,-0.0387409200968521
"2022-05-19",112.21,8.21,0.00382967083067386,-0.0281359906213366
"2022-05-20",112.63,7.97,-0.0205864004990643,0.023142509135201
"2022-05-23",110.32,8.16,0.0197993429814437,0.0890840652446674
"2022-05-24",112.55,8.87,0.00299129804205945,0.0698529411764706
"2022-05-25",112.88,9.44,0.0294091514882275,-0.028184892897407
"2022-05-26",116.19,9.19,-0.0108965272856131,-0.094279661016949
"2022-05-27",114.96,8.3,0.00529305447973155,0.0484221980413491
"2022-05-30",115.575,8.745,-0.0103949199721643,-0.0343373493975902
"2022-05-31",114.38,8.46,0.00761410339606325,0.00114351057747282
"2022-06-01",115.26,8.47,0.0141633152649064,0.0508274231678487
"2022-06-02",116.88,8.9,0.0181329168835676,-0.0661157024793389
"2022-06-03",118.97,8.34,-0.0047912388774812,0.0831460674157304
"2022-06-06",118.41,9.08,0.0095822476254518,0.0239808153477217
"2022-06-07",119.55,9.28,0.0201841060721223,0.0165198237885463
"2022-06-08",121.94,9.43,-0.00351317440401507,-0.136853448275862
"2022-06-09",121.52,8.16,-0.00647859603083477,0.065747613997879
"2022-06-10",120.73,8.78,0.00156352863726134,0.0269607843137256
"2022-06-13",120.92,9,-0.0165658908307794,-0.150341685649203
"2022-06-14",118.92,7.68,-0.0297717499173008,0.00444444444444445
"2022-06-15",115.32,7.72,0.018836192398251,0.0208333333333334
"2022-06-16",117.56,7.88,-0.0693721817551162,-0.0660621761658031
"2022-06-17",109.56,7.37,0.0340251786321878,0.0323604060913705
"2022-06-20",113.56,7.625,-0.0280211756115371,-0.139077340569878
"2022-06-21",110.49,6.6,-0.037601268052131,0.0209836065573771
"2022-06-22",106.22,6.76,-0.00425377862249976,-0.0333333333333333
"2022-06-23",105.75,6.54,0.0312558840143099,-0.109467455621302
"2022-06-24",109.07,5.8,0.0224113475177305,0.0443425076452599
"2022-06-27",111.44,6.09,0.0203539011643898,0.0982758620689656
"2022-06-28",113.66,6.66,-0.0180366116295764,0.00492610837438428
"2022-06-29",111.65,6.69,-0.0342248812247053,-0.0225225225225226
"2022-06-30",107.76,6.54,0.0227496641289744,-0.118086696562033
"2022-07-01",110.3,5.75,-0.0117854491462509,0.0603975535168195
"2022-07-04",109.03,6.145,-0.0678150498640073,-0.0739130434782608
"2022-07-05",101.55,5.72,-0.0113730166009355,-0.0113913751017086
"2022-07-06",100.31,5.65,0.0424421467257509,0.0314685314685314
"2022-07-07",104.62,5.83,0.021533246934503,0.100884955752212
"2022-07-08",106.78,6.4,-0.00659529726629705,0.072041166380789
"2022-07-11",106.09,6.82,-0.0786664169320098,-0.00156250000000011
"2022-07-12",97.69,6.81,0.00706946931850316,-0.0190615835777126
"2022-07-13",98.44,6.68,-0.00665370048111364,0.0323054331864906
"2022-07-14",97.79,6.9,0.0182852498984152,-0.0449101796407187
"2022-07-15",99.59,6.6,0.050005112997239,0.152173913043478
"2022-07-18",104.48,7.65,0.0164675168189577,-0.0454545454545456
"2022-07-19",106.12,7.35,-0.0159839203675345,0.0300653594771242
"2022-07-20",104.45,7.58,-0.0566339992461365,0.0557823129251701
"2022-07-21",98.44,7.99,-0.00698898994734326,0.0343007915567282
"2022-07-22",97.71,8.25,0.0215359609914669,0.0337922403003754
"2022-07-25",99.83,8.52,-0.0213898270391977,0.113939393939394
"2022-07-26",97.74,9.46,0.0229389962936994,-0.0950704225352113
"2022-07-27",100.03,8.65,-0.00941272764477186,0.0105708245243129
"2022-07-28",99.11,8.75,0.0219934019794062,-0.0485549132947977
"2022-07-29",101.31,8.33,-0.0476238522853395,-0.0148571428571429
"2022-08-01",96.59,8.2,0.00542888165037999,-0.0228091236494597
"2022-08-02",97.14,8.01,-0.0402733202194844,-0.024390243902439
"2022-08-03",93.25,7.81,-0.020177064031295,0.073657927590512
"2022-08-04",91.29,8.4,0.00514745308310981,-0.0128040973111395
"2022-08-05",91.77,8.3,0.0191696790448023,-0.0642857142857144
"2022-08-08",93.52,7.76,-0.00370491446006308,0.0132530120481928
"2022-08-09",93.18,7.87,0.0160393498716852,-0.00128865979381441
"2022-08-10",94.68,7.86,0.0251126851255633,0.0851334180432019
"2022-08-11",97.02,8.53,-0.0228136882129277,0.0254452926208653
"2022-08-12",94.86,8.73,-0.0270047412904556,-0.0128956623681127
"2022-08-15",92.24,8.62,-0.0317309719586759,0.0756013745704467
"2022-08-16",89.23,9.28,0.0175628794449262,0.0266821345707657
"2022-08-17",90.85,9.51,0.0263364339347754,-0.00969827586206895
"2022-08-18",93.2,9.42,0.00385250412768293,-0.0294426919032597
"2022-08-19",93.55,9.14,-0.00139484978540768,0.0753715498938428
"2022-08-22",93.42,9.85,0.0324959914484232,-0.0109409190371991
"2022-08-23",96.46,9.75,-0.0100620852065939,-0.0487309644670051
"2022-08-24",95.52,9.27,-0.0227037113829566,0.0205128205128206
"2022-08-25",93.33,9.47,0.00314070351758791,0.00107874865156416
"2022-08-26",93.63,9.48,0.0403942997964214,-0.0253431890179514
"2022-08-29",97.4,9.24,-0.0568193954928977,-0.0147679324894515
"2022-08-30",92.08,9.1,-0.0204312114989733,-0.0183982683982684
"2022-08-31",90.09,8.93,-0.0325803649000869,0.0494505494505496
"2022-09-01",87.09,9.38,0.00222000222000225,-0.0223964165733484
"2022-09-02",87.29,9.18,-0.0011482374555059,0.0106609808102345
"2022-09-05",87.19,9.28,0.00183297055791037,-0.0827886710239651
"2022-09-06",87.35,8.52,-0.0556256451427915,-0.0431034482758621
"2022-09-07",82.5,8.12,0.0176302232398398,0.0176056338028169
"2022-09-08",84.04,8.27,0.039151515151515,0.00492610837438435
"2022-09-09",87.27,8.31,0.0108281770585437,-0.0133010882708587
"2022-09-12",88.18,8.2,-0.00389595508192968,0.0348977135980747
"2022-09-13",87.84,8.49,0.0117940576094352,0.0256097560975609
"2022-09-14",88.88,8.7,-0.0359744990892531,-0.0117785630153121
"2022-09-15",85.72,8.6,-0.00168766876687675,-0.0563218390804598
"2022-09-16",85.57,8.11,0.00676621558562777,-0.0174418604651162
"2022-09-19",86.15,7.96,-0.0170620544583383,0.00616522811344018
"2022-09-20",84.69,8.01,-0.0152060359837493,-0.0025125628140703
"2022-09-21",83.38,7.99,0.00755697248789704,-0.0287141073657928
"2022-09-22",84.02,7.76,-0.0593667546174143,-0.126408010012516
"2022-09-23",79.07,6.75,-0.0226136634134729,0
"2022-09-26",77.17,6.75,0.0220058176299481,0.0118518518518519
"2022-09-27",78.91,6.83,0.0479460930413373,-0.0355555555555556
"2022-09-28",82.61,6.59,-0.0105183120010138,-0.00292825768667637
"2022-09-29",81.78,6.57,-0.0226364846870839,-0.0257966616084977
"2022-09-30",79.91,6.4,0.0506236243580338,-0.115677321156773
"2022-10-03",84.05,5.64,0.0352897009135278,-0.0374999999999999
"2022-10-04",86.87,5.4,0.0160618679357525,0.078014184397163
"2022-10-05",88.22,5.84,0.00782778864970654,0.198148148148148
"2022-10-06",88.9,6.91,0.0472681931534798,-0.113013698630137
"2022-10-07",93.07,6.25,-0.0165354330708661,0.0477568740955138
"2022-10-10",91.6,6.58,-0.0198775115504458,-0.0608
"2022-10-11",89.75,6.2,-0.0209606986899564,0.0607902735562309
"2022-10-12",87.83,6.6,0.0196100278551533,-0.0564516129032257
"2022-10-13",89.59,6.25,-0.0397358533530685,-0.0227272727272728
"2022-10-14",86.1,6.1,-0.00111619600401824,-0.00319999999999993
"2022-10-17",86,6.08,-0.0314750290360046,0.0131147540983607
"2022-10-18",83.29,6.16,0.0315116279069767,-0.087171052631579
"2022-10-19",86,5.63,0.000240124864929716,-0.0860389610389611
"2022-10-20",86.02,5.1,-0.00639534883720927,-0.115452930728241
"2022-10-21",85.47,4.45,0.00755638223668921,0.0705882352941175
"2022-10-24",86.12,4.81,0.0094770094770095,0.0808988764044944
"2022-10-25",86.93,5.17,0.0285647933116581,0.0228690228690229
"2022-10-26",89.39,5.28,-0.00379615782813756,0.00386847195357825
"2022-10-27",89.06,5.3,-0.013536189730395,-0.0530303030303031
"2022-10-28",87.85,5.02,-0.0147091848192229,0
"2022-10-31",86.54,5.02,0.0207171314741035,-0.0896414342629481
"2022-11-01",88.36,4.57,0.0196440952160851,0.00199203187250992
"2022-11-02",90.06,4.58,-0.0217292892711634,0.0153172866520788
"2022-11-03",88.14,4.65,0.0493004663557628,-0.141921397379913
"2022-11-04",92.58,4,-0.00884955752212391,0.133333333333333
"2022-11-07",91.8,4.62,-0.0324044069993519,-0.155
"2022-11-08",88.8,4,-0.032788671023965,-0.116883116883117
"2022-11-09",85.79,3.46,0.00822072072072061,0.335
"2022-11-10",86.52,4.8,0.0305396899405526,0
"2022-11-11",89.14,4.8,-0.0380258899676376,0.3
"2022-11-14",85.85,6.24,0.0114426744446939,-0.0708333333333333
"2022-11-15",86.87,5.9,-0.0145602795573675,-0.00320512820512828
"2022-11-16",85.62,5.88,-0.0452400138137448,0.0542372881355933
"2022-11-17",81.69,6.2,-0.0189208128941837,-0.0170068027210885
"2022-11-18",80.07,6.1,-0.00403966213734849,0.020967741935484
"2022-11-21",79.74,6.23,0.013613088547521,0.00655737704918019
"2022-11-22",80.83,6.27,-0.0363681966390769,0.0481540930979134
"2022-11-23",77.93,6.57,0.0179388840776938,-0.0239234449760766
"2022-11-24",79.38,6.42,-0.037597844219171,0.0228310502283106
"2022-11-25",76.45,6.57,0.00818846056941284,-0.088785046728972
"2022-11-28",77.1,6,0.011249182472204,0.00456621004566214
"2022-11-29",77.96,6.03,0.0326848249027239,0.161666666666667
"2022-11-30",80.48,7,0.0074397126731657,-0.111111111111111
"2022-12-01",81.06,6.33,-0.0149105367793241,-0.201428571428571
"2022-12-02",79.86,4.92,-0.037379718726869,-0.121642969984202
"2022-12-05",76.83,4.15,-0.0328074129727023,0.0873983739837398
"2022-12-06",74.21,4.58,-0.0296759078484965,-0.0216867469879518
"2022-12-07",71.93,4.49,-0.00848942191079382,0.0655021834061135
"2022-12-08",71.3,4.79,-0.00347560127902127,0.0423162583518932
"2022-12-09",71.05,4.98,0.0267882187938288,0.365344467640919
"2022-12-12",72.96,6.73,0.0349049964813512,0.0943775100401606
"2022-12-13",75.44,7.2,0.0233004385964913,-0.0980683506686479
"2022-12-14",77.14,6.54,-0.0165694591728526,0.0361111111111111
"2022-12-15",75.89,6.8,-0.0220378532538243,-0.0259938837920489
"2022-12-16",74.19,6.63,0.0113321913295559,-0.0808823529411764
"2022-12-19",75.05,6.08,0.011726647796199,-0.120663650075415
"2022-12-20",75.92,5.28,0.0299800133244504,0.139802631578947
"2022-12-21",78.17,6.13,-0.00645416227608002,0.183712121212121
"2022-12-22",77.68,7.1,0.0241780734297043,0.00815660685154987
"2022-12-23",79.57,7.15,-0.0121652935118434,-0.00352112676056343
"2022-12-26",78.625,7.125,0.0103682292321227,-0.313986013986014
"2022-12-27",79.45,4.88,-0.00712241653418127,-0.115087719298246
"2022-12-28",78.89,4.06,-0.00578980490874756,-0.0573770491803278
"2022-12-29",78.43,3.78,0.0219292686018505,-0.064039408866995
"2022-12-30",80.16,3.52,-0.0110289430065025,0.0343915343915344
"2023-01-02",79.295,3.65,-0.030251996007984,-0.00284090909090903
"2023-01-03",76.87,3.64,-0.0510750993126933,0.0301369863013698
"2023-01-04",72.82,3.75,0.0102770911929232,0.00824175824175819
"2023-01-05",73.61,3.78,0.00219719857182088,-0.0933333333333332
"2023-01-06",73.77,3.43,0.0124983018611602,0.0582010582010581
"2023-01-09",74.69,3.65,0.00569337128914195,-0.0962099125364432
"2023-01-10",75.11,3.32,0.0314633819788458,0.0246575342465754
"2023-01-11",77.46,3.41,0.011449873518839,0.0180722891566265
"2023-01-12",78.32,3.47,0.0203976245804288,-0.0117302052785924
"2023-01-13",79.9,3.43,-0.0100868232890706,0.00576368876080692
"2023-01-16",79.11,3.45,0.0142678347934919,-0.00583090379008747
"2023-01-17",80.25,3.43,-0.00910125142207052,-0.0666666666666667
"2023-01-18",79.53,3.2,0.00971962616822431,-0.0845481049562682
"2023-01-19",80.31,2.91,0.0120709166352319,0.0749999999999999
"2023-01-20",81.27,3.15,0.00435811231478033,0.0962199312714777
"2023-01-23",81.62,3.43,-0.0216562077027194,-0.0253968253968254
"2023-01-24",79.86,3.35,-0.000980151923548129,-0.0758017492711371
"2023-01-25",79.78,3.09,0.0107688454795893,-0.11044776119403
"2023-01-26",80.64,2.72,-0.0114063675106543,0.0355987055016181
"2023-01-27",79.73,2.83,-0.0218253968253969,-0.00367647058823538
"2023-01-30",77.97,2.82,0.0122914837576822,-0.0600706713780918
"2023-01-31",78.95,2.65,-0.0334744132358599,0
"2023-02-01",76.34,2.65,-0.00595313489550347,0.00754716981132076
"2023-02-02",75.87,2.67,-0.0323552528163479,-0.10188679245283
"2023-02-03",73.4,2.4,0.00935811256095945,-0.0861423220973783
"2023-02-06",74.11,2.17,0.0416893732970028,0.0750000000000001
"2023-02-07",77.17,2.35,0.0175414923761975,0.0230414746543778
"2023-02-08",78.47,2.4,-0.00557211351561478,0
"2023-02-09",78.04,2.4,0.0216643303173186,-0.0124999999999999
"2023-02-10",79.74,2.37,0.00512557662737065,0.0208333333333333
"2023-02-13",80.14,2.42,-0.0132932029094558,0
"2023-02-14",79.08,2.42,-0.00636386323933123,0.0123966942148761
"2023-02-15",78.57,2.45,-0.00151745068285269,0.012396694214876
"2023-02-16",78.45,2.48,-0.0272368588519791,-0.0816326530612246
"2023-02-17",76.31,2.28,0.0136392606755895,0.0403225806451613
"2023-02-20",77.38,2.38,-0.0144148866465731,-0.114035087719298
"2023-02-21",76.28,2.12,-0.0301111398294133,-0.0210084033613447
"2023-02-22",73.95,2.07,0.0171735710540116,0.0471698113207548
"2023-02-23",75.26,2.17,0.012576064908722,0.0917874396135265
"2023-02-24",76.19,2.36,-0.00823810789263891,0.0875576036866359
"2023-02-27",75.57,2.55,0.0171938574616092,-0.021186440677966
"2023-02-28",76.88,2.5,0.00913060738388246,0.0352941176470588
"2023-03-01",77.57,2.59,0.00624349635796051,0.032
"2023-03-02",78.05,2.67,0.0202397834214259,-0.00386100386100378
"2023-03-03",79.62,2.66,0.00986547085201789,-0.0749063670411986
"2023-03-06",80.39,2.46,-0.0369253956292389,0.0225563909774436
"2023-03-07",77.45,2.52,-0.0110710287349173,-0.00813008130081302
"2023-03-08",76.56,2.5,-0.01239509360878,0
"2023-03-09",75.6,2.5,0.0124085684430512,-0.04
"2023-03-10",76.55,2.4,-0.0247354497354496,0
"2023-03-13",74.68,2.4,-0.0457217504898759,0.104166666666667
"2023-03-14",71.18,2.65,-0.0508837707552224,-0.0833333333333332
"2023-03-15",67.38,2.45,0.0108176454060131,0
"2023-03-16",68.15,2.45,-0.0228554467200951,-0.0122448979591838
"2023-03-17",66.61,2.42,0.0139398385913427,-0.0775510204081632
"2023-03-20",67.56,2.23,0.0276234799579643,-0.12396694214876
"2023-03-21",69.4,1.93,0.0193901716992301,0.0448430493273542
"2023-03-22",70.71,2.03,-0.0135446685878962,0.0259067357512955
"2023-03-23",69.77,2.08,-0.00777824918681936,-0.019704433497537
"2023-03-24",69.22,2.04,0.0523147484592232,0
"2023-03-27",72.87,2.04,0.00361167292689974,-0.00980392156862746
"2023-03-28",73.12,2.02,-0.00233292164127901,-0.0392156862745098
"2023-03-29",72.95,1.94,0.0187363238512034,0.00495049504950495
"2023-03-30",74.32,1.95,0.0186429061000687,0.0773195876288661
"2023-03-31",75.68,2.1,0.0635091496232508,-0.00512820512820525
"2023-04-03",80.4,2.09,0.0039640591966173,0.0190476190476191
"2023-04-04",80.7,2.13,-0.0001243781094528,0.0191387559808613
"2023-04-05",80.69,2.17,0.0001239157372987,0.00469483568075128
"2023-04-06",80.7,2.18,-6.19655471559011e-05,-0.00230414746543794
"2023-04-07",80.695,2.175,-0.0112143742255265,-0.0114678899082568
"2023-04-10",79.79,2.15,0.0216865976826321,0.0183908045977012
"2023-04-11",81.54,2.19,0.0215565860383507,0.0139534883720931
"2023-04-12",83.26,2.22,-0.0134903115035566,-0.0821917808219179
"2023-04-13",82.16,2.04,0.00504443910641366,-0.0765765765765765
"2023-04-14",82.58,1.87,-0.0200827653359298,0.166666666666667
"2023-04-17",80.93,2.21,-0.000968757568418655,0.0106951871657754
"2023-04-18",80.85,2.23,-0.0206351167675768,-0.0135746606334841
"2023-04-19",79.18,2.2,-0.0236239950525666,-0.00448430493273553
"2023-04-20",77.27,2.19,0.00745137661025516,0.00454545454545465
"2023-04-21",77.86,2.2,0.010094473922609,-0.00456621004566221
"2023-04-24",78.64,2.19,-0.020421268944259,0.0090909090909091
"2023-04-25",77.05,2.21,-0.034587995930824,-0.00913242009132421
"2023-04-26",74.33,2.19,0.00571057754704734,-0.00904977375565612
"2023-04-27",74.77,2.17,0.0270415713709136,0.045662100456621
"2023-04-28",76.78,2.27,-0.0151130132406045,-0.0138248847926266
"2023-05-01",75.65,2.24,-0.0513154467309197,-0.0528634361233481
"2023-05-02",71.71,2.12,-0.0408460013218769,-0.049107142857143
"2023-05-03",68.62,2.01,-0.00139450564774799,-0.0235849056603773
"2023-05-04",68.52,1.96,0.0408044301952783,-0.0547263681592039
"2023-05-05",71.32,1.85,0.0264156450671337,0.137755102040816
"2023-05-08",73.13,2.12,0.00771172181716225,0.0540540540540541
"2023-05-09",73.68,2.22,-0.0157254204840695,-0.0471698113207548
"2023-05-10",72.53,2.12,-0.0233441910966341,-0.0225225225225226
"2023-05-11",70.81,2.07,-0.0108920446711706,-0.0424528301886792
"2023-05-12",70.02,1.98,0.0148284140658099,0.130434782608696
"2023-05-15",71.07,2.25,-0.00314195944015994,0.0151515151515151
"2023-05-16",70.85,2.28,0.0271563247502463,-0.0133333333333332
"2023-05-17",72.78,2.25,-0.0135497529992944,0.0219298245614034
"2023-05-18",71.82,2.3,-0.00343500961802693,0.0311111111111112
"2023-05-19",71.57,2.37,0.00334168755221399,-0.0304347826086958
"2023-05-22",71.81,2.3,0.0148106748637698,-0.0337552742616032
"2023-05-23",72.87,2.22,0.0208884556468458,0.0130434782608695
"2023-05-24",74.37,2.25,-0.0369150542061205,-0.00900900900900902
"2023-05-25",71.68,2.23,0.00900900900900884,-0.155555555555556
"2023-05-26",72.35,1.88,-0.00467354910714277,0.0784753363228701
"2023-05-29",72.015,2.055,-0.0354526606772633,0.029255319148936
"2023-05-30",69.45,2.11,-0.018607234603902,-0.0048661800486617
"2023-05-31",68.11,2.1,0.0285097192224623,-0.156398104265403
"2023-06-01",70.09,1.77,0.0245191601820585,-0.0142857142857143
"2023-06-02",71.76,1.74,0.00542160079897268,0.101694915254237
"2023-06-05",72.14,1.92,-0.00599219620958761,0.0172413793103448
"2023-06-06",71.71,1.95,0.0112281674521764,0.09375
"2023-06-07",72.52,2.13,-0.0172918700320736,-0.0153846153846153
"2023-06-08",71.28,2.1,-0.0154440154440155,-0.117370892018779
"2023-06-09",70.16,1.85,-0.0432098765432099,0.0238095238095237
"2023-06-12",67.08,1.9,0.0329247434435576,0.0540540540540541
"2023-06-13",69.39,2,-0.0174418604651163,0.0263157894736841
"2023-06-14",68.22,2.05,0.0344430033145987,0.0650000000000002
"2023-06-15",70.61,2.18,0.0175901495162709,-0.0243902439024392
"2023-06-16",71.81,2.13,-0.00849737997450798,0.0114678899082568
"2023-06-19",71.21,2.155,-0.0037599220164322,0.105633802816901
"2023-06-20",70.94,2.38,0.0226091841033563,-0.0649651972157771
"2023-06-21",72.55,2.24,-0.0469410769664505,0.0126050420168066
"2023-06-22",69.22,2.27,-0.00427291523087529,-0.0223214285714285
"2023-06-23",68.91,2.22,0.00260040450736791,0.176211453744493
"2023-06-26",69.09,2.62,-0.020461471484545,0.027027027027027
"2023-06-27",67.68,2.68,0.0269214068606166,0.0114503816793892
"2023-06-28",69.54,2.71,0.00458037825059084,-0.115671641791045
"2023-06-29",69.85,2.4,0.0116479723899914,0.0295202952029521
"2023-06-30",70.66,2.48,-0.0136005726556908,0
"2023-07-03",69.71,2.48,0.0067223322954997,0
"2023-07-04",70.185,2.48,0.0228805049490747,0.0685483870967742
"2023-07-05",71.78,2.65,-0.00028496117403998,-0.0604838709677419
"2023-07-06",71.76,2.5,0.0299526330454164,-0.0037735849056603
"2023-07-07",73.91,2.49,-0.011984392419175,0.0239999999999998
"2023-07-10",73.05,2.55,0.0246245433635504,0.00803212851405623
"2023-07-11",74.87,2.57,0.0123203285420943,-0.00784313725490197
"2023-07-12",75.77,2.55,0.0145585681848538,-0.0194552529182879
"2023-07-13",76.86,2.5,-0.018740926488056,0
"2023-07-14",75.44,2.5,-0.0165235493104345,-0.016
"2023-07-17",74.17,2.46,0.0210763520678686,0.024
"2023-07-18",75.76,2.52,-0.00485371443980045,-0.0040650406504066
"2023-07-19",75.4,2.51,0.00329989440337909,0.0396825396825397
"2023-07-20",75.65,2.61,0.0187002652519893,0
"2023-07-21",77.06,2.61,0.023132848645076,0.0268199233716476
"2023-07-24",78.81,2.68,0.0123280560602129,-0.00766283524904215
"2023-07-25",79.76,2.66,-0.0082476843040224,-0.0223880597014926
"2023-07-26",79.11,2.6,0.0132898696088265,-0.0488721804511278
"2023-07-27",80.17,2.47,0.00480343825053717,0.0230769230769229
"2023-07-28",80.55,2.53,0.0155918672820257,0.0202429149797572
"2023-07-31",81.8,2.58,-0.0053382991930477,-0.0355731225296442
"2023-08-01",81.37,2.49,-0.0228606356968216,-0.0232558139534884
"2023-08-02",79.5,2.43,0.0253164556962026,0.00401606425702803
"2023-08-03",81.56,2.44,0.0150943396226415,0.037037037037037
"2023-08-04",82.76,2.53,-0.0100539480137323,0.0491803278688525
"2023-08-07",81.94,2.65,0.0120831319478009,0.0474308300395257
"2023-08-08",82.94,2.77,0.0172077129607029,0.0566037735849056
"2023-08-09",84.35,2.92,-0.0185676392572943,-0.0324909747292418
"2023-08-10",82.81,2.83,0.00426793123888559,-0.0753424657534247
"2023-08-11",83.17,2.61,-0.00809081028861251,0.0459363957597174
"2023-08-14",82.5,2.74,-0.0173139353132139,-0.0344827586206898
"2023-08-15",81.06,2.65,-0.0201212121212121,-0.0364963503649635
"2023-08-16",79.4,2.55,0.0127066370589687,0.00377358490566046
"2023-08-17",80.43,2.56,0.0103274559193954,-0.0470588235294118
"2023-08-18",81.25,2.44,-0.00671391271913473,0.0625000000000001
"2023-08-21",80.71,2.6,-0.00566153846153838,-0.00819672131147542
"2023-08-22",80.25,2.58,-0.0166026514682196,0.0076923076923077
"2023-08-23",78.91,2.6,0.007601246105919,-0.0697674418604652
"2023-08-24",79.52,2.42,0.0120390318083893,0.0153846153846154
"2023-08-25",80.47,2.46,0.00226358148893369,0.0578512396694215
"2023-08-28",80.65,2.6,0.00608922579843414,-0.0406504065040651
"2023-08-29",81.14,2.5,0.00619962802231866,-0.0076923076923077
"2023-08-30",81.64,2.48,0.0235395612521567,0.032
"2023-08-31",83.55,2.56,0.0241303282704556,0.0564516129032259
"2023-09-01",85.52,2.7,-0.0117893476959904,-0.0273437500000001
"2023-09-04",84.535,2.63,0.0257834424695977,-0.011111111111111
"2023-09-05",86.74,2.6,0.00958183001123798,-0.0418250950570342
"2023-09-06",87.55,2.49,-0.00783952040581038,-0.0153846153846154
"2023-09-07",86.87,2.45,0.00731010850942319,0.0321285140562247
"2023-09-08",87.51,2.53,-0.00241740531829179,-0.0122448979591836
"2023-09-11",87.3,2.5,0.0179408067649412,0.0869565217391305
"2023-09-12",88.87,2.72,-0.0032073310423826,0.0159999999999998
"2023-09-13",88.59,2.76,0.0173286823449982,0.0183823529411766
"2023-09-14",90.13,2.81,0.00790156902584945,-0.0253623188405797
"2023-09-15",90.83,2.74,0.00710085432153557,-0.0711743772241994
"2023-09-18",91.47,2.54,-0.00341296928327648,-0.0291970802919708
"2023-09-19",91.16,2.46,-0.0214277905324149,0.125984251968504
"2023-09-20",89.2,2.78,0.00394910048266783,-0.0325203252032519
"2023-09-21",89.56,2.7,0.00493273542600894,-0.025179856115108
"2023-09-22",90,2.63,-0.00357302367128175,0
"2023-09-25",89.68,2.63,0.0194444444444444,-0.0304182509505704
"2023-09-26",91.43,2.55,0.0249776984834968,0.0646387832699621
"2023-09-27",93.67,2.72,-0.0220934047905501,0.00784313725490197
"2023-09-28",91.65,2.74,-0.00939468346322205,-0.0220588235294118
"2023-09-29",90.77,2.68,-0.0213857064920894,0.00729927007299271
"2023-10-02",88.81,2.7,0.004957585105211,0.00373134328358201
"2023-10-03",89.26,2.71,-0.0556243666253802,0.0777777777777778
"2023-10-04",84.32,2.92,-0.0226305175890656,0
"2023-10-05",82.3,2.92,0.0062855787476281,0.13013698630137
"2023-10-06",82.83,3.3,-0.00321992709599029,-0.0650684931506849
"2023-10-09",82.565,3.11,0.0401424604611856,0.0696969696969697
"2023-10-10",85.89,3.34,-0.0265245564101011,-0.0482315112540193
"2023-10-11",83.7,3.19,-0.00966352311095585,-0.00898203592814366
"2023-10-12",82.87,3.16,0.057347670250896,-0.0156739811912227
"2023-10-13",87.67,3.11,-0.012308434898033,-0.0411392405063291
"2023-10-16",86.65,2.98,0.000114064104026359,-0.0128617363344052
"2023-10-17",86.66,2.94,0.0195037507212925,-0.00671140939597316
"2023-10-18",88.35,2.92,0.0115393491807062,-0.0272108843537415
"2023-10-19",89.35,2.84,-0.00260328239954714,-0.0821917808219177
"2023-10-20",89.12,2.6,-0.0406267487409067,0.0176056338028168
"2023-10-23",85.49,2.65,-0.0102109515260323,0.076923076923077
"2023-10-24",84.58,2.85,0.0174289390571996,0.0037735849056603
"2023-10-25",86.07,2.86,-0.0268384960983684,0.00350877192982464
"2023-10-26",83.8,2.87,0.0260253282212154,0.129370629370629
"2023-10-27",86.04,3.24,-0.0359188544152745,-0.0243902439024391
"2023-10-30",83.03,3.17,-0.0161552766155277,0.0524691358024691
"2023-10-31",81.64,3.34,-0.00710586534987358,-0.0473186119873817
"2023-11-01",81.05,3.19,0.0243753062224401,-0.0209580838323353
"2023-11-02",83.04,3.12,-0.0228254164096238,-0.0376175548589342
"2023-11-03",81.19,3,0.00421483622350685,-0.092948717948718
"2023-11-06",81.54,2.71,-0.0440941002586527,-0.236666666666667
"2023-11-07",77.96,2,-0.0258768702477312,0.0664206642066421
"2023-11-08",75.85,2.18,0.00628527449974358,0.265
"2023-11-09",76.34,2.71,-0.00323005932762036,0
"2023-11-10",76.095,2.71,0.0362195441446162,-0.0369003690036901
"2023-11-13",78.86,2.61,-0.0119587357907878,0.00369003690036893
